obs_id,obsname,starttime_utc,stoptime_utc,projectid,calibration,calibrators,deleted_flag
1073354144,Sun_drift_picketfence,2014-01-10T01:55:28.000Z,2014-01-10T01:59:36.000Z,G0002,False,,False
1073354392,Sun_drift_picketfence,2014-01-10T01:59:36.000Z,2014-01-10T02:03:44.000Z,G0002,False,,False
1073358112,Sun_drift_picketfence,2014-01-10T03:01:36.000Z,2014-01-10T03:05:44.000Z,G0002,False,,False
1073358360,Sun_drift_picketfence,2014-01-10T03:05:44.000Z,2014-01-10T03:09:52.000Z,G0002,False,,False
1073358608,Sun_drift_picketfence,2014-01-10T03:09:52.000Z,2014-01-10T03:14:00.000Z,G0002,False,,False
1073358856,Sun_drift_picketfence,2014-01-10T03:14:00.000Z,2014-01-10T03:18:08.000Z,G0002,False,,False
1073359104,Sun_drift_picketfence,2014-01-10T03:18:08.000Z,2014-01-10T03:22:16.000Z,G0002,False,,False
1073359352,Sun_drift_picketfence,2014-01-10T03:22:16.000Z,2014-01-10T03:26:24.000Z,G0002,False,,False
1073359600,Sun_drift_picketfence,2014-01-10T03:26:24.000Z,2014-01-10T03:30:32.000Z,G0002,False,,False
1073359848,Sun_drift_picketfence,2014-01-10T03:30:32.000Z,2014-01-10T03:34:40.000Z,G0002,False,,False
1073360096,Sun_drift_picketfence,2014-01-10T03:34:40.000Z,2014-01-10T03:38:48.000Z,G0002,False,,False
1073360344,Sun_drift_picketfence,2014-01-10T03:38:48.000Z,2014-01-10T03:42:56.000Z,G0002,False,,False
1073360592,Sun_drift_picketfence,2014-01-10T03:42:56.000Z,2014-01-10T03:47:04.000Z,G0002,False,,False
1073360840,Sun_drift_picketfence,2014-01-10T03:47:04.000Z,2014-01-10T03:51:12.000Z,G0002,False,,False
1073361088,Sun_drift_picketfence,2014-01-10T03:51:12.000Z,2014-01-10T03:55:20.000Z,G0002,False,,False
1073361336,Sun_drift_picketfence,2014-01-10T03:55:20.000Z,2014-01-10T03:59:28.000Z,G0002,False,,False
1073361584,Sun_drift_picketfence,2014-01-10T03:59:28.000Z,2014-01-10T04:03:36.000Z,G0002,False,,False
1081134016,Sun,2014-04-10T03:00:00.000Z,2014-04-10T03:04:00.000Z,G0002,False,,False
1081134256,Sun,2014-04-10T03:04:00.000Z,2014-04-10T03:08:00.000Z,G0002,False,,False
1081134496,Sun,2014-04-10T03:08:00.000Z,2014-04-10T03:12:00.000Z,G0002,False,,False
1081134736,Sun,2014-04-10T03:12:00.000Z,2014-04-10T03:16:00.000Z,G0002,False,,False
1081134976,Sun,2014-04-10T03:16:00.000Z,2014-04-10T03:20:00.000Z,G0002,False,,False
1081135216,Sun,2014-04-10T03:20:00.000Z,2014-04-10T03:24:00.000Z,G0002,False,,False
1081135456,Sun,2014-04-10T03:24:00.000Z,2014-04-10T03:28:00.000Z,G0002,False,,False
1081135696,Sun,2014-04-10T03:28:00.000Z,2014-04-10T03:32:00.000Z,G0002,False,,False
1081135936,Sun,2014-04-10T03:32:00.000Z,2014-04-10T03:36:00.000Z,G0002,False,,False
1081136176,Sun,2014-04-10T03:36:00.000Z,2014-04-10T03:40:00.000Z,G0002,False,,False
1081136416,Sun,2014-04-10T03:40:00.000Z,2014-04-10T03:44:00.000Z,G0002,False,,False
1081136656,Sun,2014-04-10T03:44:00.000Z,2014-04-10T03:48:00.000Z,G0002,False,,False
1081136896,Sun,2014-04-10T03:48:00.000Z,2014-04-10T03:52:00.000Z,G0002,False,,False
1081137136,Sun,2014-04-10T03:52:00.000Z,2014-04-10T03:56:00.000Z,G0002,False,,False
1081137376,Sun,2014-04-10T03:56:00.000Z,2014-04-10T04:00:00.000Z,G0002,False,,False
1081144816,Sun,2014-04-10T06:00:00.000Z,2014-04-10T06:04:00.000Z,G0002,False,,False
1081145056,Sun,2014-04-10T06:04:00.000Z,2014-04-10T06:08:00.000Z,G0002,False,,False
1081145296,Sun,2014-04-10T06:08:00.000Z,2014-04-10T06:12:00.000Z,G0002,False,,False
1081145536,Sun,2014-04-10T06:12:00.000Z,2014-04-10T06:16:00.000Z,G0002,False,,False
1081145776,Sun,2014-04-10T06:16:00.000Z,2014-04-10T06:20:00.000Z,G0002,False,,False
1081146016,Sun,2014-04-10T06:20:00.000Z,2014-04-10T06:24:00.000Z,G0002,False,,False
1081146256,Sun,2014-04-10T06:24:00.000Z,2014-04-10T06:28:00.000Z,G0002,False,,False
1081146496,Sun,2014-04-10T06:28:00.000Z,2014-04-10T06:32:00.000Z,G0002,False,,False
1081146736,Sun,2014-04-10T06:32:00.000Z,2014-04-10T06:36:00.000Z,G0002,False,,False
1081146976,Sun,2014-04-10T06:36:00.000Z,2014-04-10T06:40:00.000Z,G0002,False,,False
1081147216,Sun,2014-04-10T06:40:00.000Z,2014-04-10T06:44:00.000Z,G0002,False,,False
1081147456,Sun,2014-04-10T06:44:00.000Z,2014-04-10T06:48:00.000Z,G0002,False,,False
1081147696,Sun,2014-04-10T06:48:00.000Z,2014-04-10T06:52:00.000Z,G0002,False,,False
1081147936,Sun,2014-04-10T06:52:00.000Z,2014-04-10T06:56:00.000Z,G0002,False,,False
1081148176,Sun,2014-04-10T06:56:00.000Z,2014-04-10T07:00:00.000Z,G0002,False,,False
1081991056,Sun,2014-04-20T01:04:00.000Z,2014-04-20T01:08:00.000Z,G0002,False,,False
1081991296,Sun,2014-04-20T01:08:00.000Z,2014-04-20T01:12:00.000Z,G0002,False,,False
1081991536,Sun,2014-04-20T01:12:00.000Z,2014-04-20T01:16:00.000Z,G0002,False,,False
1081991776,Sun,2014-04-20T01:16:00.000Z,2014-04-20T01:20:00.000Z,G0002,False,,False
1081992016,Sun,2014-04-20T01:20:00.000Z,2014-04-20T01:24:00.000Z,G0002,False,,False
1081992256,Sun,2014-04-20T01:24:00.000Z,2014-04-20T01:28:00.000Z,G0002,False,,False
1081992496,Sun,2014-04-20T01:28:00.000Z,2014-04-20T01:32:00.000Z,G0002,False,,False
1081992736,Sun,2014-04-20T01:32:00.000Z,2014-04-20T01:36:00.000Z,G0002,False,,False
1081992976,Sun,2014-04-20T01:36:00.000Z,2014-04-20T01:40:00.000Z,G0002,False,,False
1081993216,Sun,2014-04-20T01:40:00.000Z,2014-04-20T01:44:00.000Z,G0002,False,,False
1081993456,Sun,2014-04-20T01:44:00.000Z,2014-04-20T01:48:00.000Z,G0002,False,,False
1081993696,Sun,2014-04-20T01:48:00.000Z,2014-04-20T01:52:00.000Z,G0002,False,,False
1081993936,Sun,2014-04-20T01:52:00.000Z,2014-04-20T01:56:00.000Z,G0002,False,,False
1081994176,Sun,2014-04-20T01:56:00.000Z,2014-04-20T02:00:00.000Z,G0002,False,,False
1081998016,Sun,2014-04-20T03:00:00.000Z,2014-04-20T03:04:00.000Z,G0002,False,,False
1081998256,Sun,2014-04-20T03:04:00.000Z,2014-04-20T03:08:00.000Z,G0002,False,,False
1081998496,Sun,2014-04-20T03:08:00.000Z,2014-04-20T03:12:00.000Z,G0002,False,,False
1081998736,Sun,2014-04-20T03:12:00.000Z,2014-04-20T03:16:00.000Z,G0002,False,,False
1081998976,Sun,2014-04-20T03:16:00.000Z,2014-04-20T03:20:00.000Z,G0002,False,,False
1081999216,Sun,2014-04-20T03:20:00.000Z,2014-04-20T03:24:00.000Z,G0002,False,,False
1081999456,Sun,2014-04-20T03:24:00.000Z,2014-04-20T03:28:00.000Z,G0002,False,,False
1081999696,Sun,2014-04-20T03:28:00.000Z,2014-04-20T03:32:00.000Z,G0002,False,,False
1081999936,Sun,2014-04-20T03:32:00.000Z,2014-04-20T03:36:00.000Z,G0002,False,,False
1082000176,Sun,2014-04-20T03:36:00.000Z,2014-04-20T03:40:00.000Z,G0002,False,,False
1082000416,Sun,2014-04-20T03:40:00.000Z,2014-04-20T03:44:00.000Z,G0002,False,,False
1082000656,Sun,2014-04-20T03:44:00.000Z,2014-04-20T03:48:00.000Z,G0002,False,,False
1082000896,Sun,2014-04-20T03:48:00.000Z,2014-04-20T03:52:00.000Z,G0002,False,,False
1082001136,Sun,2014-04-20T03:52:00.000Z,2014-04-20T03:56:00.000Z,G0002,False,,False
1082001376,Sun,2014-04-20T03:56:00.000Z,2014-04-20T04:00:00.000Z,G0002,False,,False
1082008816,Sun,2014-04-20T06:00:00.000Z,2014-04-20T06:04:00.000Z,G0002,False,,False
1082009056,Sun,2014-04-20T06:04:00.000Z,2014-04-20T06:08:00.000Z,G0002,False,,False
1082009296,Sun,2014-04-20T06:08:00.000Z,2014-04-20T06:12:00.000Z,G0002,False,,False
1082009536,Sun,2014-04-20T06:12:00.000Z,2014-04-20T06:16:00.000Z,G0002,False,,False
1082009776,Sun,2014-04-20T06:16:00.000Z,2014-04-20T06:20:00.000Z,G0002,False,,False
1082010016,Sun,2014-04-20T06:20:00.000Z,2014-04-20T06:24:00.000Z,G0002,False,,False
1082010256,Sun,2014-04-20T06:24:00.000Z,2014-04-20T06:28:00.000Z,G0002,False,,False
1082010496,Sun,2014-04-20T06:28:00.000Z,2014-04-20T06:32:00.000Z,G0002,False,,False
1082010736,Sun,2014-04-20T06:32:00.000Z,2014-04-20T06:36:00.000Z,G0002,False,,False
1082010976,Sun,2014-04-20T06:36:00.000Z,2014-04-20T06:40:00.000Z,G0002,False,,False
1082011216,Sun,2014-04-20T06:40:00.000Z,2014-04-20T06:44:00.000Z,G0002,False,,False
1082011456,Sun,2014-04-20T06:44:00.000Z,2014-04-20T06:48:00.000Z,G0002,False,,False
1082011696,Sun,2014-04-20T06:48:00.000Z,2014-04-20T06:52:00.000Z,G0002,False,,False
1082011936,Sun,2014-04-20T06:52:00.000Z,2014-04-20T06:56:00.000Z,G0002,False,,False
1082012176,Sun,2014-04-20T06:56:00.000Z,2014-04-20T07:00:00.000Z,G0002,False,,False
1082077456,Sun,2014-04-21T01:04:00.000Z,2014-04-21T01:08:00.000Z,G0002,False,,False
1082077696,Sun,2014-04-21T01:08:00.000Z,2014-04-21T01:12:00.000Z,G0002,False,,False
1082077936,Sun,2014-04-21T01:12:00.000Z,2014-04-21T01:16:00.000Z,G0002,False,,False
1082078176,Sun,2014-04-21T01:16:00.000Z,2014-04-21T01:20:00.000Z,G0002,False,,False
1082078416,Sun,2014-04-21T01:20:00.000Z,2014-04-21T01:24:00.000Z,G0002,False,,False
1082078656,Sun,2014-04-21T01:24:00.000Z,2014-04-21T01:28:00.000Z,G0002,False,,False
1082078896,Sun,2014-04-21T01:28:00.000Z,2014-04-21T01:32:00.000Z,G0002,False,,False
1082079136,Sun,2014-04-21T01:32:00.000Z,2014-04-21T01:36:00.000Z,G0002,False,,False
1082079376,Sun,2014-04-21T01:36:00.000Z,2014-04-21T01:40:00.000Z,G0002,False,,False
1082079616,Sun,2014-04-21T01:40:00.000Z,2014-04-21T01:44:00.000Z,G0002,False,,False
1082079856,Sun,2014-04-21T01:44:00.000Z,2014-04-21T01:48:00.000Z,G0002,False,,False
1082080096,Sun,2014-04-21T01:48:00.000Z,2014-04-21T01:52:00.000Z,G0002,False,,False
1082080336,Sun,2014-04-21T01:52:00.000Z,2014-04-21T01:56:00.000Z,G0002,False,,False
1082080576,Sun,2014-04-21T01:56:00.000Z,2014-04-21T02:00:00.000Z,G0002,False,,False
1082084416,Sun,2014-04-21T03:00:00.000Z,2014-04-21T03:04:00.000Z,G0002,False,,False
1082084656,Sun,2014-04-21T03:04:00.000Z,2014-04-21T03:08:00.000Z,G0002,False,,False
1082084896,Sun,2014-04-21T03:08:00.000Z,2014-04-21T03:12:00.000Z,G0002,False,,False
1082085136,Sun,2014-04-21T03:12:00.000Z,2014-04-21T03:16:00.000Z,G0002,False,,False
1082085376,Sun,2014-04-21T03:16:00.000Z,2014-04-21T03:20:00.000Z,G0002,False,,False
1082085616,Sun,2014-04-21T03:20:00.000Z,2014-04-21T03:24:00.000Z,G0002,False,,False
1082085856,Sun,2014-04-21T03:24:00.000Z,2014-04-21T03:28:00.000Z,G0002,False,,False
1082086096,Sun,2014-04-21T03:28:00.000Z,2014-04-21T03:32:00.000Z,G0002,False,,False
1082086336,Sun,2014-04-21T03:32:00.000Z,2014-04-21T03:36:00.000Z,G0002,False,,False
1082086576,Sun,2014-04-21T03:36:00.000Z,2014-04-21T03:40:00.000Z,G0002,False,,False
1082086816,Sun,2014-04-21T03:40:00.000Z,2014-04-21T03:44:00.000Z,G0002,False,,False
1082087056,Sun,2014-04-21T03:44:00.000Z,2014-04-21T03:48:00.000Z,G0002,False,,False
1082087296,Sun,2014-04-21T03:48:00.000Z,2014-04-21T03:52:00.000Z,G0002,False,,False
1082087536,Sun,2014-04-21T03:52:00.000Z,2014-04-21T03:56:00.000Z,G0002,False,,False
1082087776,Sun,2014-04-21T03:56:00.000Z,2014-04-21T04:00:00.000Z,G0002,False,,False
1082095216,Sun,2014-04-21T06:00:00.000Z,2014-04-21T06:04:00.000Z,G0002,False,,False
1082095456,Sun,2014-04-21T06:04:00.000Z,2014-04-21T06:08:00.000Z,G0002,False,,False
1082095696,Sun,2014-04-21T06:08:00.000Z,2014-04-21T06:12:00.000Z,G0002,False,,False
1082095936,Sun,2014-04-21T06:12:00.000Z,2014-04-21T06:16:00.000Z,G0002,False,,False
1082096176,Sun,2014-04-21T06:16:00.000Z,2014-04-21T06:20:00.000Z,G0002,False,,False
1082096416,Sun,2014-04-21T06:20:00.000Z,2014-04-21T06:24:00.000Z,G0002,False,,False
1082096656,Sun,2014-04-21T06:24:00.000Z,2014-04-21T06:28:00.000Z,G0002,False,,False
1082096896,Sun,2014-04-21T06:28:00.000Z,2014-04-21T06:32:00.000Z,G0002,False,,False
1082097136,Sun,2014-04-21T06:32:00.000Z,2014-04-21T06:36:00.000Z,G0002,False,,False
1082097376,Sun,2014-04-21T06:36:00.000Z,2014-04-21T06:40:00.000Z,G0002,False,,False
1082097616,Sun,2014-04-21T06:40:00.000Z,2014-04-21T06:44:00.000Z,G0002,False,,False
1082097856,Sun,2014-04-21T06:44:00.000Z,2014-04-21T06:48:00.000Z,G0002,False,,False
1082098096,Sun,2014-04-21T06:48:00.000Z,2014-04-21T06:52:00.000Z,G0002,False,,False
1082098336,Sun,2014-04-21T06:52:00.000Z,2014-04-21T06:56:00.000Z,G0002,False,,False
1082098576,Sun,2014-04-21T06:56:00.000Z,2014-04-21T07:00:00.000Z,G0002,False,,False
1082786536,Sun,2014-04-29T06:02:00.000Z,2014-04-29T06:06:00.000Z,G0002,False,,False
1082786776,Sun,2014-04-29T06:06:00.000Z,2014-04-29T06:10:00.000Z,G0002,False,,False
1082787016,Sun,2014-04-29T06:10:00.000Z,2014-04-29T06:14:00.000Z,G0002,False,,False
1082787256,Sun,2014-04-29T06:14:00.000Z,2014-04-29T06:18:00.000Z,G0002,False,,False
1082787496,Sun,2014-04-29T06:18:00.000Z,2014-04-29T06:22:00.000Z,G0002,False,,False
1082787736,Sun,2014-04-29T06:22:00.000Z,2014-04-29T06:26:00.000Z,G0002,False,,False
1082787976,Sun,2014-04-29T06:26:00.000Z,2014-04-29T06:30:00.000Z,G0002,False,,False
1082788216,Sun,2014-04-29T06:30:00.000Z,2014-04-29T06:34:00.000Z,G0002,False,,False
1082788456,Sun,2014-04-29T06:34:00.000Z,2014-04-29T06:38:00.000Z,G0002,False,,False
1082788696,Sun,2014-04-29T06:38:00.000Z,2014-04-29T06:42:00.000Z,G0002,False,,False
1082788936,Sun,2014-04-29T06:42:00.000Z,2014-04-29T06:46:00.000Z,G0002,False,,False
1082789176,Sun,2014-04-29T06:46:00.000Z,2014-04-29T06:50:00.000Z,G0002,False,,False
1082789416,Sun,2014-04-29T06:50:00.000Z,2014-04-29T06:54:00.000Z,G0002,False,,False
1082789656,Sun,2014-04-29T06:54:00.000Z,2014-04-29T06:58:00.000Z,G0002,False,,False
1082789896,Sun,2014-04-29T06:58:00.000Z,2014-04-29T07:02:00.000Z,G0002,False,,False
1083200416,Sun,2014-05-04T01:00:00.000Z,2014-05-04T01:04:00.000Z,G0002,False,,False
1083200656,Sun,2014-05-04T01:04:00.000Z,2014-05-04T01:08:00.000Z,G0002,False,,False
1083200896,Sun,2014-05-04T01:08:00.000Z,2014-05-04T01:12:00.000Z,G0002,False,,False
1083201136,Sun,2014-05-04T01:12:00.000Z,2014-05-04T01:16:00.000Z,G0002,False,,False
1083201376,Sun,2014-05-04T01:16:00.000Z,2014-05-04T01:20:00.000Z,G0002,False,,False
1083201616,Sun,2014-05-04T01:20:00.000Z,2014-05-04T01:24:00.000Z,G0002,False,,False
1083201856,Sun,2014-05-04T01:24:00.000Z,2014-05-04T01:28:00.000Z,G0002,False,,False
1083202096,Sun,2014-05-04T01:28:00.000Z,2014-05-04T01:32:00.000Z,G0002,False,,False
1083202336,Sun,2014-05-04T01:32:00.000Z,2014-05-04T01:36:00.000Z,G0002,False,,False
1083202576,Sun,2014-05-04T01:36:00.000Z,2014-05-04T01:40:00.000Z,G0002,False,,False
1083202816,Sun,2014-05-04T01:40:00.000Z,2014-05-04T01:44:00.000Z,G0002,False,,False
1083203056,Sun,2014-05-04T01:44:00.000Z,2014-05-04T01:48:00.000Z,G0002,False,,False
1083203296,Sun,2014-05-04T01:48:00.000Z,2014-05-04T01:52:00.000Z,G0002,False,,False
1083203536,Sun,2014-05-04T01:52:00.000Z,2014-05-04T01:56:00.000Z,G0002,False,,False
1083203776,Sun,2014-05-04T01:56:00.000Z,2014-05-04T02:00:00.000Z,G0002,False,,False
1083207616,Sun,2014-05-04T03:00:00.000Z,2014-05-04T03:04:00.000Z,G0002,False,,False
1083207856,Sun,2014-05-04T03:04:00.000Z,2014-05-04T03:08:00.000Z,G0002,False,,False
1083208096,Sun,2014-05-04T03:08:00.000Z,2014-05-04T03:12:00.000Z,G0002,False,,False
1083208336,Sun,2014-05-04T03:12:00.000Z,2014-05-04T03:16:00.000Z,G0002,False,,False
1083208576,Sun,2014-05-04T03:16:00.000Z,2014-05-04T03:20:00.000Z,G0002,False,,False
1083208816,Sun,2014-05-04T03:20:00.000Z,2014-05-04T03:24:00.000Z,G0002,False,,False
1083209056,Sun,2014-05-04T03:24:00.000Z,2014-05-04T03:28:00.000Z,G0002,False,,False
1083209296,Sun,2014-05-04T03:28:00.000Z,2014-05-04T03:32:00.000Z,G0002,False,,False
1083209536,Sun,2014-05-04T03:32:00.000Z,2014-05-04T03:36:00.000Z,G0002,False,,False
1083209776,Sun,2014-05-04T03:36:00.000Z,2014-05-04T03:40:00.000Z,G0002,False,,False
1083210016,Sun,2014-05-04T03:40:00.000Z,2014-05-04T03:44:00.000Z,G0002,False,,False
1083210256,Sun,2014-05-04T03:44:00.000Z,2014-05-04T03:48:00.000Z,G0002,False,,False
1083210496,Sun,2014-05-04T03:48:00.000Z,2014-05-04T03:52:00.000Z,G0002,False,,False
1083210736,Sun,2014-05-04T03:52:00.000Z,2014-05-04T03:56:00.000Z,G0002,False,,False
1083210976,Sun,2014-05-04T03:56:00.000Z,2014-05-04T04:00:00.000Z,G0002,False,,False
1083218416,Sun,2014-05-04T06:00:00.000Z,2014-05-04T06:04:00.000Z,G0002,False,,False
1083218656,Sun,2014-05-04T06:04:00.000Z,2014-05-04T06:08:00.000Z,G0002,False,,False
1083218896,Sun,2014-05-04T06:08:00.000Z,2014-05-04T06:12:00.000Z,G0002,False,,False
1083219136,Sun,2014-05-04T06:12:00.000Z,2014-05-04T06:16:00.000Z,G0002,False,,False
1083219376,Sun,2014-05-04T06:16:00.000Z,2014-05-04T06:20:00.000Z,G0002,False,,False
1083219616,Sun,2014-05-04T06:20:00.000Z,2014-05-04T06:24:00.000Z,G0002,False,,False
1083219856,Sun,2014-05-04T06:24:00.000Z,2014-05-04T06:28:00.000Z,G0002,False,,False
1083220096,Sun,2014-05-04T06:28:00.000Z,2014-05-04T06:32:00.000Z,G0002,False,,False
1083220336,Sun,2014-05-04T06:32:00.000Z,2014-05-04T06:36:00.000Z,G0002,False,,False
1083220576,Sun,2014-05-04T06:36:00.000Z,2014-05-04T06:40:00.000Z,G0002,False,,False
1083220816,Sun,2014-05-04T06:40:00.000Z,2014-05-04T06:44:00.000Z,G0002,False,,False
1083221056,Sun,2014-05-04T06:44:00.000Z,2014-05-04T06:48:00.000Z,G0002,False,,False
1083221296,Sun,2014-05-04T06:48:00.000Z,2014-05-04T06:52:00.000Z,G0002,False,,False
1083221536,Sun,2014-05-04T06:52:00.000Z,2014-05-04T06:56:00.000Z,G0002,False,,False
1083221776,Sun,2014-05-04T06:56:00.000Z,2014-05-04T07:00:00.000Z,G0002,False,,False
1083718816,Sun,2014-05-10T01:00:00.000Z,2014-05-10T01:04:00.000Z,G0002,False,,False
1083719056,Sun,2014-05-10T01:04:00.000Z,2014-05-10T01:08:00.000Z,G0002,False,,False
1083719296,Sun,2014-05-10T01:08:00.000Z,2014-05-10T01:12:00.000Z,G0002,False,,False
1083719536,Sun,2014-05-10T01:12:00.000Z,2014-05-10T01:16:00.000Z,G0002,False,,False
1083719776,Sun,2014-05-10T01:16:00.000Z,2014-05-10T01:20:00.000Z,G0002,False,,False
1083720016,Sun,2014-05-10T01:20:00.000Z,2014-05-10T01:24:00.000Z,G0002,False,,False
1083720256,Sun,2014-05-10T01:24:00.000Z,2014-05-10T01:28:00.000Z,G0002,False,,False
1083720496,Sun,2014-05-10T01:28:00.000Z,2014-05-10T01:32:00.000Z,G0002,False,,False
1083720736,Sun,2014-05-10T01:32:00.000Z,2014-05-10T01:36:00.000Z,G0002,False,,False
1083720976,Sun,2014-05-10T01:36:00.000Z,2014-05-10T01:40:00.000Z,G0002,False,,False
1083721216,Sun,2014-05-10T01:40:00.000Z,2014-05-10T01:44:00.000Z,G0002,False,,False
1083721456,Sun,2014-05-10T01:44:00.000Z,2014-05-10T01:48:00.000Z,G0002,False,,False
1083721696,Sun,2014-05-10T01:48:00.000Z,2014-05-10T01:52:00.000Z,G0002,False,,False
1083721936,Sun,2014-05-10T01:52:00.000Z,2014-05-10T01:56:00.000Z,G0002,False,,False
1083722176,Sun,2014-05-10T01:56:00.000Z,2014-05-10T02:00:00.000Z,G0002,False,,False
1083726016,Sun,2014-05-10T03:00:00.000Z,2014-05-10T03:04:00.000Z,G0002,False,,False
1083726256,Sun,2014-05-10T03:04:00.000Z,2014-05-10T03:08:00.000Z,G0002,False,,False
1083726496,Sun,2014-05-10T03:08:00.000Z,2014-05-10T03:12:00.000Z,G0002,False,,False
1083726736,Sun,2014-05-10T03:12:00.000Z,2014-05-10T03:16:00.000Z,G0002,False,,False
1083726976,Sun,2014-05-10T03:16:00.000Z,2014-05-10T03:20:00.000Z,G0002,False,,False
1083727216,Sun,2014-05-10T03:20:00.000Z,2014-05-10T03:24:00.000Z,G0002,False,,False
1083727456,Sun,2014-05-10T03:24:00.000Z,2014-05-10T03:28:00.000Z,G0002,False,,False
1083727696,Sun,2014-05-10T03:28:00.000Z,2014-05-10T03:32:00.000Z,G0002,False,,False
1083727936,Sun,2014-05-10T03:32:00.000Z,2014-05-10T03:36:00.000Z,G0002,False,,False
1083728176,Sun,2014-05-10T03:36:00.000Z,2014-05-10T03:40:00.000Z,G0002,False,,False
1083728416,Sun,2014-05-10T03:40:00.000Z,2014-05-10T03:44:00.000Z,G0002,False,,False
1083728656,Sun,2014-05-10T03:44:00.000Z,2014-05-10T03:48:00.000Z,G0002,False,,False
1083728896,Sun,2014-05-10T03:48:00.000Z,2014-05-10T03:52:00.000Z,G0002,False,,False
1083729136,Sun,2014-05-10T03:52:00.000Z,2014-05-10T03:56:00.000Z,G0002,False,,False
1083729376,Sun,2014-05-10T03:56:00.000Z,2014-05-10T04:00:00.000Z,G0002,False,,False
1083736816,Sun,2014-05-10T06:00:00.000Z,2014-05-10T06:04:00.000Z,G0002,False,,False
1083737056,Sun,2014-05-10T06:04:00.000Z,2014-05-10T06:08:00.000Z,G0002,False,,False
1083737296,Sun,2014-05-10T06:08:00.000Z,2014-05-10T06:12:00.000Z,G0002,False,,False
1083737536,Sun,2014-05-10T06:12:00.000Z,2014-05-10T06:16:00.000Z,G0002,False,,False
1083737776,Sun,2014-05-10T06:16:00.000Z,2014-05-10T06:20:00.000Z,G0002,False,,False
1083738016,Sun,2014-05-10T06:20:00.000Z,2014-05-10T06:24:00.000Z,G0002,False,,False
1083738256,Sun,2014-05-10T06:24:00.000Z,2014-05-10T06:28:00.000Z,G0002,False,,False
1083738496,Sun,2014-05-10T06:28:00.000Z,2014-05-10T06:32:00.000Z,G0002,False,,False
1083738736,Sun,2014-05-10T06:32:00.000Z,2014-05-10T06:36:00.000Z,G0002,False,,False
1083738976,Sun,2014-05-10T06:36:00.000Z,2014-05-10T06:40:00.000Z,G0002,False,,False
1083739216,Sun,2014-05-10T06:40:00.000Z,2014-05-10T06:44:00.000Z,G0002,False,,False
1083739456,Sun,2014-05-10T06:44:00.000Z,2014-05-10T06:48:00.000Z,G0002,False,,False
1083739696,Sun,2014-05-10T06:48:00.000Z,2014-05-10T06:52:00.000Z,G0002,False,,False
1083739936,Sun,2014-05-10T06:52:00.000Z,2014-05-10T06:56:00.000Z,G0002,False,,False
1083740176,Sun,2014-05-10T06:56:00.000Z,2014-05-10T07:00:00.000Z,G0002,False,,False
1083805216,Sun,2014-05-11T01:00:00.000Z,2014-05-11T01:04:00.000Z,G0002,False,,False
1083805456,Sun,2014-05-11T01:04:00.000Z,2014-05-11T01:08:00.000Z,G0002,False,,False
1083805696,Sun,2014-05-11T01:08:00.000Z,2014-05-11T01:12:00.000Z,G0002,False,,False
1083805936,Sun,2014-05-11T01:12:00.000Z,2014-05-11T01:16:00.000Z,G0002,False,,False
1083806176,Sun,2014-05-11T01:16:00.000Z,2014-05-11T01:20:00.000Z,G0002,False,,False
1083806416,Sun,2014-05-11T01:20:00.000Z,2014-05-11T01:24:00.000Z,G0002,False,,False
1083806656,Sun,2014-05-11T01:24:00.000Z,2014-05-11T01:28:00.000Z,G0002,False,,False
1083806896,Sun,2014-05-11T01:28:00.000Z,2014-05-11T01:32:00.000Z,G0002,False,,False
1083807136,Sun,2014-05-11T01:32:00.000Z,2014-05-11T01:36:00.000Z,G0002,False,,False
1083807376,Sun,2014-05-11T01:36:00.000Z,2014-05-11T01:40:00.000Z,G0002,False,,False
1083807616,Sun,2014-05-11T01:40:00.000Z,2014-05-11T01:44:00.000Z,G0002,False,,False
1083807856,Sun,2014-05-11T01:44:00.000Z,2014-05-11T01:48:00.000Z,G0002,False,,False
1083808096,Sun,2014-05-11T01:48:00.000Z,2014-05-11T01:52:00.000Z,G0002,False,,False
1083808336,Sun,2014-05-11T01:52:00.000Z,2014-05-11T01:56:00.000Z,G0002,False,,False
1083808576,Sun,2014-05-11T01:56:00.000Z,2014-05-11T02:00:00.000Z,G0002,False,,False
1083812416,Sun,2014-05-11T03:00:00.000Z,2014-05-11T03:04:00.000Z,G0002,False,,False
1083812656,Sun,2014-05-11T03:04:00.000Z,2014-05-11T03:08:00.000Z,G0002,False,,False
1083812896,Sun,2014-05-11T03:08:00.000Z,2014-05-11T03:12:00.000Z,G0002,False,,False
1083813136,Sun,2014-05-11T03:12:00.000Z,2014-05-11T03:16:00.000Z,G0002,False,,False
1083813376,Sun,2014-05-11T03:16:00.000Z,2014-05-11T03:20:00.000Z,G0002,False,,False
1083813616,Sun,2014-05-11T03:20:00.000Z,2014-05-11T03:24:00.000Z,G0002,False,,False
1083813856,Sun,2014-05-11T03:24:00.000Z,2014-05-11T03:28:00.000Z,G0002,False,,False
1083814096,Sun,2014-05-11T03:28:00.000Z,2014-05-11T03:32:00.000Z,G0002,False,,False
1083814336,Sun,2014-05-11T03:32:00.000Z,2014-05-11T03:36:00.000Z,G0002,False,,False
1083814576,Sun,2014-05-11T03:36:00.000Z,2014-05-11T03:40:00.000Z,G0002,False,,False
1083814816,Sun,2014-05-11T03:40:00.000Z,2014-05-11T03:44:00.000Z,G0002,False,,False
1083815056,Sun,2014-05-11T03:44:00.000Z,2014-05-11T03:48:00.000Z,G0002,False,,False
1083815296,Sun,2014-05-11T03:48:00.000Z,2014-05-11T03:52:00.000Z,G0002,False,,False
1083815536,Sun,2014-05-11T03:52:00.000Z,2014-05-11T03:56:00.000Z,G0002,False,,False
1083815776,Sun,2014-05-11T03:56:00.000Z,2014-05-11T04:00:00.000Z,G0002,False,,False
1083823216,Sun,2014-05-11T06:00:00.000Z,2014-05-11T06:04:00.000Z,G0002,False,,False
1083823456,Sun,2014-05-11T06:04:00.000Z,2014-05-11T06:08:00.000Z,G0002,False,,False
1083823696,Sun,2014-05-11T06:08:00.000Z,2014-05-11T06:12:00.000Z,G0002,False,,False
1083823936,Sun,2014-05-11T06:12:00.000Z,2014-05-11T06:16:00.000Z,G0002,False,,False
1083824176,Sun,2014-05-11T06:16:00.000Z,2014-05-11T06:20:00.000Z,G0002,False,,False
1083824416,Sun,2014-05-11T06:20:00.000Z,2014-05-11T06:24:00.000Z,G0002,False,,False
1083824656,Sun,2014-05-11T06:24:00.000Z,2014-05-11T06:28:00.000Z,G0002,False,,False
1083824896,Sun,2014-05-11T06:28:00.000Z,2014-05-11T06:32:00.000Z,G0002,False,,False
1083825136,Sun,2014-05-11T06:32:00.000Z,2014-05-11T06:36:00.000Z,G0002,False,,False
1083825376,Sun,2014-05-11T06:36:00.000Z,2014-05-11T06:40:00.000Z,G0002,False,,False
1083825616,Sun,2014-05-11T06:40:00.000Z,2014-05-11T06:44:00.000Z,G0002,False,,False
1083825856,Sun,2014-05-11T06:44:00.000Z,2014-05-11T06:48:00.000Z,G0002,False,,False
1083826096,Sun,2014-05-11T06:48:00.000Z,2014-05-11T06:52:00.000Z,G0002,False,,False
1083826336,Sun,2014-05-11T06:52:00.000Z,2014-05-11T06:56:00.000Z,G0002,False,,False
1083826576,Sun,2014-05-11T06:56:00.000Z,2014-05-11T07:00:00.000Z,G0002,False,,False
1086484816,Sun,2014-06-11T01:20:00.000Z,2014-06-11T01:24:00.000Z,G0002,False,,False
1086485056,Sun,2014-06-11T01:24:00.000Z,2014-06-11T01:28:00.000Z,G0002,False,,False
1086485296,Sun,2014-06-11T01:28:00.000Z,2014-06-11T01:32:00.000Z,G0002,False,,False
1086485536,Sun,2014-06-11T01:32:00.000Z,2014-06-11T01:36:00.000Z,G0002,False,,False
1086485776,Sun,2014-06-11T01:36:00.000Z,2014-06-11T01:40:00.000Z,G0002,False,,False
1086486016,Sun,2014-06-11T01:40:00.000Z,2014-06-11T01:44:00.000Z,G0002,False,,False
1086486256,Sun,2014-06-11T01:44:00.000Z,2014-06-11T01:48:00.000Z,G0002,False,,False
1086486496,Sun,2014-06-11T01:48:00.000Z,2014-06-11T01:52:00.000Z,G0002,False,,False
1086486736,Sun,2014-06-11T01:52:00.000Z,2014-06-11T01:56:00.000Z,G0002,False,,False
1086486976,Sun,2014-06-11T01:56:00.000Z,2014-06-11T02:00:00.000Z,G0002,False,,False
1086490816,Sun,2014-06-11T03:00:00.000Z,2014-06-11T03:04:00.000Z,G0002,False,,False
1086491056,Sun,2014-06-11T03:04:00.000Z,2014-06-11T03:08:00.000Z,G0002,False,,False
1086491296,Sun,2014-06-11T03:08:00.000Z,2014-06-11T03:12:00.000Z,G0002,False,,False
1086491536,Sun,2014-06-11T03:12:00.000Z,2014-06-11T03:16:00.000Z,G0002,False,,False
1086491776,Sun,2014-06-11T03:16:00.000Z,2014-06-11T03:20:00.000Z,G0002,False,,False
1086492016,Sun,2014-06-11T03:20:00.000Z,2014-06-11T03:24:00.000Z,G0002,False,,False
1086492256,Sun,2014-06-11T03:24:00.000Z,2014-06-11T03:28:00.000Z,G0002,False,,False
1086492496,Sun,2014-06-11T03:28:00.000Z,2014-06-11T03:32:00.000Z,G0002,False,,False
1086492736,Sun,2014-06-11T03:32:00.000Z,2014-06-11T03:36:00.000Z,G0002,False,,False
1086492976,Sun,2014-06-11T03:36:00.000Z,2014-06-11T03:40:00.000Z,G0002,False,,False
1086493216,Sun,2014-06-11T03:40:00.000Z,2014-06-11T03:44:00.000Z,G0002,False,,False
1086493456,Sun,2014-06-11T03:44:00.000Z,2014-06-11T03:48:00.000Z,G0002,False,,False
1086493696,Sun,2014-06-11T03:48:00.000Z,2014-06-11T03:52:00.000Z,G0002,False,,False
1086493936,Sun,2014-06-11T03:52:00.000Z,2014-06-11T03:56:00.000Z,G0002,False,,False
1086494176,Sun,2014-06-11T03:56:00.000Z,2014-06-11T04:00:00.000Z,G0002,False,,False
1086501616,Sun,2014-06-11T06:00:00.000Z,2014-06-11T06:04:00.000Z,G0002,False,,False
1086501856,Sun,2014-06-11T06:04:00.000Z,2014-06-11T06:08:00.000Z,G0002,False,,False
1086502096,Sun,2014-06-11T06:08:00.000Z,2014-06-11T06:12:00.000Z,G0002,False,,False
1086502336,Sun,2014-06-11T06:12:00.000Z,2014-06-11T06:16:00.000Z,G0002,False,,False
1086502576,Sun,2014-06-11T06:16:00.000Z,2014-06-11T06:20:00.000Z,G0002,False,,False
1086502816,Sun,2014-06-11T06:20:00.000Z,2014-06-11T06:24:00.000Z,G0002,False,,False
1086503056,Sun,2014-06-11T06:24:00.000Z,2014-06-11T06:28:00.000Z,G0002,False,,False
1086503296,Sun,2014-06-11T06:28:00.000Z,2014-06-11T06:32:00.000Z,G0002,False,,False
1086503536,Sun,2014-06-11T06:32:00.000Z,2014-06-11T06:36:00.000Z,G0002,False,,False
1086503776,Sun,2014-06-11T06:36:00.000Z,2014-06-11T06:40:00.000Z,G0002,False,,False
1086504016,Sun,2014-06-11T06:40:00.000Z,2014-06-11T06:44:00.000Z,G0002,False,,False
1086504256,Sun,2014-06-11T06:44:00.000Z,2014-06-11T06:48:00.000Z,G0002,False,,False
1086504496,Sun,2014-06-11T06:48:00.000Z,2014-06-11T06:52:00.000Z,G0002,False,,False
1086504736,Sun,2014-06-11T06:52:00.000Z,2014-06-11T06:56:00.000Z,G0002,False,,False
1086504976,Sun,2014-06-11T06:56:00.000Z,2014-06-11T07:00:00.000Z,G0002,False,,False
1086657856,Sun,2014-06-13T01:24:00.000Z,2014-06-13T01:28:00.000Z,G0002,False,,False
1086658096,Sun,2014-06-13T01:28:00.000Z,2014-06-13T01:32:00.000Z,G0002,False,,False
1086658336,Sun,2014-06-13T01:32:00.000Z,2014-06-13T01:36:00.000Z,G0002,False,,False
1086744256,Sun,2014-06-14T01:24:00.000Z,2014-06-14T01:28:00.000Z,G0002,False,,False
1086744496,Sun,2014-06-14T01:28:00.000Z,2014-06-14T01:32:00.000Z,G0002,False,,False
1086744736,Sun,2014-06-14T01:32:00.000Z,2014-06-14T01:36:00.000Z,G0002,False,,False
1086744976,Sun,2014-06-14T01:36:00.000Z,2014-06-14T01:40:00.000Z,G0002,False,,False
1086745216,Sun,2014-06-14T01:40:00.000Z,2014-06-14T01:44:00.000Z,G0002,False,,False
1086745456,Sun,2014-06-14T01:44:00.000Z,2014-06-14T01:48:00.000Z,G0002,False,,False
1086745696,Sun,2014-06-14T01:48:00.000Z,2014-06-14T01:52:00.000Z,G0002,False,,False
1086745936,Sun,2014-06-14T01:52:00.000Z,2014-06-14T01:56:00.000Z,G0002,False,,False
1086746176,Sun,2014-06-14T01:56:00.000Z,2014-06-14T02:00:00.000Z,G0002,False,,False
1086750016,Sun,2014-06-14T03:00:00.000Z,2014-06-14T03:04:00.000Z,G0002,False,,False
1086750256,Sun,2014-06-14T03:04:00.000Z,2014-06-14T03:08:00.000Z,G0002,False,,False
1086750496,Sun,2014-06-14T03:08:00.000Z,2014-06-14T03:12:00.000Z,G0002,False,,False
1086750736,Sun,2014-06-14T03:12:00.000Z,2014-06-14T03:16:00.000Z,G0002,False,,False
1086750976,Sun,2014-06-14T03:16:00.000Z,2014-06-14T03:20:00.000Z,G0002,False,,False
1086751216,Sun,2014-06-14T03:20:00.000Z,2014-06-14T03:24:00.000Z,G0002,False,,False
1086751456,Sun,2014-06-14T03:24:00.000Z,2014-06-14T03:28:00.000Z,G0002,False,,False
1086751696,Sun,2014-06-14T03:28:00.000Z,2014-06-14T03:32:00.000Z,G0002,False,,False
1086751936,Sun,2014-06-14T03:32:00.000Z,2014-06-14T03:36:00.000Z,G0002,False,,False
1086752176,Sun,2014-06-14T03:36:00.000Z,2014-06-14T03:40:00.000Z,G0002,False,,False
1086752416,Sun,2014-06-14T03:40:00.000Z,2014-06-14T03:44:00.000Z,G0002,False,,False
1086752656,Sun,2014-06-14T03:44:00.000Z,2014-06-14T03:48:00.000Z,G0002,False,,False
1086752896,Sun,2014-06-14T03:48:00.000Z,2014-06-14T03:52:00.000Z,G0002,False,,False
1086753136,Sun,2014-06-14T03:52:00.000Z,2014-06-14T03:56:00.000Z,G0002,False,,False
1086753376,Sun,2014-06-14T03:56:00.000Z,2014-06-14T04:00:00.000Z,G0002,False,,False
1086760816,Sun,2014-06-14T06:00:00.000Z,2014-06-14T06:04:00.000Z,G0002,False,,False
1086761056,Sun,2014-06-14T06:04:00.000Z,2014-06-14T06:08:00.000Z,G0002,False,,False
1086761296,Sun,2014-06-14T06:08:00.000Z,2014-06-14T06:12:00.000Z,G0002,False,,False
1086761536,Sun,2014-06-14T06:12:00.000Z,2014-06-14T06:16:00.000Z,G0002,False,,False
1086761776,Sun,2014-06-14T06:16:00.000Z,2014-06-14T06:20:00.000Z,G0002,False,,False
1086762016,Sun,2014-06-14T06:20:00.000Z,2014-06-14T06:24:00.000Z,G0002,False,,False
1086762256,Sun,2014-06-14T06:24:00.000Z,2014-06-14T06:28:00.000Z,G0002,False,,False
1086762496,Sun,2014-06-14T06:28:00.000Z,2014-06-14T06:32:00.000Z,G0002,False,,False
1086762736,Sun,2014-06-14T06:32:00.000Z,2014-06-14T06:36:00.000Z,G0002,False,,False
1086762976,Sun,2014-06-14T06:36:00.000Z,2014-06-14T06:40:00.000Z,G0002,False,,False
1086763216,Sun,2014-06-14T06:40:00.000Z,2014-06-14T06:44:00.000Z,G0002,False,,False
1086763456,Sun,2014-06-14T06:44:00.000Z,2014-06-14T06:48:00.000Z,G0002,False,,False
1086763696,Sun,2014-06-14T06:48:00.000Z,2014-06-14T06:52:00.000Z,G0002,False,,False
1086763936,Sun,2014-06-14T06:52:00.000Z,2014-06-14T06:56:00.000Z,G0002,False,,False
1086764176,Sun,2014-06-14T06:56:00.000Z,2014-06-14T07:00:00.000Z,G0002,False,,False
1086830656,Sun,2014-06-15T01:24:00.000Z,2014-06-15T01:28:00.000Z,G0002,False,,False
1086830896,Sun,2014-06-15T01:28:00.000Z,2014-06-15T01:32:00.000Z,G0002,False,,False
1086831136,Sun,2014-06-15T01:32:00.000Z,2014-06-15T01:36:00.000Z,G0002,False,,False
1086831376,Sun,2014-06-15T01:36:00.000Z,2014-06-15T01:40:00.000Z,G0002,False,,False
1086831616,Sun,2014-06-15T01:40:00.000Z,2014-06-15T01:44:00.000Z,G0002,False,,False
1086831856,Sun,2014-06-15T01:44:00.000Z,2014-06-15T01:48:00.000Z,G0002,False,,False
1086832096,Sun,2014-06-15T01:48:00.000Z,2014-06-15T01:52:00.000Z,G0002,False,,False
1086832336,Sun,2014-06-15T01:52:00.000Z,2014-06-15T01:56:00.000Z,G0002,False,,False
1086832576,Sun,2014-06-15T01:56:00.000Z,2014-06-15T02:00:00.000Z,G0002,False,,False
1086836416,Sun,2014-06-15T03:00:00.000Z,2014-06-15T03:04:00.000Z,G0002,False,,False
1086836656,Sun,2014-06-15T03:04:00.000Z,2014-06-15T03:08:00.000Z,G0002,False,,False
1086836896,Sun,2014-06-15T03:08:00.000Z,2014-06-15T03:12:00.000Z,G0002,False,,False
1086837136,Sun,2014-06-15T03:12:00.000Z,2014-06-15T03:16:00.000Z,G0002,False,,False
1086837376,Sun,2014-06-15T03:16:00.000Z,2014-06-15T03:20:00.000Z,G0002,False,,False
1086837616,Sun,2014-06-15T03:20:00.000Z,2014-06-15T03:24:00.000Z,G0002,False,,False
1086837856,Sun,2014-06-15T03:24:00.000Z,2014-06-15T03:28:00.000Z,G0002,False,,False
1086838096,Sun,2014-06-15T03:28:00.000Z,2014-06-15T03:32:00.000Z,G0002,False,,False
1086838336,Sun,2014-06-15T03:32:00.000Z,2014-06-15T03:36:00.000Z,G0002,False,,False
1086838576,Sun,2014-06-15T03:36:00.000Z,2014-06-15T03:40:00.000Z,G0002,False,,False
1086838816,Sun,2014-06-15T03:40:00.000Z,2014-06-15T03:44:00.000Z,G0002,False,,False
1086839056,Sun,2014-06-15T03:44:00.000Z,2014-06-15T03:48:00.000Z,G0002,False,,False
1086839296,Sun,2014-06-15T03:48:00.000Z,2014-06-15T03:52:00.000Z,G0002,False,,False
1086839536,Sun,2014-06-15T03:52:00.000Z,2014-06-15T03:56:00.000Z,G0002,False,,False
1086839776,Sun,2014-06-15T03:56:00.000Z,2014-06-15T04:00:00.000Z,G0002,False,,False
1086847216,Sun,2014-06-15T06:00:00.000Z,2014-06-15T06:04:00.000Z,G0002,False,,False
1086847456,Sun,2014-06-15T06:04:00.000Z,2014-06-15T06:08:00.000Z,G0002,False,,False
1086847696,Sun,2014-06-15T06:08:00.000Z,2014-06-15T06:12:00.000Z,G0002,False,,False
1086847936,Sun,2014-06-15T06:12:00.000Z,2014-06-15T06:16:00.000Z,G0002,False,,False
1086848176,Sun,2014-06-15T06:16:00.000Z,2014-06-15T06:20:00.000Z,G0002,False,,False
1086848416,Sun,2014-06-15T06:20:00.000Z,2014-06-15T06:24:00.000Z,G0002,False,,False
1086848656,Sun,2014-06-15T06:24:00.000Z,2014-06-15T06:28:00.000Z,G0002,False,,False
1086848896,Sun,2014-06-15T06:28:00.000Z,2014-06-15T06:32:00.000Z,G0002,False,,False
1086849136,Sun,2014-06-15T06:32:00.000Z,2014-06-15T06:36:00.000Z,G0002,False,,False
1086849376,Sun,2014-06-15T06:36:00.000Z,2014-06-15T06:40:00.000Z,G0002,False,,False
1086849616,Sun,2014-06-15T06:40:00.000Z,2014-06-15T06:44:00.000Z,G0002,False,,False
1086849856,Sun,2014-06-15T06:44:00.000Z,2014-06-15T06:48:00.000Z,G0002,False,,False
1086850096,Sun,2014-06-15T06:48:00.000Z,2014-06-15T06:52:00.000Z,G0002,False,,False
1086850336,Sun,2014-06-15T06:52:00.000Z,2014-06-15T06:56:00.000Z,G0002,False,,False
1086850576,Sun,2014-06-15T06:56:00.000Z,2014-06-15T07:00:00.000Z,G0002,False,,False
1086917056,Sun,2014-06-16T01:24:00.000Z,2014-06-16T01:28:00.000Z,G0002,False,,False
1086917296,Sun,2014-06-16T01:28:00.000Z,2014-06-16T01:32:00.000Z,G0002,False,,False
1086917536,Sun,2014-06-16T01:32:00.000Z,2014-06-16T01:36:00.000Z,G0002,False,,False
1086917776,Sun,2014-06-16T01:36:00.000Z,2014-06-16T01:40:00.000Z,G0002,False,,False
1086918016,Sun,2014-06-16T01:40:00.000Z,2014-06-16T01:44:00.000Z,G0002,False,,False
1086918256,Sun,2014-06-16T01:44:00.000Z,2014-06-16T01:48:00.000Z,G0002,False,,False
1086918496,Sun,2014-06-16T01:48:00.000Z,2014-06-16T01:52:00.000Z,G0002,False,,False
1086918736,Sun,2014-06-16T01:52:00.000Z,2014-06-16T01:56:00.000Z,G0002,False,,False
1086918976,Sun,2014-06-16T01:56:00.000Z,2014-06-16T02:00:00.000Z,G0002,False,,False
1086922816,Sun,2014-06-16T03:00:00.000Z,2014-06-16T03:04:00.000Z,G0002,False,,False
1086923056,Sun,2014-06-16T03:04:00.000Z,2014-06-16T03:08:00.000Z,G0002,False,,False
1086923296,Sun,2014-06-16T03:08:00.000Z,2014-06-16T03:12:00.000Z,G0002,False,,False
1086923536,Sun,2014-06-16T03:12:00.000Z,2014-06-16T03:16:00.000Z,G0002,False,,False
1086923776,Sun,2014-06-16T03:16:00.000Z,2014-06-16T03:20:00.000Z,G0002,False,,False
1086924016,Sun,2014-06-16T03:20:00.000Z,2014-06-16T03:24:00.000Z,G0002,False,,False
1086924256,Sun,2014-06-16T03:24:00.000Z,2014-06-16T03:28:00.000Z,G0002,False,,False
1086924496,Sun,2014-06-16T03:28:00.000Z,2014-06-16T03:32:00.000Z,G0002,False,,False
1086924736,Sun,2014-06-16T03:32:00.000Z,2014-06-16T03:36:00.000Z,G0002,False,,False
1086924976,Sun,2014-06-16T03:36:00.000Z,2014-06-16T03:40:00.000Z,G0002,False,,False
1086925216,Sun,2014-06-16T03:40:00.000Z,2014-06-16T03:44:00.000Z,G0002,False,,False
1086925456,Sun,2014-06-16T03:44:00.000Z,2014-06-16T03:48:00.000Z,G0002,False,,False
1086925696,Sun,2014-06-16T03:48:00.000Z,2014-06-16T03:52:00.000Z,G0002,False,,False
1086925936,Sun,2014-06-16T03:52:00.000Z,2014-06-16T03:56:00.000Z,G0002,False,,False
1086926176,Sun,2014-06-16T03:56:00.000Z,2014-06-16T04:00:00.000Z,G0002,False,,False
1086933616,Sun,2014-06-16T06:00:00.000Z,2014-06-16T06:04:00.000Z,G0002,False,,False
1086933856,Sun,2014-06-16T06:04:00.000Z,2014-06-16T06:08:00.000Z,G0002,False,,False
1086934096,Sun,2014-06-16T06:08:00.000Z,2014-06-16T06:12:00.000Z,G0002,False,,False
1086934336,Sun,2014-06-16T06:12:00.000Z,2014-06-16T06:16:00.000Z,G0002,False,,False
1086934576,Sun,2014-06-16T06:16:00.000Z,2014-06-16T06:20:00.000Z,G0002,False,,False
1086934816,Sun,2014-06-16T06:20:00.000Z,2014-06-16T06:24:00.000Z,G0002,False,,False
1086935056,Sun,2014-06-16T06:24:00.000Z,2014-06-16T06:28:00.000Z,G0002,False,,False
1086935296,Sun,2014-06-16T06:28:00.000Z,2014-06-16T06:32:00.000Z,G0002,False,,False
1086935536,Sun,2014-06-16T06:32:00.000Z,2014-06-16T06:36:00.000Z,G0002,False,,False
1086935776,Sun,2014-06-16T06:36:00.000Z,2014-06-16T06:40:00.000Z,G0002,False,,False
1086936016,Sun,2014-06-16T06:40:00.000Z,2014-06-16T06:44:00.000Z,G0002,False,,False
1086936256,Sun,2014-06-16T06:44:00.000Z,2014-06-16T06:48:00.000Z,G0002,False,,False
1086936496,Sun,2014-06-16T06:48:00.000Z,2014-06-16T06:52:00.000Z,G0002,False,,False
1086936736,Sun,2014-06-16T06:52:00.000Z,2014-06-16T06:56:00.000Z,G0002,False,,False
1086936976,Sun,2014-06-16T06:56:00.000Z,2014-06-16T07:00:00.000Z,G0002,False,,False
1089077056,Sun,2014-07-11T01:24:00.000Z,2014-07-11T01:28:00.000Z,G0002,False,,False
1089077296,Sun,2014-07-11T01:28:00.000Z,2014-07-11T01:32:00.000Z,G0002,False,,False
1089077536,Sun,2014-07-11T01:32:00.000Z,2014-07-11T01:36:00.000Z,G0002,False,,False
1089077776,Sun,2014-07-11T01:36:00.000Z,2014-07-11T01:40:00.000Z,G0002,False,,False
1089078016,Sun,2014-07-11T01:40:00.000Z,2014-07-11T01:44:00.000Z,G0002,False,,False
1089078256,Sun,2014-07-11T01:44:00.000Z,2014-07-11T01:48:00.000Z,G0002,False,,False
1089078496,Sun,2014-07-11T01:48:00.000Z,2014-07-11T01:52:00.000Z,G0002,False,,False
1089078736,Sun,2014-07-11T01:52:00.000Z,2014-07-11T01:56:00.000Z,G0002,False,,False
1089078976,Sun,2014-07-11T01:56:00.000Z,2014-07-11T02:00:00.000Z,G0002,False,,False
1089082816,Sun,2014-07-11T03:00:00.000Z,2014-07-11T03:04:00.000Z,G0002,False,,False
1089083056,Sun,2014-07-11T03:04:00.000Z,2014-07-11T03:08:00.000Z,G0002,False,,False
1089083296,Sun,2014-07-11T03:08:00.000Z,2014-07-11T03:12:00.000Z,G0002,False,,False
1089083536,Sun,2014-07-11T03:12:00.000Z,2014-07-11T03:16:00.000Z,G0002,False,,False
1089083776,Sun,2014-07-11T03:16:00.000Z,2014-07-11T03:20:00.000Z,G0002,False,,False
1089084016,Sun,2014-07-11T03:20:00.000Z,2014-07-11T03:24:00.000Z,G0002,False,,False
1089084256,Sun,2014-07-11T03:24:00.000Z,2014-07-11T03:28:00.000Z,G0002,False,,False
1089084496,Sun,2014-07-11T03:28:00.000Z,2014-07-11T03:32:00.000Z,G0002,False,,False
1089084736,Sun,2014-07-11T03:32:00.000Z,2014-07-11T03:36:00.000Z,G0002,False,,False
1089084976,Sun,2014-07-11T03:36:00.000Z,2014-07-11T03:40:00.000Z,G0002,False,,False
1089085216,Sun,2014-07-11T03:40:00.000Z,2014-07-11T03:44:00.000Z,G0002,False,,False
1089085456,Sun,2014-07-11T03:44:00.000Z,2014-07-11T03:48:00.000Z,G0002,False,,False
1089085696,Sun,2014-07-11T03:48:00.000Z,2014-07-11T03:52:00.000Z,G0002,False,,False
1089085936,Sun,2014-07-11T03:52:00.000Z,2014-07-11T03:56:00.000Z,G0002,False,,False
1089086176,Sun,2014-07-11T03:56:00.000Z,2014-07-11T04:00:00.000Z,G0002,False,,False
1089093616,Sun,2014-07-11T06:00:00.000Z,2014-07-11T06:04:00.000Z,G0002,False,,False
1089093856,Sun,2014-07-11T06:04:00.000Z,2014-07-11T06:08:00.000Z,G0002,False,,False
1089094096,Sun,2014-07-11T06:08:00.000Z,2014-07-11T06:12:00.000Z,G0002,False,,False
1089094336,Sun,2014-07-11T06:12:00.000Z,2014-07-11T06:16:00.000Z,G0002,False,,False
1089094576,Sun,2014-07-11T06:16:00.000Z,2014-07-11T06:20:00.000Z,G0002,False,,False
1089094816,Sun,2014-07-11T06:20:00.000Z,2014-07-11T06:24:00.000Z,G0002,False,,False
1089095056,Sun,2014-07-11T06:24:00.000Z,2014-07-11T06:28:00.000Z,G0002,False,,False
1089095296,Sun,2014-07-11T06:28:00.000Z,2014-07-11T06:32:00.000Z,G0002,False,,False
1089095536,Sun,2014-07-11T06:32:00.000Z,2014-07-11T06:36:00.000Z,G0002,False,,False
1089095776,Sun,2014-07-11T06:36:00.000Z,2014-07-11T06:40:00.000Z,G0002,False,,False
1089096016,Sun,2014-07-11T06:40:00.000Z,2014-07-11T06:44:00.000Z,G0002,False,,False
1089096256,Sun,2014-07-11T06:44:00.000Z,2014-07-11T06:48:00.000Z,G0002,False,,False
1089096496,Sun,2014-07-11T06:48:00.000Z,2014-07-11T06:52:00.000Z,G0002,False,,False
1089096736,Sun,2014-07-11T06:52:00.000Z,2014-07-11T06:56:00.000Z,G0002,False,,False
1089096976,Sun,2014-07-11T06:56:00.000Z,2014-07-11T07:00:00.000Z,G0002,False,,False
1089163456,Sun,2014-07-12T01:24:00.000Z,2014-07-12T01:28:00.000Z,G0002,False,,False
1089163696,Sun,2014-07-12T01:28:00.000Z,2014-07-12T01:32:00.000Z,G0002,False,,False
1089163936,Sun,2014-07-12T01:32:00.000Z,2014-07-12T01:36:00.000Z,G0002,False,,False
1089164176,Sun,2014-07-12T01:36:00.000Z,2014-07-12T01:40:00.000Z,G0002,False,,False
1089164416,Sun,2014-07-12T01:40:00.000Z,2014-07-12T01:44:00.000Z,G0002,False,,False
1089164656,Sun,2014-07-12T01:44:00.000Z,2014-07-12T01:48:00.000Z,G0002,False,,False
1089164896,Sun,2014-07-12T01:48:00.000Z,2014-07-12T01:52:00.000Z,G0002,False,,False
1089165136,Sun,2014-07-12T01:52:00.000Z,2014-07-12T01:56:00.000Z,G0002,False,,False
1089165376,Sun,2014-07-12T01:56:00.000Z,2014-07-12T02:00:00.000Z,G0002,False,,False
1089169216,Sun,2014-07-12T03:00:00.000Z,2014-07-12T03:04:00.000Z,G0002,False,,False
1089169456,Sun,2014-07-12T03:04:00.000Z,2014-07-12T03:08:00.000Z,G0002,False,,False
1089169696,Sun,2014-07-12T03:08:00.000Z,2014-07-12T03:12:00.000Z,G0002,False,,False
1089169936,Sun,2014-07-12T03:12:00.000Z,2014-07-12T03:16:00.000Z,G0002,False,,False
1089170176,Sun,2014-07-12T03:16:00.000Z,2014-07-12T03:20:00.000Z,G0002,False,,False
1089170416,Sun,2014-07-12T03:20:00.000Z,2014-07-12T03:24:00.000Z,G0002,False,,False
1089170656,Sun,2014-07-12T03:24:00.000Z,2014-07-12T03:28:00.000Z,G0002,False,,False
1089170896,Sun,2014-07-12T03:28:00.000Z,2014-07-12T03:32:00.000Z,G0002,False,,False
1089171136,Sun,2014-07-12T03:32:00.000Z,2014-07-12T03:36:00.000Z,G0002,False,,False
1089171376,Sun,2014-07-12T03:36:00.000Z,2014-07-12T03:40:00.000Z,G0002,False,,False
1089171616,Sun,2014-07-12T03:40:00.000Z,2014-07-12T03:44:00.000Z,G0002,False,,False
1089171856,Sun,2014-07-12T03:44:00.000Z,2014-07-12T03:48:00.000Z,G0002,False,,False
1089172096,Sun,2014-07-12T03:48:00.000Z,2014-07-12T03:52:00.000Z,G0002,False,,False
1089172336,Sun,2014-07-12T03:52:00.000Z,2014-07-12T03:56:00.000Z,G0002,False,,False
1089172576,Sun,2014-07-12T03:56:00.000Z,2014-07-12T04:00:00.000Z,G0002,False,,False
1089180016,Sun,2014-07-12T06:00:00.000Z,2014-07-12T06:04:00.000Z,G0002,False,,False
1089180256,Sun,2014-07-12T06:04:00.000Z,2014-07-12T06:08:00.000Z,G0002,False,,False
1089180496,Sun,2014-07-12T06:08:00.000Z,2014-07-12T06:12:00.000Z,G0002,False,,False
1089180736,Sun,2014-07-12T06:12:00.000Z,2014-07-12T06:16:00.000Z,G0002,False,,False
1089180976,Sun,2014-07-12T06:16:00.000Z,2014-07-12T06:20:00.000Z,G0002,False,,False
1089181216,Sun,2014-07-12T06:20:00.000Z,2014-07-12T06:24:00.000Z,G0002,False,,False
1089181456,Sun,2014-07-12T06:24:00.000Z,2014-07-12T06:28:00.000Z,G0002,False,,False
1089181696,Sun,2014-07-12T06:28:00.000Z,2014-07-12T06:32:00.000Z,G0002,False,,False
1089181936,Sun,2014-07-12T06:32:00.000Z,2014-07-12T06:36:00.000Z,G0002,False,,False
1089182176,Sun,2014-07-12T06:36:00.000Z,2014-07-12T06:40:00.000Z,G0002,False,,False
1089182416,Sun,2014-07-12T06:40:00.000Z,2014-07-12T06:44:00.000Z,G0002,False,,False
1089182656,Sun,2014-07-12T06:44:00.000Z,2014-07-12T06:48:00.000Z,G0002,False,,False
1089182896,Sun,2014-07-12T06:48:00.000Z,2014-07-12T06:52:00.000Z,G0002,False,,False
1089183136,Sun,2014-07-12T06:52:00.000Z,2014-07-12T06:56:00.000Z,G0002,False,,False
1089183376,Sun,2014-07-12T06:56:00.000Z,2014-07-12T07:00:00.000Z,G0002,False,,False
1089768016,Sun,2014-07-19T01:20:00.000Z,2014-07-19T01:24:00.000Z,G0002,False,,False
1089768256,Sun,2014-07-19T01:24:00.000Z,2014-07-19T01:28:00.000Z,G0002,False,,False
1089768496,Sun,2014-07-19T01:28:00.000Z,2014-07-19T01:32:00.000Z,G0002,False,,False
1089768736,Sun,2014-07-19T01:32:00.000Z,2014-07-19T01:36:00.000Z,G0002,False,,False
1089768976,Sun,2014-07-19T01:36:00.000Z,2014-07-19T01:40:00.000Z,G0002,False,,False
1089769216,Sun,2014-07-19T01:40:00.000Z,2014-07-19T01:44:00.000Z,G0002,False,,False
1089769456,Sun,2014-07-19T01:44:00.000Z,2014-07-19T01:48:00.000Z,G0002,False,,False
1089769696,Sun,2014-07-19T01:48:00.000Z,2014-07-19T01:52:00.000Z,G0002,False,,False
1089769936,Sun,2014-07-19T01:52:00.000Z,2014-07-19T01:56:00.000Z,G0002,False,,False
1089770176,Sun,2014-07-19T01:56:00.000Z,2014-07-19T02:00:00.000Z,G0002,False,,False
1089774016,Sun,2014-07-19T03:00:00.000Z,2014-07-19T03:04:00.000Z,G0002,False,,False
1089774256,Sun,2014-07-19T03:04:00.000Z,2014-07-19T03:08:00.000Z,G0002,False,,False
1089774496,Sun,2014-07-19T03:08:00.000Z,2014-07-19T03:12:00.000Z,G0002,False,,False
1089774736,Sun,2014-07-19T03:12:00.000Z,2014-07-19T03:16:00.000Z,G0002,False,,False
1089774976,Sun,2014-07-19T03:16:00.000Z,2014-07-19T03:20:00.000Z,G0002,False,,False
1089775216,Sun,2014-07-19T03:20:00.000Z,2014-07-19T03:24:00.000Z,G0002,False,,False
1089775456,Sun,2014-07-19T03:24:00.000Z,2014-07-19T03:28:00.000Z,G0002,False,,False
1089775696,Sun,2014-07-19T03:28:00.000Z,2014-07-19T03:32:00.000Z,G0002,False,,False
1089775936,Sun,2014-07-19T03:32:00.000Z,2014-07-19T03:36:00.000Z,G0002,False,,False
1089776176,Sun,2014-07-19T03:36:00.000Z,2014-07-19T03:40:00.000Z,G0002,False,,False
1089776416,Sun,2014-07-19T03:40:00.000Z,2014-07-19T03:44:00.000Z,G0002,False,,False
1089776656,Sun,2014-07-19T03:44:00.000Z,2014-07-19T03:48:00.000Z,G0002,False,,False
1089776896,Sun,2014-07-19T03:48:00.000Z,2014-07-19T03:52:00.000Z,G0002,False,,False
1089777136,Sun,2014-07-19T03:52:00.000Z,2014-07-19T03:56:00.000Z,G0002,False,,False
1089777376,Sun,2014-07-19T03:56:00.000Z,2014-07-19T04:00:00.000Z,G0002,False,,False
1089784816,Sun,2014-07-19T06:00:00.000Z,2014-07-19T06:04:00.000Z,G0002,False,,False
1089785056,Sun,2014-07-19T06:04:00.000Z,2014-07-19T06:08:00.000Z,G0002,False,,False
1089785296,Sun,2014-07-19T06:08:00.000Z,2014-07-19T06:12:00.000Z,G0002,False,,False
1089785536,Sun,2014-07-19T06:12:00.000Z,2014-07-19T06:16:00.000Z,G0002,False,,False
1089785776,Sun,2014-07-19T06:16:00.000Z,2014-07-19T06:20:00.000Z,G0002,False,,False
1089786016,Sun,2014-07-19T06:20:00.000Z,2014-07-19T06:24:00.000Z,G0002,False,,False
1089786256,Sun,2014-07-19T06:24:00.000Z,2014-07-19T06:28:00.000Z,G0002,False,,False
1089786496,Sun,2014-07-19T06:28:00.000Z,2014-07-19T06:32:00.000Z,G0002,False,,False
1089786736,Sun,2014-07-19T06:32:00.000Z,2014-07-19T06:36:00.000Z,G0002,False,,False
1089786976,Sun,2014-07-19T06:36:00.000Z,2014-07-19T06:40:00.000Z,G0002,False,,False
1089787216,Sun,2014-07-19T06:40:00.000Z,2014-07-19T06:44:00.000Z,G0002,False,,False
1089787456,Sun,2014-07-19T06:44:00.000Z,2014-07-19T06:48:00.000Z,G0002,False,,False
1089787696,Sun,2014-07-19T06:48:00.000Z,2014-07-19T06:52:00.000Z,G0002,False,,False
1089787936,Sun,2014-07-19T06:52:00.000Z,2014-07-19T06:56:00.000Z,G0002,False,,False
1089788176,Sun,2014-07-19T06:56:00.000Z,2014-07-19T07:00:00.000Z,G0002,False,,False
1089854176,Sun,2014-07-20T01:16:00.000Z,2014-07-20T01:20:00.000Z,G0002,False,,False
1089854416,Sun,2014-07-20T01:20:00.000Z,2014-07-20T01:24:00.000Z,G0002,False,,False
1089854656,Sun,2014-07-20T01:24:00.000Z,2014-07-20T01:28:00.000Z,G0002,False,,False
1089854896,Sun,2014-07-20T01:28:00.000Z,2014-07-20T01:32:00.000Z,G0002,False,,False
1089855136,Sun,2014-07-20T01:32:00.000Z,2014-07-20T01:36:00.000Z,G0002,False,,False
1089855376,Sun,2014-07-20T01:36:00.000Z,2014-07-20T01:40:00.000Z,G0002,False,,False
1089855616,Sun,2014-07-20T01:40:00.000Z,2014-07-20T01:44:00.000Z,G0002,False,,False
1089855856,Sun,2014-07-20T01:44:00.000Z,2014-07-20T01:48:00.000Z,G0002,False,,False
1089856096,Sun,2014-07-20T01:48:00.000Z,2014-07-20T01:52:00.000Z,G0002,False,,False
1089856336,Sun,2014-07-20T01:52:00.000Z,2014-07-20T01:56:00.000Z,G0002,False,,False
1089856576,Sun,2014-07-20T01:56:00.000Z,2014-07-20T02:00:00.000Z,G0002,False,,False
1089860416,Sun,2014-07-20T03:00:00.000Z,2014-07-20T03:04:00.000Z,G0002,False,,False
1089860656,Sun,2014-07-20T03:04:00.000Z,2014-07-20T03:08:00.000Z,G0002,False,,False
1089860896,Sun,2014-07-20T03:08:00.000Z,2014-07-20T03:12:00.000Z,G0002,False,,False
1089861136,Sun,2014-07-20T03:12:00.000Z,2014-07-20T03:16:00.000Z,G0002,False,,False
1089861376,Sun,2014-07-20T03:16:00.000Z,2014-07-20T03:20:00.000Z,G0002,False,,False
1089861616,Sun,2014-07-20T03:20:00.000Z,2014-07-20T03:24:00.000Z,G0002,False,,False
1089861856,Sun,2014-07-20T03:24:00.000Z,2014-07-20T03:28:00.000Z,G0002,False,,False
1089862096,Sun,2014-07-20T03:28:00.000Z,2014-07-20T03:32:00.000Z,G0002,False,,False
1089862336,Sun,2014-07-20T03:32:00.000Z,2014-07-20T03:36:00.000Z,G0002,False,,False
1089862576,Sun,2014-07-20T03:36:00.000Z,2014-07-20T03:40:00.000Z,G0002,False,,False
1089862816,Sun,2014-07-20T03:40:00.000Z,2014-07-20T03:44:00.000Z,G0002,False,,False
1089863056,Sun,2014-07-20T03:44:00.000Z,2014-07-20T03:48:00.000Z,G0002,False,,False
1089863296,Sun,2014-07-20T03:48:00.000Z,2014-07-20T03:52:00.000Z,G0002,False,,False
1089863536,Sun,2014-07-20T03:52:00.000Z,2014-07-20T03:56:00.000Z,G0002,False,,False
1089863776,Sun,2014-07-20T03:56:00.000Z,2014-07-20T04:00:00.000Z,G0002,False,,False
1089871216,Sun,2014-07-20T06:00:00.000Z,2014-07-20T06:04:00.000Z,G0002,False,,False
1089871456,Sun,2014-07-20T06:04:00.000Z,2014-07-20T06:08:00.000Z,G0002,False,,False
1089871696,Sun,2014-07-20T06:08:00.000Z,2014-07-20T06:12:00.000Z,G0002,False,,False
1089871936,Sun,2014-07-20T06:12:00.000Z,2014-07-20T06:16:00.000Z,G0002,False,,False
1089872176,Sun,2014-07-20T06:16:00.000Z,2014-07-20T06:20:00.000Z,G0002,False,,False
1089872416,Sun,2014-07-20T06:20:00.000Z,2014-07-20T06:24:00.000Z,G0002,False,,False
1089872656,Sun,2014-07-20T06:24:00.000Z,2014-07-20T06:28:00.000Z,G0002,False,,False
1089872896,Sun,2014-07-20T06:28:00.000Z,2014-07-20T06:32:00.000Z,G0002,False,,False
1089873136,Sun,2014-07-20T06:32:00.000Z,2014-07-20T06:36:00.000Z,G0002,False,,False
1089873376,Sun,2014-07-20T06:36:00.000Z,2014-07-20T06:40:00.000Z,G0002,False,,False
1089873616,Sun,2014-07-20T06:40:00.000Z,2014-07-20T06:44:00.000Z,G0002,False,,False
1089873856,Sun,2014-07-20T06:44:00.000Z,2014-07-20T06:48:00.000Z,G0002,False,,False
1089874096,Sun,2014-07-20T06:48:00.000Z,2014-07-20T06:52:00.000Z,G0002,False,,False
1089874336,Sun,2014-07-20T06:52:00.000Z,2014-07-20T06:56:00.000Z,G0002,False,,False
1089874576,Sun,2014-07-20T06:56:00.000Z,2014-07-20T07:00:00.000Z,G0002,False,,False
1090890016,Sun_track,2014-08-01T01:00:00.000Z,2014-08-01T01:29:52.000Z,G0002,False,,False
1090891816,Sun_track,2014-08-01T01:30:00.000Z,2014-08-01T01:59:52.000Z,G0002,False,,False
1090897216,Sun_track,2014-08-01T03:00:00.000Z,2014-08-01T03:29:52.000Z,G0002,False,,False
1090899016,Sun_track,2014-08-01T03:30:00.000Z,2014-08-01T03:59:52.000Z,G0002,False,,False
1090908016,Sun_track,2014-08-01T06:00:00.000Z,2014-08-01T06:29:52.000Z,G0002,False,,False
1090909816,Sun_track,2014-08-01T06:30:00.000Z,2014-08-01T06:59:52.000Z,G0002,False,,False
1090976416,Sun_track,2014-08-02T01:00:00.000Z,2014-08-02T01:29:52.000Z,G0002,False,,False
1090978216,Sun_track,2014-08-02T01:30:00.000Z,2014-08-02T01:59:52.000Z,G0002,False,,False
1090983616,Sun_track,2014-08-02T03:00:00.000Z,2014-08-02T03:29:52.000Z,G0002,False,,False
1090985416,Sun_track,2014-08-02T03:30:00.000Z,2014-08-02T03:59:52.000Z,G0002,False,,False
1090994416,Sun_track,2014-08-02T06:00:00.000Z,2014-08-02T06:29:52.000Z,G0002,False,,False
1090996216,Sun_track,2014-08-02T06:30:00.000Z,2014-08-02T06:59:52.000Z,G0002,False,,False
1091062816,Sun_track,2014-08-03T01:00:00.000Z,2014-08-03T01:29:52.000Z,G0002,False,,False
1091064616,Sun_track,2014-08-03T01:30:00.000Z,2014-08-03T01:59:52.000Z,G0002,False,,False
1091070016,Sun_track,2014-08-03T03:00:00.000Z,2014-08-03T03:29:52.000Z,G0002,False,,False
1091071816,Sun_track,2014-08-03T03:30:00.000Z,2014-08-03T03:59:52.000Z,G0002,False,,False
1091080816,Sun_track,2014-08-03T06:00:00.000Z,2014-08-03T06:29:52.000Z,G0002,False,,False
1091082616,Sun_track,2014-08-03T06:30:00.000Z,2014-08-03T06:59:52.000Z,G0002,False,,False
1091149216,Sun_track,2014-08-04T01:00:00.000Z,2014-08-04T01:29:52.000Z,G0002,False,,False
1091151016,Sun_track,2014-08-04T01:30:00.000Z,2014-08-04T01:59:52.000Z,G0002,False,,False
1091156416,Sun_track,2014-08-04T03:00:00.000Z,2014-08-04T03:29:52.000Z,G0002,False,,False
1091158216,Sun_track,2014-08-04T03:30:00.000Z,2014-08-04T03:59:52.000Z,G0002,False,,False
1091167216,Sun_track,2014-08-04T06:00:00.000Z,2014-08-04T06:29:52.000Z,G0002,False,,False
1091169016,Sun_track,2014-08-04T06:30:00.000Z,2014-08-04T06:59:52.000Z,G0002,False,,False
1091235616,Sun_track,2014-08-05T01:00:00.000Z,2014-08-05T01:29:52.000Z,G0002,False,,False
1091237416,Sun_track,2014-08-05T01:30:00.000Z,2014-08-05T01:59:52.000Z,G0002,False,,False
1091242816,Sun_track,2014-08-05T03:00:00.000Z,2014-08-05T03:29:52.000Z,G0002,False,,False
1091244616,Sun_track,2014-08-05T03:30:00.000Z,2014-08-05T03:59:52.000Z,G0002,False,,False
1091253616,Sun_track,2014-08-05T06:00:00.000Z,2014-08-05T06:29:52.000Z,G0002,False,,False
1091255416,Sun_track,2014-08-05T06:30:00.000Z,2014-08-05T06:59:52.000Z,G0002,False,,False
1091322016,Sun_track,2014-08-06T01:00:00.000Z,2014-08-06T01:29:52.000Z,G0002,False,,False
1091323816,Sun_track,2014-08-06T01:30:00.000Z,2014-08-06T01:59:52.000Z,G0002,False,,False
1091329216,Sun_track,2014-08-06T03:00:00.000Z,2014-08-06T03:29:52.000Z,G0002,False,,False
1091331016,Sun_track,2014-08-06T03:30:00.000Z,2014-08-06T03:59:52.000Z,G0002,False,,False
1091340960,Sun_track,2014-08-06T06:15:44.000Z,2014-08-06T06:29:52.000Z,G0002,False,,False
1091341816,Sun_track,2014-08-06T06:30:00.000Z,2014-08-06T06:59:52.000Z,G0002,False,,False
1091408416,Sun_track,2014-08-07T01:00:00.000Z,2014-08-07T01:29:52.000Z,G0002,False,,False
1091410216,Sun_track,2014-08-07T01:30:00.000Z,2014-08-07T01:59:52.000Z,G0002,False,,False
1091415616,Sun_track,2014-08-07T03:00:00.000Z,2014-08-07T03:29:52.000Z,G0002,False,,False
1091417416,Sun_track,2014-08-07T03:30:00.000Z,2014-08-07T03:59:52.000Z,G0002,False,,False
1091426416,Sun_track,2014-08-07T06:00:00.000Z,2014-08-07T06:29:52.000Z,G0002,False,,False
1091428216,Sun_track,2014-08-07T06:30:00.000Z,2014-08-07T06:59:52.000Z,G0002,False,,False
1091494816,Sun_track,2014-08-08T01:00:00.000Z,2014-08-08T01:29:52.000Z,G0002,False,,False
1091496616,Sun_track,2014-08-08T01:30:00.000Z,2014-08-08T01:59:52.000Z,G0002,False,,False
1091502016,Sun_track,2014-08-08T03:00:00.000Z,2014-08-08T03:29:52.000Z,G0002,False,,False
1091503816,Sun_track,2014-08-08T03:30:00.000Z,2014-08-08T03:59:52.000Z,G0002,False,,False
1091512816,Sun_track,2014-08-08T06:00:00.000Z,2014-08-08T06:29:52.000Z,G0002,False,,False
1091514616,Sun_track,2014-08-08T06:30:00.000Z,2014-08-08T06:59:52.000Z,G0002,False,,False
1091581216,Sun_track,2014-08-09T01:00:00.000Z,2014-08-09T01:29:52.000Z,G0002,False,,False
1091583016,Sun_track,2014-08-09T01:30:00.000Z,2014-08-09T01:59:52.000Z,G0002,False,,False
1091588416,Sun_track,2014-08-09T03:00:00.000Z,2014-08-09T03:29:52.000Z,G0002,False,,False
1091590216,Sun_track,2014-08-09T03:30:00.000Z,2014-08-09T03:59:52.000Z,G0002,False,,False
1091599216,Sun_track,2014-08-09T06:00:00.000Z,2014-08-09T06:29:52.000Z,G0002,False,,False
1091601016,Sun_track,2014-08-09T06:30:00.000Z,2014-08-09T06:59:52.000Z,G0002,False,,False
1091667616,Sun_track,2014-08-10T01:00:00.000Z,2014-08-10T01:29:52.000Z,G0002,False,,False
1091669416,Sun_track,2014-08-10T01:30:00.000Z,2014-08-10T01:59:52.000Z,G0002,False,,False
1091674816,Sun_track,2014-08-10T03:00:00.000Z,2014-08-10T03:29:52.000Z,G0002,False,,False
1091676616,Sun_track,2014-08-10T03:30:00.000Z,2014-08-10T03:59:52.000Z,G0002,False,,False
1091685616,Sun_track,2014-08-10T06:00:00.000Z,2014-08-10T06:29:52.000Z,G0002,False,,False
1091687416,Sun_track,2014-08-10T06:30:00.000Z,2014-08-10T06:59:52.000Z,G0002,False,,False
1091772016,Sun_track,2014-08-11T06:00:00.000Z,2014-08-11T06:29:52.000Z,G0002,False,,False
1091773816,Sun_track,2014-08-11T06:30:00.000Z,2014-08-11T06:59:52.000Z,G0002,False,,False
1091840416,Sun_track,2014-08-12T01:00:00.000Z,2014-08-12T01:29:52.000Z,G0002,False,,False
1091842216,Sun_track,2014-08-12T01:30:00.000Z,2014-08-12T01:59:52.000Z,G0002,False,,False
1091847616,Sun_track,2014-08-12T03:00:00.000Z,2014-08-12T03:29:52.000Z,G0002,False,,False
1091849416,Sun_track,2014-08-12T03:30:00.000Z,2014-08-12T03:59:52.000Z,G0002,False,,False
1091858416,Sun_track,2014-08-12T06:00:00.000Z,2014-08-12T06:29:52.000Z,G0002,False,,False
1091860216,Sun_track,2014-08-12T06:30:00.000Z,2014-08-12T06:59:52.000Z,G0002,False,,False
1091926816,Sun_track,2014-08-13T01:00:00.000Z,2014-08-13T01:29:52.000Z,G0002,False,,False
1091928616,Sun_track,2014-08-13T01:30:00.000Z,2014-08-13T01:59:52.000Z,G0002,False,,False
1091934016,Sun_track,2014-08-13T03:00:00.000Z,2014-08-13T03:29:52.000Z,G0002,False,,False
1091935816,Sun_track,2014-08-13T03:30:00.000Z,2014-08-13T03:59:52.000Z,G0002,False,,False
1092013216,Sun_track,2014-08-14T01:00:00.000Z,2014-08-14T01:29:52.000Z,G0002,False,,False
1092015016,Sun_track,2014-08-14T01:30:00.000Z,2014-08-14T01:59:52.000Z,G0002,False,,False
1092020416,Sun_track,2014-08-14T03:00:00.000Z,2014-08-14T03:29:52.000Z,G0002,False,,False
1092022216,Sun_track,2014-08-14T03:30:00.000Z,2014-08-14T03:59:52.000Z,G0002,False,,False
1092031216,Sun_track,2014-08-14T06:00:00.000Z,2014-08-14T06:29:52.000Z,G0002,False,,False
1092033016,Sun_track,2014-08-14T06:30:00.000Z,2014-08-14T06:59:52.000Z,G0002,False,,False
1092099616,Sun_track,2014-08-15T01:00:00.000Z,2014-08-15T01:29:52.000Z,G0002,False,,False
1092101416,Sun_track,2014-08-15T01:30:00.000Z,2014-08-15T01:59:52.000Z,G0002,False,,False
1092106816,Sun_track,2014-08-15T03:00:00.000Z,2014-08-15T03:29:52.000Z,G0002,False,,False
1092108616,Sun_track,2014-08-15T03:30:00.000Z,2014-08-15T03:59:52.000Z,G0002,False,,False
1092117616,Sun_track,2014-08-15T06:00:00.000Z,2014-08-15T06:29:52.000Z,G0002,False,,False
1092119416,Sun_track,2014-08-15T06:30:00.000Z,2014-08-15T06:59:52.000Z,G0002,False,,False
1092186016,Sun_track,2014-08-16T01:00:00.000Z,2014-08-16T01:29:52.000Z,G0002,False,,False
1092187816,Sun_track,2014-08-16T01:30:00.000Z,2014-08-16T01:59:52.000Z,G0002,False,,False
1092193216,Sun_track,2014-08-16T03:00:00.000Z,2014-08-16T03:29:52.000Z,G0002,False,,False
1092195016,Sun_track,2014-08-16T03:30:00.000Z,2014-08-16T03:59:52.000Z,G0002,False,,False
1092204016,Sun_track,2014-08-16T06:00:00.000Z,2014-08-16T06:29:52.000Z,G0002,False,,False
1092205816,Sun_track,2014-08-16T06:30:00.000Z,2014-08-16T06:59:52.000Z,G0002,False,,False
1092272416,Sun_track,2014-08-17T01:00:00.000Z,2014-08-17T01:29:52.000Z,G0002,False,,False
1092274216,Sun_track,2014-08-17T01:30:00.000Z,2014-08-17T01:59:52.000Z,G0002,False,,False
1092279616,Sun_track,2014-08-17T03:00:00.000Z,2014-08-17T03:29:52.000Z,G0002,False,,False
1092281416,Sun_track,2014-08-17T03:30:00.000Z,2014-08-17T03:59:52.000Z,G0002,False,,False
1092290416,Sun_track,2014-08-17T06:00:00.000Z,2014-08-17T06:29:52.000Z,G0002,False,,False
1092292216,Sun_track,2014-08-17T06:30:00.000Z,2014-08-17T06:59:52.000Z,G0002,False,,False
1092358816,Sun_track,2014-08-18T01:00:00.000Z,2014-08-18T01:29:52.000Z,G0002,False,,False
1092360616,Sun_track,2014-08-18T01:30:00.000Z,2014-08-18T01:59:52.000Z,G0002,False,,False
1092366016,Sun_track,2014-08-18T03:00:00.000Z,2014-08-18T03:29:52.000Z,G0002,False,,False
1092367816,Sun_track,2014-08-18T03:30:00.000Z,2014-08-18T03:59:52.000Z,G0002,False,,False
1092376816,Sun_track,2014-08-18T06:00:00.000Z,2014-08-18T06:29:52.000Z,G0002,False,,False
1092378616,Sun_track,2014-08-18T06:30:00.000Z,2014-08-18T06:59:52.000Z,G0002,False,,False
1092445216,Sun_track,2014-08-19T01:00:00.000Z,2014-08-19T01:29:52.000Z,G0002,False,,False
1092447016,Sun_track,2014-08-19T01:30:00.000Z,2014-08-19T01:59:52.000Z,G0002,False,,False
1092452416,Sun_track,2014-08-19T03:00:00.000Z,2014-08-19T03:29:52.000Z,G0002,False,,False
1092454216,Sun_track,2014-08-19T03:30:00.000Z,2014-08-19T03:59:52.000Z,G0002,False,,False
1092463216,Sun_track,2014-08-19T06:00:00.000Z,2014-08-19T06:29:52.000Z,G0002,False,,False
1092465016,Sun_track,2014-08-19T06:30:00.000Z,2014-08-19T06:59:52.000Z,G0002,False,,False
1092531616,Sun_track,2014-08-20T01:00:00.000Z,2014-08-20T01:29:52.000Z,G0002,False,,False
1092533416,Sun_track,2014-08-20T01:30:00.000Z,2014-08-20T01:59:52.000Z,G0002,False,,False
1092538816,Sun_track,2014-08-20T03:00:00.000Z,2014-08-20T03:29:52.000Z,G0002,False,,False
1092540616,Sun_track,2014-08-20T03:30:00.000Z,2014-08-20T03:59:52.000Z,G0002,False,,False
1092549616,Sun_track,2014-08-20T06:00:00.000Z,2014-08-20T06:02:24.000Z,G0002,False,,False
1092618016,Sun_track,2014-08-21T01:00:00.000Z,2014-08-21T01:29:52.000Z,G0002,False,,False
1092619816,Sun_track,2014-08-21T01:30:00.000Z,2014-08-21T01:59:52.000Z,G0002,False,,False
1092625216,Sun_track,2014-08-21T03:00:00.000Z,2014-08-21T03:29:52.000Z,G0002,False,,False
1092627016,Sun_track,2014-08-21T03:30:00.000Z,2014-08-21T03:59:52.000Z,G0002,False,,False
1092636016,Sun_track,2014-08-21T06:00:00.000Z,2014-08-21T06:29:52.000Z,G0002,False,,False
1092637816,Sun_track,2014-08-21T06:30:00.000Z,2014-08-21T06:59:52.000Z,G0002,False,,False
1092704416,Sun_track,2014-08-22T01:00:00.000Z,2014-08-22T01:29:52.000Z,G0002,False,,False
1092706216,Sun_track,2014-08-22T01:30:00.000Z,2014-08-22T01:59:52.000Z,G0002,False,,False
1092711616,Sun_track,2014-08-22T03:00:00.000Z,2014-08-22T03:29:52.000Z,G0002,False,,False
1092713416,Sun_track,2014-08-22T03:30:00.000Z,2014-08-22T03:59:52.000Z,G0002,False,,False
1092722416,Sun_track,2014-08-22T06:00:00.000Z,2014-08-22T06:29:52.000Z,G0002,False,,False
1092724216,Sun_track,2014-08-22T06:30:00.000Z,2014-08-22T06:59:52.000Z,G0002,False,,False
1092790816,Sun_track,2014-08-23T01:00:00.000Z,2014-08-23T01:29:52.000Z,G0002,False,,False
1092792616,Sun_track,2014-08-23T01:30:00.000Z,2014-08-23T01:59:52.000Z,G0002,False,,False
1092798016,Sun_track,2014-08-23T03:00:00.000Z,2014-08-23T03:29:52.000Z,G0002,False,,False
1092799816,Sun_track,2014-08-23T03:30:00.000Z,2014-08-23T03:59:52.000Z,G0002,False,,False
1092808816,Sun_track,2014-08-23T06:00:00.000Z,2014-08-23T06:29:52.000Z,G0002,False,,False
1092810616,Sun_track,2014-08-23T06:30:00.000Z,2014-08-23T06:59:52.000Z,G0002,False,,False
1092877216,Sun_track,2014-08-24T01:00:00.000Z,2014-08-24T01:29:52.000Z,G0002,False,,False
1092879016,Sun_track,2014-08-24T01:30:00.000Z,2014-08-24T01:59:52.000Z,G0002,False,,False
1092884416,Sun_track,2014-08-24T03:00:00.000Z,2014-08-24T03:29:52.000Z,G0002,False,,False
1092886216,Sun_track,2014-08-24T03:30:00.000Z,2014-08-24T03:59:52.000Z,G0002,False,,False
1092895216,Sun_track,2014-08-24T06:00:00.000Z,2014-08-24T06:29:52.000Z,G0002,False,,False
1092897016,Sun_track,2014-08-24T06:30:00.000Z,2014-08-24T06:59:52.000Z,G0002,False,,False
1092963616,Sun_track,2014-08-25T01:00:00.000Z,2014-08-25T01:29:52.000Z,G0002,False,,False
1092965416,Sun_track,2014-08-25T01:30:00.000Z,2014-08-25T01:59:52.000Z,G0002,False,,False
1092970816,Sun_track,2014-08-25T03:00:00.000Z,2014-08-25T03:29:52.000Z,G0002,False,,False
1092972616,Sun_track,2014-08-25T03:30:00.000Z,2014-08-25T03:59:52.000Z,G0002,False,,False
1092981616,Sun_track,2014-08-25T06:00:00.000Z,2014-08-25T06:29:52.000Z,G0002,False,,False
1092983416,Sun_track,2014-08-25T06:30:00.000Z,2014-08-25T06:59:52.000Z,G0002,False,,False
1093050896,CORR_MODE_40_0.5,2014-08-26T01:14:40.000Z,2014-08-26T01:14:56.000Z,G0002,False,,False
1093050920,PicA,2014-08-26T01:15:04.000Z,2014-08-26T01:16:56.000Z,G0002,True,PicA,False
1093051040,Sun,2014-08-26T01:17:04.000Z,2014-08-26T01:22:00.000Z,G0002,False,,False
1093051336,Sun,2014-08-26T01:22:00.000Z,2014-08-26T01:26:56.000Z,G0002,False,,False
1093051640,Sun,2014-08-26T01:27:04.000Z,2014-08-26T01:32:00.000Z,G0002,False,,False
1093051936,Sun,2014-08-26T01:32:00.000Z,2014-08-26T01:36:56.000Z,G0002,False,,False
1093052240,Sun,2014-08-26T01:37:04.000Z,2014-08-26T01:42:00.000Z,G0002,False,,False
1093052536,Sun,2014-08-26T01:42:00.000Z,2014-08-26T01:46:56.000Z,G0002,False,,False
1093052840,Sun,2014-08-26T01:47:04.000Z,2014-08-26T01:52:00.000Z,G0002,False,,False
1093053136,Sun,2014-08-26T01:52:00.000Z,2014-08-26T01:56:56.000Z,G0002,False,,False
1093053440,Sun,2014-08-26T01:57:04.000Z,2014-08-26T02:02:00.000Z,G0002,False,,False
1093057336,Sun,2014-08-26T03:02:00.000Z,2014-08-26T03:06:56.000Z,G0002,False,,False
1093057640,Sun,2014-08-26T03:07:04.000Z,2014-08-26T03:12:00.000Z,G0002,False,,False
1093057936,Sun,2014-08-26T03:12:00.000Z,2014-08-26T03:16:56.000Z,G0002,False,,False
1093058240,Sun,2014-08-26T03:17:04.000Z,2014-08-26T03:22:00.000Z,G0002,False,,False
1093058536,Sun,2014-08-26T03:22:00.000Z,2014-08-26T03:26:56.000Z,G0002,False,,False
1093058840,Sun,2014-08-26T03:27:04.000Z,2014-08-26T03:32:00.000Z,G0002,False,,False
1093059136,Sun,2014-08-26T03:32:00.000Z,2014-08-26T03:36:56.000Z,G0002,False,,False
1093059440,Sun,2014-08-26T03:37:04.000Z,2014-08-26T03:42:00.000Z,G0002,False,,False
1093059736,Sun,2014-08-26T03:42:00.000Z,2014-08-26T03:46:56.000Z,G0002,False,,False
1093060040,Sun,2014-08-26T03:47:04.000Z,2014-08-26T03:52:00.000Z,G0002,False,,False
1093060336,Sun,2014-08-26T03:52:00.000Z,2014-08-26T03:56:56.000Z,G0002,False,,False
1093060640,Sun,2014-08-26T03:57:04.000Z,2014-08-26T04:02:00.000Z,G0002,False,,False
1093068136,Sun,2014-08-26T06:02:00.000Z,2014-08-26T06:06:56.000Z,G0002,False,,False
1093068440,Sun,2014-08-26T06:07:04.000Z,2014-08-26T06:12:00.000Z,G0002,False,,False
1093068736,Sun,2014-08-26T06:12:00.000Z,2014-08-26T06:16:56.000Z,G0002,False,,False
1093069040,Sun,2014-08-26T06:17:04.000Z,2014-08-26T06:22:00.000Z,G0002,False,,False
1093069336,Sun,2014-08-26T06:22:00.000Z,2014-08-26T06:26:56.000Z,G0002,False,,False
1093069640,Sun,2014-08-26T06:27:04.000Z,2014-08-26T06:32:00.000Z,G0002,False,,False
1093069936,Sun,2014-08-26T06:32:00.000Z,2014-08-26T06:36:56.000Z,G0002,False,,False
1093070240,Sun,2014-08-26T06:37:04.000Z,2014-08-26T06:42:00.000Z,G0002,False,,False
1093070536,Sun,2014-08-26T06:42:00.000Z,2014-08-26T06:46:56.000Z,G0002,False,,False
1093070840,Sun,2014-08-26T06:47:04.000Z,2014-08-26T06:52:00.000Z,G0002,False,,False
1093071136,Sun,2014-08-26T06:52:00.000Z,2014-08-26T06:56:56.000Z,G0002,False,,False
1093071440,Sun,2014-08-26T06:57:04.000Z,2014-08-26T07:02:00.000Z,G0002,False,,False
1093137280,CORR_MODE_40_0.5,2014-08-27T01:14:24.000Z,2014-08-27T01:14:40.000Z,G0002,False,,False
1093137304,HydA,2014-08-27T01:14:48.000Z,2014-08-27T01:16:40.000Z,G0002,True,HydA,False
1093137424,Sun,2014-08-27T01:16:48.000Z,2014-08-27T01:21:44.000Z,G0002,False,,False
1093137720,Sun,2014-08-27T01:21:44.000Z,2014-08-27T01:26:40.000Z,G0002,False,,False
1093138024,Sun,2014-08-27T01:26:48.000Z,2014-08-27T01:31:44.000Z,G0002,False,,False
1093138320,Sun,2014-08-27T01:31:44.000Z,2014-08-27T01:36:40.000Z,G0002,False,,False
1093138624,Sun,2014-08-27T01:36:48.000Z,2014-08-27T01:41:44.000Z,G0002,False,,False
1093138920,Sun,2014-08-27T01:41:44.000Z,2014-08-27T01:46:40.000Z,G0002,False,,False
1093139224,Sun,2014-08-27T01:46:48.000Z,2014-08-27T01:51:44.000Z,G0002,False,,False
1093139520,Sun,2014-08-27T01:51:44.000Z,2014-08-27T01:56:40.000Z,G0002,False,,False
1093139824,Sun,2014-08-27T01:56:48.000Z,2014-08-27T02:01:44.000Z,G0002,False,,False
1093143720,Sun,2014-08-27T03:01:44.000Z,2014-08-27T03:06:40.000Z,G0002,False,,False
1093144024,Sun,2014-08-27T03:06:48.000Z,2014-08-27T03:11:44.000Z,G0002,False,,False
1093144320,Sun,2014-08-27T03:11:44.000Z,2014-08-27T03:16:40.000Z,G0002,False,,False
1093144624,Sun,2014-08-27T03:16:48.000Z,2014-08-27T03:21:44.000Z,G0002,False,,False
1093144920,Sun,2014-08-27T03:21:44.000Z,2014-08-27T03:26:40.000Z,G0002,False,,False
1093145224,Sun,2014-08-27T03:26:48.000Z,2014-08-27T03:31:44.000Z,G0002,False,,False
1093145520,Sun,2014-08-27T03:31:44.000Z,2014-08-27T03:36:40.000Z,G0002,False,,False
1093145824,Sun,2014-08-27T03:36:48.000Z,2014-08-27T03:41:44.000Z,G0002,False,,False
1093146120,Sun,2014-08-27T03:41:44.000Z,2014-08-27T03:46:40.000Z,G0002,False,,False
1093146424,Sun,2014-08-27T03:46:48.000Z,2014-08-27T03:51:44.000Z,G0002,False,,False
1093146720,Sun,2014-08-27T03:51:44.000Z,2014-08-27T03:56:40.000Z,G0002,False,,False
1093147024,Sun,2014-08-27T03:56:48.000Z,2014-08-27T04:01:44.000Z,G0002,False,,False
1093154520,Sun,2014-08-27T06:01:44.000Z,2014-08-27T06:06:40.000Z,G0002,False,,False
1093154824,Sun,2014-08-27T06:06:48.000Z,2014-08-27T06:11:44.000Z,G0002,False,,False
1093155120,Sun,2014-08-27T06:11:44.000Z,2014-08-27T06:16:40.000Z,G0002,False,,False
1093155424,Sun,2014-08-27T06:16:48.000Z,2014-08-27T06:21:44.000Z,G0002,False,,False
1093155720,Sun,2014-08-27T06:21:44.000Z,2014-08-27T06:26:40.000Z,G0002,False,,False
1093156024,Sun,2014-08-27T06:26:48.000Z,2014-08-27T06:31:44.000Z,G0002,False,,False
1093156320,Sun,2014-08-27T06:31:44.000Z,2014-08-27T06:36:40.000Z,G0002,False,,False
1093156624,Sun,2014-08-27T06:36:48.000Z,2014-08-27T06:41:44.000Z,G0002,False,,False
1093156920,Sun,2014-08-27T06:41:44.000Z,2014-08-27T06:46:40.000Z,G0002,False,,False
1093157224,Sun,2014-08-27T06:46:48.000Z,2014-08-27T06:51:44.000Z,G0002,False,,False
1093157520,Sun,2014-08-27T06:51:44.000Z,2014-08-27T06:56:40.000Z,G0002,False,,False
1093157824,Sun,2014-08-27T06:56:48.000Z,2014-08-27T07:01:44.000Z,G0002,False,,False
1093223664,CORR_MODE_40_0.5,2014-08-28T01:14:08.000Z,2014-08-28T01:14:24.000Z,G0002,False,,False
1093223688,HydA,2014-08-28T01:14:32.000Z,2014-08-28T01:16:24.000Z,G0002,True,HydA,False
1093223808,Sun,2014-08-28T01:16:32.000Z,2014-08-28T01:21:28.000Z,G0002,False,,False
1093224104,Sun,2014-08-28T01:21:28.000Z,2014-08-28T01:26:24.000Z,G0002,False,,False
1093224408,Sun,2014-08-28T01:26:32.000Z,2014-08-28T01:31:28.000Z,G0002,False,,False
1093224704,Sun,2014-08-28T01:31:28.000Z,2014-08-28T01:36:24.000Z,G0002,False,,False
1093225008,Sun,2014-08-28T01:36:32.000Z,2014-08-28T01:41:28.000Z,G0002,False,,False
1093225304,Sun,2014-08-28T01:41:28.000Z,2014-08-28T01:46:24.000Z,G0002,False,,False
1093225608,Sun,2014-08-28T01:46:32.000Z,2014-08-28T01:51:28.000Z,G0002,False,,False
1093225904,Sun,2014-08-28T01:51:28.000Z,2014-08-28T01:56:24.000Z,G0002,False,,False
1093226208,Sun,2014-08-28T01:56:32.000Z,2014-08-28T02:01:28.000Z,G0002,False,,False
1093230104,Sun,2014-08-28T03:01:28.000Z,2014-08-28T03:06:24.000Z,G0002,False,,False
1093230408,Sun,2014-08-28T03:06:32.000Z,2014-08-28T03:11:28.000Z,G0002,False,,False
1093230704,Sun,2014-08-28T03:11:28.000Z,2014-08-28T03:16:24.000Z,G0002,False,,False
1093231008,Sun,2014-08-28T03:16:32.000Z,2014-08-28T03:21:28.000Z,G0002,False,,False
1093231304,Sun,2014-08-28T03:21:28.000Z,2014-08-28T03:26:24.000Z,G0002,False,,False
1093231608,Sun,2014-08-28T03:26:32.000Z,2014-08-28T03:31:28.000Z,G0002,False,,False
1093231904,Sun,2014-08-28T03:31:28.000Z,2014-08-28T03:36:24.000Z,G0002,False,,False
1093232208,Sun,2014-08-28T03:36:32.000Z,2014-08-28T03:41:28.000Z,G0002,False,,False
1093232504,Sun,2014-08-28T03:41:28.000Z,2014-08-28T03:46:24.000Z,G0002,False,,False
1093232808,Sun,2014-08-28T03:46:32.000Z,2014-08-28T03:51:28.000Z,G0002,False,,False
1093233104,Sun,2014-08-28T03:51:28.000Z,2014-08-28T03:56:24.000Z,G0002,False,,False
1093233408,Sun,2014-08-28T03:56:32.000Z,2014-08-28T04:01:28.000Z,G0002,False,,False
1093240904,Sun,2014-08-28T06:01:28.000Z,2014-08-28T06:06:24.000Z,G0002,False,,False
1093241208,Sun,2014-08-28T06:06:32.000Z,2014-08-28T06:11:28.000Z,G0002,False,,False
1093241504,Sun,2014-08-28T06:11:28.000Z,2014-08-28T06:16:24.000Z,G0002,False,,False
1093241808,Sun,2014-08-28T06:16:32.000Z,2014-08-28T06:21:28.000Z,G0002,False,,False
1093242104,Sun,2014-08-28T06:21:28.000Z,2014-08-28T06:26:24.000Z,G0002,False,,False
1093242408,Sun,2014-08-28T06:26:32.000Z,2014-08-28T06:31:28.000Z,G0002,False,,False
1093242704,Sun,2014-08-28T06:31:28.000Z,2014-08-28T06:36:24.000Z,G0002,False,,False
1093243008,Sun,2014-08-28T06:36:32.000Z,2014-08-28T06:41:28.000Z,G0002,False,,False
1093243304,Sun,2014-08-28T06:41:28.000Z,2014-08-28T06:46:24.000Z,G0002,False,,False
1093243608,Sun,2014-08-28T06:46:32.000Z,2014-08-28T06:51:28.000Z,G0002,False,,False
1093243904,Sun,2014-08-28T06:51:28.000Z,2014-08-28T06:56:24.000Z,G0002,False,,False
1093244208,Sun,2014-08-28T06:56:32.000Z,2014-08-28T07:01:28.000Z,G0002,False,,False
1093310040,CORR_MODE_40_0.5,2014-08-29T01:13:44.000Z,2014-08-29T01:14:00.000Z,G0002,False,,False
1093310064,HydA,2014-08-29T01:14:08.000Z,2014-08-29T01:16:00.000Z,G0002,True,HydA,False
1093310184,Sun,2014-08-29T01:16:08.000Z,2014-08-29T01:21:04.000Z,G0002,False,,False
1093310488,Sun,2014-08-29T01:21:12.000Z,2014-08-29T01:26:08.000Z,G0002,False,,False
1093310784,Sun,2014-08-29T01:26:08.000Z,2014-08-29T01:31:04.000Z,G0002,False,,False
1093311088,Sun,2014-08-29T01:31:12.000Z,2014-08-29T01:36:08.000Z,G0002,False,,False
1093311384,Sun,2014-08-29T01:36:08.000Z,2014-08-29T01:41:04.000Z,G0002,False,,False
1093311688,Sun,2014-08-29T01:41:12.000Z,2014-08-29T01:46:08.000Z,G0002,False,,False
1093311984,Sun,2014-08-29T01:46:08.000Z,2014-08-29T01:51:04.000Z,G0002,False,,False
1093312288,Sun,2014-08-29T01:51:12.000Z,2014-08-29T01:56:08.000Z,G0002,False,,False
1093312584,Sun,2014-08-29T01:56:08.000Z,2014-08-29T02:01:04.000Z,G0002,False,,False
1093316488,Sun,2014-08-29T03:01:12.000Z,2014-08-29T03:06:08.000Z,G0002,False,,False
1093316784,Sun,2014-08-29T03:06:08.000Z,2014-08-29T03:11:04.000Z,G0002,False,,False
1093317088,Sun,2014-08-29T03:11:12.000Z,2014-08-29T03:16:08.000Z,G0002,False,,False
1093317384,Sun,2014-08-29T03:16:08.000Z,2014-08-29T03:21:04.000Z,G0002,False,,False
1093317688,Sun,2014-08-29T03:21:12.000Z,2014-08-29T03:26:08.000Z,G0002,False,,False
1093317984,Sun,2014-08-29T03:26:08.000Z,2014-08-29T03:31:04.000Z,G0002,False,,False
1093318288,Sun,2014-08-29T03:31:12.000Z,2014-08-29T03:36:08.000Z,G0002,False,,False
1093318584,Sun,2014-08-29T03:36:08.000Z,2014-08-29T03:41:04.000Z,G0002,False,,False
1093318888,Sun,2014-08-29T03:41:12.000Z,2014-08-29T03:46:08.000Z,G0002,False,,False
1093319184,Sun,2014-08-29T03:46:08.000Z,2014-08-29T03:51:04.000Z,G0002,False,,False
1093319488,Sun,2014-08-29T03:51:12.000Z,2014-08-29T03:56:08.000Z,G0002,False,,False
1093319784,Sun,2014-08-29T03:56:08.000Z,2014-08-29T04:01:04.000Z,G0002,False,,False
1093327288,Sun,2014-08-29T06:01:12.000Z,2014-08-29T06:06:08.000Z,G0002,False,,False
1093327584,Sun,2014-08-29T06:06:08.000Z,2014-08-29T06:11:04.000Z,G0002,False,,False
1093327888,Sun,2014-08-29T06:11:12.000Z,2014-08-29T06:16:08.000Z,G0002,False,,False
1093328184,Sun,2014-08-29T06:16:08.000Z,2014-08-29T06:21:04.000Z,G0002,False,,False
1093328488,Sun,2014-08-29T06:21:12.000Z,2014-08-29T06:26:08.000Z,G0002,False,,False
1093328784,Sun,2014-08-29T06:26:08.000Z,2014-08-29T06:31:04.000Z,G0002,False,,False
1093329088,Sun,2014-08-29T06:31:12.000Z,2014-08-29T06:36:08.000Z,G0002,False,,False
1093329384,Sun,2014-08-29T06:36:08.000Z,2014-08-29T06:41:04.000Z,G0002,False,,False
1093329688,Sun,2014-08-29T06:41:12.000Z,2014-08-29T06:46:08.000Z,G0002,False,,False
1093329984,Sun,2014-08-29T06:46:08.000Z,2014-08-29T06:51:04.000Z,G0002,False,,False
1093330288,Sun,2014-08-29T06:51:12.000Z,2014-08-29T06:56:08.000Z,G0002,False,,False
1093330584,Sun,2014-08-29T06:56:08.000Z,2014-08-29T07:01:04.000Z,G0002,False,,False
1093396424,CORR_MODE_40_0.5,2014-08-30T01:13:28.000Z,2014-08-30T01:13:44.000Z,G0002,False,,False
1093396448,HydA,2014-08-30T01:13:52.000Z,2014-08-30T01:15:44.000Z,G0002,True,HydA,False
1093396568,Sun,2014-08-30T01:15:52.000Z,2014-08-30T01:20:48.000Z,G0002,False,,False
1093396872,Sun,2014-08-30T01:20:56.000Z,2014-08-30T01:25:52.000Z,G0002,False,,False
1093397168,Sun,2014-08-30T01:25:52.000Z,2014-08-30T01:30:48.000Z,G0002,False,,False
1093397472,Sun,2014-08-30T01:30:56.000Z,2014-08-30T01:35:52.000Z,G0002,False,,False
1093397768,Sun,2014-08-30T01:35:52.000Z,2014-08-30T01:40:48.000Z,G0002,False,,False
1093398072,Sun,2014-08-30T01:40:56.000Z,2014-08-30T01:45:52.000Z,G0002,False,,False
1093398368,Sun,2014-08-30T01:45:52.000Z,2014-08-30T01:50:48.000Z,G0002,False,,False
1093398672,Sun,2014-08-30T01:50:56.000Z,2014-08-30T01:55:52.000Z,G0002,False,,False
1093398968,Sun,2014-08-30T01:55:52.000Z,2014-08-30T02:00:48.000Z,G0002,False,,False
1093402872,Sun,2014-08-30T03:00:56.000Z,2014-08-30T03:05:52.000Z,G0002,False,,False
1093403168,Sun,2014-08-30T03:05:52.000Z,2014-08-30T03:10:48.000Z,G0002,False,,False
1093403472,Sun,2014-08-30T03:10:56.000Z,2014-08-30T03:15:52.000Z,G0002,False,,False
1093403768,Sun,2014-08-30T03:15:52.000Z,2014-08-30T03:20:48.000Z,G0002,False,,False
1093404072,Sun,2014-08-30T03:20:56.000Z,2014-08-30T03:25:52.000Z,G0002,False,,False
1093404368,Sun,2014-08-30T03:25:52.000Z,2014-08-30T03:30:48.000Z,G0002,False,,False
1093404672,Sun,2014-08-30T03:30:56.000Z,2014-08-30T03:35:52.000Z,G0002,False,,False
1093404968,Sun,2014-08-30T03:35:52.000Z,2014-08-30T03:40:48.000Z,G0002,False,,False
1093405272,Sun,2014-08-30T03:40:56.000Z,2014-08-30T03:45:52.000Z,G0002,False,,False
1093405568,Sun,2014-08-30T03:45:52.000Z,2014-08-30T03:50:48.000Z,G0002,False,,False
1093405872,Sun,2014-08-30T03:50:56.000Z,2014-08-30T03:55:52.000Z,G0002,False,,False
1093406168,Sun,2014-08-30T03:55:52.000Z,2014-08-30T04:00:48.000Z,G0002,False,,False
1093413672,Sun,2014-08-30T06:00:56.000Z,2014-08-30T06:05:52.000Z,G0002,False,,False
1093413968,Sun,2014-08-30T06:05:52.000Z,2014-08-30T06:10:48.000Z,G0002,False,,False
1093414272,Sun,2014-08-30T06:10:56.000Z,2014-08-30T06:15:52.000Z,G0002,False,,False
1093414568,Sun,2014-08-30T06:15:52.000Z,2014-08-30T06:20:48.000Z,G0002,False,,False
1093414872,Sun,2014-08-30T06:20:56.000Z,2014-08-30T06:25:52.000Z,G0002,False,,False
1093415168,Sun,2014-08-30T06:25:52.000Z,2014-08-30T06:30:48.000Z,G0002,False,,False
1093415472,Sun,2014-08-30T06:30:56.000Z,2014-08-30T06:35:52.000Z,G0002,False,,False
1093415768,Sun,2014-08-30T06:35:52.000Z,2014-08-30T06:40:48.000Z,G0002,False,,False
1093416072,Sun,2014-08-30T06:40:56.000Z,2014-08-30T06:45:52.000Z,G0002,False,,False
1093416368,Sun,2014-08-30T06:45:52.000Z,2014-08-30T06:50:48.000Z,G0002,False,,False
1093416672,Sun,2014-08-30T06:50:56.000Z,2014-08-30T06:55:52.000Z,G0002,False,,False
1093416968,Sun,2014-08-30T06:55:52.000Z,2014-08-30T07:00:48.000Z,G0002,False,,False
1093482016,Sun,2014-08-31T01:00:00.000Z,2014-08-31T01:04:00.000Z,G0002,False,,False
1093482256,Sun,2014-08-31T01:04:00.000Z,2014-08-31T01:08:00.000Z,G0002,False,,False
1093482496,Sun,2014-08-31T01:08:00.000Z,2014-08-31T01:12:00.000Z,G0002,False,,False
1093482736,Sun,2014-08-31T01:12:00.000Z,2014-08-31T01:16:00.000Z,G0002,False,,False
1093482976,Sun,2014-08-31T01:16:00.000Z,2014-08-31T01:20:00.000Z,G0002,False,,False
1093483216,Sun,2014-08-31T01:20:00.000Z,2014-08-31T01:24:00.000Z,G0002,False,,False
1093483456,Sun,2014-08-31T01:24:00.000Z,2014-08-31T01:28:00.000Z,G0002,False,,False
1093483696,Sun,2014-08-31T01:28:00.000Z,2014-08-31T01:32:00.000Z,G0002,False,,False
1093483936,Sun,2014-08-31T01:32:00.000Z,2014-08-31T01:36:00.000Z,G0002,False,,False
1093484176,Sun,2014-08-31T01:36:00.000Z,2014-08-31T01:40:00.000Z,G0002,False,,False
1093484416,Sun,2014-08-31T01:40:00.000Z,2014-08-31T01:44:00.000Z,G0002,False,,False
1093484656,Sun,2014-08-31T01:44:00.000Z,2014-08-31T01:48:00.000Z,G0002,False,,False
1093484896,Sun,2014-08-31T01:48:00.000Z,2014-08-31T01:52:00.000Z,G0002,False,,False
1093485136,Sun,2014-08-31T01:52:00.000Z,2014-08-31T01:56:00.000Z,G0002,False,,False
1093485376,Sun,2014-08-31T01:56:00.000Z,2014-08-31T02:00:00.000Z,G0002,False,,False
1093489216,Sun,2014-08-31T03:00:00.000Z,2014-08-31T03:04:00.000Z,G0002,False,,False
1093489456,Sun,2014-08-31T03:04:00.000Z,2014-08-31T03:08:00.000Z,G0002,False,,False
1093489696,Sun,2014-08-31T03:08:00.000Z,2014-08-31T03:12:00.000Z,G0002,False,,False
1093489936,Sun,2014-08-31T03:12:00.000Z,2014-08-31T03:16:00.000Z,G0002,False,,False
1093490176,Sun,2014-08-31T03:16:00.000Z,2014-08-31T03:20:00.000Z,G0002,False,,False
1093490416,Sun,2014-08-31T03:20:00.000Z,2014-08-31T03:24:00.000Z,G0002,False,,False
1093490656,Sun,2014-08-31T03:24:00.000Z,2014-08-31T03:28:00.000Z,G0002,False,,False
1093490896,Sun,2014-08-31T03:28:00.000Z,2014-08-31T03:32:00.000Z,G0002,False,,False
1093491136,Sun,2014-08-31T03:32:00.000Z,2014-08-31T03:36:00.000Z,G0002,False,,False
1093491376,Sun,2014-08-31T03:36:00.000Z,2014-08-31T03:40:00.000Z,G0002,False,,False
1093491616,Sun,2014-08-31T03:40:00.000Z,2014-08-31T03:44:00.000Z,G0002,False,,False
1093491856,Sun,2014-08-31T03:44:00.000Z,2014-08-31T03:48:00.000Z,G0002,False,,False
1093492096,Sun,2014-08-31T03:48:00.000Z,2014-08-31T03:52:00.000Z,G0002,False,,False
1093492336,Sun,2014-08-31T03:52:00.000Z,2014-08-31T03:56:00.000Z,G0002,False,,False
1093492576,Sun,2014-08-31T03:56:00.000Z,2014-08-31T04:00:00.000Z,G0002,False,,False
1093500016,Sun,2014-08-31T06:00:00.000Z,2014-08-31T06:04:00.000Z,G0002,False,,False
1093500256,Sun,2014-08-31T06:04:00.000Z,2014-08-31T06:08:00.000Z,G0002,False,,False
1093500496,Sun,2014-08-31T06:08:00.000Z,2014-08-31T06:12:00.000Z,G0002,False,,False
1093500736,Sun,2014-08-31T06:12:00.000Z,2014-08-31T06:16:00.000Z,G0002,False,,False
1093500976,Sun,2014-08-31T06:16:00.000Z,2014-08-31T06:20:00.000Z,G0002,False,,False
1093501216,Sun,2014-08-31T06:20:00.000Z,2014-08-31T06:24:00.000Z,G0002,False,,False
1093501456,Sun,2014-08-31T06:24:00.000Z,2014-08-31T06:28:00.000Z,G0002,False,,False
1093501696,Sun,2014-08-31T06:28:00.000Z,2014-08-31T06:32:00.000Z,G0002,False,,False
1093501936,Sun,2014-08-31T06:32:00.000Z,2014-08-31T06:36:00.000Z,G0002,False,,False
1093502176,Sun,2014-08-31T06:36:00.000Z,2014-08-31T06:40:00.000Z,G0002,False,,False
1093502416,Sun,2014-08-31T06:40:00.000Z,2014-08-31T06:44:00.000Z,G0002,False,,False
1093502656,Sun,2014-08-31T06:44:00.000Z,2014-08-31T06:48:00.000Z,G0002,False,,False
1093502896,Sun,2014-08-31T06:48:00.000Z,2014-08-31T06:52:00.000Z,G0002,False,,False
1093503136,Sun,2014-08-31T06:52:00.000Z,2014-08-31T06:56:00.000Z,G0002,False,,False
1093503376,Sun,2014-08-31T06:56:00.000Z,2014-08-31T07:00:00.000Z,G0002,False,,False
1093570096,Sun,2014-09-01T01:28:00.000Z,2014-09-01T01:32:00.000Z,G0002,False,,False
1093570336,Sun,2014-09-01T01:32:00.000Z,2014-09-01T01:36:00.000Z,G0002,False,,False
1093570576,Sun,2014-09-01T01:36:00.000Z,2014-09-01T01:40:00.000Z,G0002,False,,False
1093570816,Sun,2014-09-01T01:40:00.000Z,2014-09-01T01:44:00.000Z,G0002,False,,False
1093571296,Sun,2014-09-01T01:48:00.000Z,2014-09-01T01:52:00.000Z,G0002,False,,False
1093571536,Sun,2014-09-01T01:52:00.000Z,2014-09-01T01:56:00.000Z,G0002,False,,False
1093571776,Sun,2014-09-01T01:56:00.000Z,2014-09-01T02:00:00.000Z,G0002,False,,False
1093575616,Sun,2014-09-01T03:00:00.000Z,2014-09-01T03:04:00.000Z,G0002,False,,False
1093575856,Sun,2014-09-01T03:04:00.000Z,2014-09-01T03:08:00.000Z,G0002,False,,False
1093576096,Sun,2014-09-01T03:08:00.000Z,2014-09-01T03:12:00.000Z,G0002,False,,False
1093576336,Sun,2014-09-01T03:12:00.000Z,2014-09-01T03:16:00.000Z,G0002,False,,False
1093576576,Sun,2014-09-01T03:16:00.000Z,2014-09-01T03:20:00.000Z,G0002,False,,False
1093576816,Sun,2014-09-01T03:20:00.000Z,2014-09-01T03:24:00.000Z,G0002,False,,False
1093577056,Sun,2014-09-01T03:24:00.000Z,2014-09-01T03:28:00.000Z,G0002,False,,False
1093577296,Sun,2014-09-01T03:28:00.000Z,2014-09-01T03:32:00.000Z,G0002,False,,False
1093577536,Sun,2014-09-01T03:32:00.000Z,2014-09-01T03:36:00.000Z,G0002,False,,False
1093577776,Sun,2014-09-01T03:36:00.000Z,2014-09-01T03:40:00.000Z,G0002,False,,False
1093578016,Sun,2014-09-01T03:40:00.000Z,2014-09-01T03:44:00.000Z,G0002,False,,False
1093578256,Sun,2014-09-01T03:44:00.000Z,2014-09-01T03:48:00.000Z,G0002,False,,False
1093578496,Sun,2014-09-01T03:48:00.000Z,2014-09-01T03:52:00.000Z,G0002,False,,False
1093578736,Sun,2014-09-01T03:52:00.000Z,2014-09-01T03:56:00.000Z,G0002,False,,False
1093578976,Sun,2014-09-01T03:56:00.000Z,2014-09-01T04:00:00.000Z,G0002,False,,False
1093586416,Sun,2014-09-01T06:00:00.000Z,2014-09-01T06:04:00.000Z,G0002,False,,False
1093586656,Sun,2014-09-01T06:04:00.000Z,2014-09-01T06:08:00.000Z,G0002,False,,False
1093586896,Sun,2014-09-01T06:08:00.000Z,2014-09-01T06:12:00.000Z,G0002,False,,False
1093587136,Sun,2014-09-01T06:12:00.000Z,2014-09-01T06:16:00.000Z,G0002,False,,False
1093587376,Sun,2014-09-01T06:16:00.000Z,2014-09-01T06:20:00.000Z,G0002,False,,False
1093587616,Sun,2014-09-01T06:20:00.000Z,2014-09-01T06:24:00.000Z,G0002,False,,False
1093587856,Sun,2014-09-01T06:24:00.000Z,2014-09-01T06:28:00.000Z,G0002,False,,False
1093588096,Sun,2014-09-01T06:28:00.000Z,2014-09-01T06:32:00.000Z,G0002,False,,False
1093588336,Sun,2014-09-01T06:32:00.000Z,2014-09-01T06:36:00.000Z,G0002,False,,False
1093588576,Sun,2014-09-01T06:36:00.000Z,2014-09-01T06:40:00.000Z,G0002,False,,False
1093588816,Sun,2014-09-01T06:40:00.000Z,2014-09-01T06:44:00.000Z,G0002,False,,False
1093589056,Sun,2014-09-01T06:44:00.000Z,2014-09-01T06:48:00.000Z,G0002,False,,False
1093589296,Sun,2014-09-01T06:48:00.000Z,2014-09-01T06:52:00.000Z,G0002,False,,False
1093589536,Sun,2014-09-01T06:52:00.000Z,2014-09-01T06:56:00.000Z,G0002,False,,False
1093589776,Sun,2014-09-01T06:56:00.000Z,2014-09-01T07:00:00.000Z,G0002,False,,False
1093654816,Sun,2014-09-02T01:00:00.000Z,2014-09-02T01:04:00.000Z,G0002,False,,False
1093655056,Sun,2014-09-02T01:04:00.000Z,2014-09-02T01:08:00.000Z,G0002,False,,False
1093655296,Sun,2014-09-02T01:08:00.000Z,2014-09-02T01:12:00.000Z,G0002,False,,False
1093655536,Sun,2014-09-02T01:12:00.000Z,2014-09-02T01:16:00.000Z,G0002,False,,False
1093655776,Sun,2014-09-02T01:16:00.000Z,2014-09-02T01:20:00.000Z,G0002,False,,False
1093656016,Sun,2014-09-02T01:20:00.000Z,2014-09-02T01:24:00.000Z,G0002,False,,False
1093656256,Sun,2014-09-02T01:24:00.000Z,2014-09-02T01:28:00.000Z,G0002,False,,False
1093656496,Sun,2014-09-02T01:28:00.000Z,2014-09-02T01:32:00.000Z,G0002,False,,False
1093656736,Sun,2014-09-02T01:32:00.000Z,2014-09-02T01:36:00.000Z,G0002,False,,False
1093656976,Sun,2014-09-02T01:36:00.000Z,2014-09-02T01:40:00.000Z,G0002,False,,False
1093657216,Sun,2014-09-02T01:40:00.000Z,2014-09-02T01:44:00.000Z,G0002,False,,False
1093657456,Sun,2014-09-02T01:44:00.000Z,2014-09-02T01:48:00.000Z,G0002,False,,False
1093657696,Sun,2014-09-02T01:48:00.000Z,2014-09-02T01:52:00.000Z,G0002,False,,False
1093657936,Sun,2014-09-02T01:52:00.000Z,2014-09-02T01:56:00.000Z,G0002,False,,False
1093658176,Sun,2014-09-02T01:56:00.000Z,2014-09-02T02:00:00.000Z,G0002,False,,False
1093662016,Sun,2014-09-02T03:00:00.000Z,2014-09-02T03:04:00.000Z,G0002,False,,False
1093662256,Sun,2014-09-02T03:04:00.000Z,2014-09-02T03:08:00.000Z,G0002,False,,False
1093662496,Sun,2014-09-02T03:08:00.000Z,2014-09-02T03:12:00.000Z,G0002,False,,False
1093662736,Sun,2014-09-02T03:12:00.000Z,2014-09-02T03:16:00.000Z,G0002,False,,False
1093662976,Sun,2014-09-02T03:16:00.000Z,2014-09-02T03:20:00.000Z,G0002,False,,False
1093663216,Sun,2014-09-02T03:20:00.000Z,2014-09-02T03:24:00.000Z,G0002,False,,False
1093663456,Sun,2014-09-02T03:24:00.000Z,2014-09-02T03:28:00.000Z,G0002,False,,False
1093663696,Sun,2014-09-02T03:28:00.000Z,2014-09-02T03:32:00.000Z,G0002,False,,False
1093663936,Sun,2014-09-02T03:32:00.000Z,2014-09-02T03:36:00.000Z,G0002,False,,False
1093664176,Sun,2014-09-02T03:36:00.000Z,2014-09-02T03:40:00.000Z,G0002,False,,False
1093664416,Sun,2014-09-02T03:40:00.000Z,2014-09-02T03:44:00.000Z,G0002,False,,False
1093664656,Sun,2014-09-02T03:44:00.000Z,2014-09-02T03:48:00.000Z,G0002,False,,False
1093664896,Sun,2014-09-02T03:48:00.000Z,2014-09-02T03:52:00.000Z,G0002,False,,False
1093665136,Sun,2014-09-02T03:52:00.000Z,2014-09-02T03:56:00.000Z,G0002,False,,False
1093665376,Sun,2014-09-02T03:56:00.000Z,2014-09-02T04:00:00.000Z,G0002,False,,False
1093672816,Sun,2014-09-02T06:00:00.000Z,2014-09-02T06:04:00.000Z,G0002,False,,False
1093673056,Sun,2014-09-02T06:04:00.000Z,2014-09-02T06:08:00.000Z,G0002,False,,False
1093673296,Sun,2014-09-02T06:08:00.000Z,2014-09-02T06:12:00.000Z,G0002,False,,False
1093673536,Sun,2014-09-02T06:12:00.000Z,2014-09-02T06:16:00.000Z,G0002,False,,False
1093673776,Sun,2014-09-02T06:16:00.000Z,2014-09-02T06:20:00.000Z,G0002,False,,False
1093674016,Sun,2014-09-02T06:20:00.000Z,2014-09-02T06:24:00.000Z,G0002,False,,False
1093674256,Sun,2014-09-02T06:24:00.000Z,2014-09-02T06:28:00.000Z,G0002,False,,False
1093674496,Sun,2014-09-02T06:28:00.000Z,2014-09-02T06:32:00.000Z,G0002,False,,False
1093674736,Sun,2014-09-02T06:32:00.000Z,2014-09-02T06:36:00.000Z,G0002,False,,False
1093674976,Sun,2014-09-02T06:36:00.000Z,2014-09-02T06:40:00.000Z,G0002,False,,False
1093675216,Sun,2014-09-02T06:40:00.000Z,2014-09-02T06:44:00.000Z,G0002,False,,False
1093675456,Sun,2014-09-02T06:44:00.000Z,2014-09-02T06:48:00.000Z,G0002,False,,False
1093675696,Sun,2014-09-02T06:48:00.000Z,2014-09-02T06:52:00.000Z,G0002,False,,False
1093675936,Sun,2014-09-02T06:52:00.000Z,2014-09-02T06:56:00.000Z,G0002,False,,False
1093676176,Sun,2014-09-02T06:56:00.000Z,2014-09-02T07:00:00.000Z,G0002,False,,False
1093741216,Sun,2014-09-03T01:00:00.000Z,2014-09-03T01:04:00.000Z,G0002,False,,False
1093741456,Sun,2014-09-03T01:04:00.000Z,2014-09-03T01:08:00.000Z,G0002,False,,False
1093741696,Sun,2014-09-03T01:08:00.000Z,2014-09-03T01:12:00.000Z,G0002,False,,False
1093741936,Sun,2014-09-03T01:12:00.000Z,2014-09-03T01:16:00.000Z,G0002,False,,False
1093742176,Sun,2014-09-03T01:16:00.000Z,2014-09-03T01:20:00.000Z,G0002,False,,False
1093742416,Sun,2014-09-03T01:20:00.000Z,2014-09-03T01:24:00.000Z,G0002,False,,False
1093742656,Sun,2014-09-03T01:24:00.000Z,2014-09-03T01:28:00.000Z,G0002,False,,False
1093742896,Sun,2014-09-03T01:28:00.000Z,2014-09-03T01:32:00.000Z,G0002,False,,False
1093743136,Sun,2014-09-03T01:32:00.000Z,2014-09-03T01:36:00.000Z,G0002,False,,False
1093743376,Sun,2014-09-03T01:36:00.000Z,2014-09-03T01:40:00.000Z,G0002,False,,False
1093743616,Sun,2014-09-03T01:40:00.000Z,2014-09-03T01:44:00.000Z,G0002,False,,False
1093743856,Sun,2014-09-03T01:44:00.000Z,2014-09-03T01:48:00.000Z,G0002,False,,False
1093744096,Sun,2014-09-03T01:48:00.000Z,2014-09-03T01:52:00.000Z,G0002,False,,False
1093744336,Sun,2014-09-03T01:52:00.000Z,2014-09-03T01:56:00.000Z,G0002,False,,False
1093744576,Sun,2014-09-03T01:56:00.000Z,2014-09-03T02:00:00.000Z,G0002,False,,False
1093748416,Sun,2014-09-03T03:00:00.000Z,2014-09-03T03:04:00.000Z,G0002,False,,False
1093748656,Sun,2014-09-03T03:04:00.000Z,2014-09-03T03:08:00.000Z,G0002,False,,False
1093748896,Sun,2014-09-03T03:08:00.000Z,2014-09-03T03:12:00.000Z,G0002,False,,False
1093749136,Sun,2014-09-03T03:12:00.000Z,2014-09-03T03:16:00.000Z,G0002,False,,False
1093749376,Sun,2014-09-03T03:16:00.000Z,2014-09-03T03:20:00.000Z,G0002,False,,False
1093749616,Sun,2014-09-03T03:20:00.000Z,2014-09-03T03:24:00.000Z,G0002,False,,False
1093749856,Sun,2014-09-03T03:24:00.000Z,2014-09-03T03:28:00.000Z,G0002,False,,False
1093750096,Sun,2014-09-03T03:28:00.000Z,2014-09-03T03:32:00.000Z,G0002,False,,False
1093750336,Sun,2014-09-03T03:32:00.000Z,2014-09-03T03:36:00.000Z,G0002,False,,False
1093750576,Sun,2014-09-03T03:36:00.000Z,2014-09-03T03:40:00.000Z,G0002,False,,False
1093750816,Sun,2014-09-03T03:40:00.000Z,2014-09-03T03:44:00.000Z,G0002,False,,False
1093751056,Sun,2014-09-03T03:44:00.000Z,2014-09-03T03:48:00.000Z,G0002,False,,False
1093751296,Sun,2014-09-03T03:48:00.000Z,2014-09-03T03:52:00.000Z,G0002,False,,False
1093751536,Sun,2014-09-03T03:52:00.000Z,2014-09-03T03:56:00.000Z,G0002,False,,False
1093751776,Sun,2014-09-03T03:56:00.000Z,2014-09-03T04:00:00.000Z,G0002,False,,False
1093759216,Sun,2014-09-03T06:00:00.000Z,2014-09-03T06:04:00.000Z,G0002,False,,False
1093759456,Sun,2014-09-03T06:04:00.000Z,2014-09-03T06:08:00.000Z,G0002,False,,False
1093759696,Sun,2014-09-03T06:08:00.000Z,2014-09-03T06:12:00.000Z,G0002,False,,False
1093759936,Sun,2014-09-03T06:12:00.000Z,2014-09-03T06:16:00.000Z,G0002,False,,False
1093760176,Sun,2014-09-03T06:16:00.000Z,2014-09-03T06:20:00.000Z,G0002,False,,False
1093760416,Sun,2014-09-03T06:20:00.000Z,2014-09-03T06:24:00.000Z,G0002,False,,False
1093760656,Sun,2014-09-03T06:24:00.000Z,2014-09-03T06:28:00.000Z,G0002,False,,False
1093760896,Sun,2014-09-03T06:28:00.000Z,2014-09-03T06:32:00.000Z,G0002,False,,False
1093761136,Sun,2014-09-03T06:32:00.000Z,2014-09-03T06:36:00.000Z,G0002,False,,False
1093761376,Sun,2014-09-03T06:36:00.000Z,2014-09-03T06:40:00.000Z,G0002,False,,False
1093761616,Sun,2014-09-03T06:40:00.000Z,2014-09-03T06:44:00.000Z,G0002,False,,False
1093761856,Sun,2014-09-03T06:44:00.000Z,2014-09-03T06:48:00.000Z,G0002,False,,False
1093762096,Sun,2014-09-03T06:48:00.000Z,2014-09-03T06:52:00.000Z,G0002,False,,False
1093762336,Sun,2014-09-03T06:52:00.000Z,2014-09-03T06:56:00.000Z,G0002,False,,False
1093762576,Sun,2014-09-03T06:56:00.000Z,2014-09-03T07:00:00.000Z,G0002,False,,False
1093914016,Sun,2014-09-05T01:00:00.000Z,2014-09-05T01:04:00.000Z,G0002,False,,False
1093914256,Sun,2014-09-05T01:04:00.000Z,2014-09-05T01:08:00.000Z,G0002,False,,False
1093914496,Sun,2014-09-05T01:08:00.000Z,2014-09-05T01:12:00.000Z,G0002,False,,False
1093914736,Sun,2014-09-05T01:12:00.000Z,2014-09-05T01:16:00.000Z,G0002,False,,False
1093914976,Sun,2014-09-05T01:16:00.000Z,2014-09-05T01:20:00.000Z,G0002,False,,False
1093915216,Sun,2014-09-05T01:20:00.000Z,2014-09-05T01:24:00.000Z,G0002,False,,False
1093915456,Sun,2014-09-05T01:24:00.000Z,2014-09-05T01:28:00.000Z,G0002,False,,False
1093915696,Sun,2014-09-05T01:28:00.000Z,2014-09-05T01:32:00.000Z,G0002,False,,False
1093915936,Sun,2014-09-05T01:32:00.000Z,2014-09-05T01:36:00.000Z,G0002,False,,False
1093916176,Sun,2014-09-05T01:36:00.000Z,2014-09-05T01:40:00.000Z,G0002,False,,False
1093916416,Sun,2014-09-05T01:40:00.000Z,2014-09-05T01:44:00.000Z,G0002,False,,False
1093916656,Sun,2014-09-05T01:44:00.000Z,2014-09-05T01:48:00.000Z,G0002,False,,False
1093916896,Sun,2014-09-05T01:48:00.000Z,2014-09-05T01:52:00.000Z,G0002,False,,False
1093917136,Sun,2014-09-05T01:52:00.000Z,2014-09-05T01:56:00.000Z,G0002,False,,False
1093917376,Sun,2014-09-05T01:56:00.000Z,2014-09-05T02:00:00.000Z,G0002,False,,False
1093921216,Sun,2014-09-05T03:00:00.000Z,2014-09-05T03:04:00.000Z,G0002,False,,False
1093921456,Sun,2014-09-05T03:04:00.000Z,2014-09-05T03:08:00.000Z,G0002,False,,False
1093921696,Sun,2014-09-05T03:08:00.000Z,2014-09-05T03:12:00.000Z,G0002,False,,False
1093921936,Sun,2014-09-05T03:12:00.000Z,2014-09-05T03:16:00.000Z,G0002,False,,False
1093922176,Sun,2014-09-05T03:16:00.000Z,2014-09-05T03:20:00.000Z,G0002,False,,False
1093922416,Sun,2014-09-05T03:20:00.000Z,2014-09-05T03:24:00.000Z,G0002,False,,False
1093922656,Sun,2014-09-05T03:24:00.000Z,2014-09-05T03:28:00.000Z,G0002,False,,False
1093922896,Sun,2014-09-05T03:28:00.000Z,2014-09-05T03:32:00.000Z,G0002,False,,False
1093923136,Sun,2014-09-05T03:32:00.000Z,2014-09-05T03:36:00.000Z,G0002,False,,False
1093923376,Sun,2014-09-05T03:36:00.000Z,2014-09-05T03:40:00.000Z,G0002,False,,False
1093923616,Sun,2014-09-05T03:40:00.000Z,2014-09-05T03:44:00.000Z,G0002,False,,False
1093923856,Sun,2014-09-05T03:44:00.000Z,2014-09-05T03:48:00.000Z,G0002,False,,False
1093924096,Sun,2014-09-05T03:48:00.000Z,2014-09-05T03:52:00.000Z,G0002,False,,False
1093924336,Sun,2014-09-05T03:52:00.000Z,2014-09-05T03:56:00.000Z,G0002,False,,False
1093924576,Sun,2014-09-05T03:56:00.000Z,2014-09-05T04:00:00.000Z,G0002,False,,False
1093932016,Sun,2014-09-05T06:00:00.000Z,2014-09-05T06:04:00.000Z,G0002,False,,False
1093932256,Sun,2014-09-05T06:04:00.000Z,2014-09-05T06:08:00.000Z,G0002,False,,False
1093932496,Sun,2014-09-05T06:08:00.000Z,2014-09-05T06:12:00.000Z,G0002,False,,False
1093932736,Sun,2014-09-05T06:12:00.000Z,2014-09-05T06:16:00.000Z,G0002,False,,False
1093932976,Sun,2014-09-05T06:16:00.000Z,2014-09-05T06:20:00.000Z,G0002,False,,False
1093933216,Sun,2014-09-05T06:20:00.000Z,2014-09-05T06:24:00.000Z,G0002,False,,False
1093933456,Sun,2014-09-05T06:24:00.000Z,2014-09-05T06:28:00.000Z,G0002,False,,False
1093933696,Sun,2014-09-05T06:28:00.000Z,2014-09-05T06:32:00.000Z,G0002,False,,False
1093933936,Sun,2014-09-05T06:32:00.000Z,2014-09-05T06:36:00.000Z,G0002,False,,False
1093934176,Sun,2014-09-05T06:36:00.000Z,2014-09-05T06:40:00.000Z,G0002,False,,False
1093934416,Sun,2014-09-05T06:40:00.000Z,2014-09-05T06:44:00.000Z,G0002,False,,False
1093934656,Sun,2014-09-05T06:44:00.000Z,2014-09-05T06:48:00.000Z,G0002,False,,False
1093934896,Sun,2014-09-05T06:48:00.000Z,2014-09-05T06:52:00.000Z,G0002,False,,False
1093935136,Sun,2014-09-05T06:52:00.000Z,2014-09-05T06:56:00.000Z,G0002,False,,False
1093935376,Sun,2014-09-05T06:56:00.000Z,2014-09-05T07:00:00.000Z,G0002,False,,False
1094000416,Sun,2014-09-06T01:00:00.000Z,2014-09-06T01:04:00.000Z,G0002,False,,False
1094000656,Sun,2014-09-06T01:04:00.000Z,2014-09-06T01:08:00.000Z,G0002,False,,False
1094000896,Sun,2014-09-06T01:08:00.000Z,2014-09-06T01:12:00.000Z,G0002,False,,False
1094001136,Sun,2014-09-06T01:12:00.000Z,2014-09-06T01:16:00.000Z,G0002,False,,False
1094001376,Sun,2014-09-06T01:16:00.000Z,2014-09-06T01:20:00.000Z,G0002,False,,False
1094001616,Sun,2014-09-06T01:20:00.000Z,2014-09-06T01:24:00.000Z,G0002,False,,False
1094001856,Sun,2014-09-06T01:24:00.000Z,2014-09-06T01:28:00.000Z,G0002,False,,False
1094002096,Sun,2014-09-06T01:28:00.000Z,2014-09-06T01:32:00.000Z,G0002,False,,False
1094002336,Sun,2014-09-06T01:32:00.000Z,2014-09-06T01:36:00.000Z,G0002,False,,False
1094002576,Sun,2014-09-06T01:36:00.000Z,2014-09-06T01:40:00.000Z,G0002,False,,False
1094002816,Sun,2014-09-06T01:40:00.000Z,2014-09-06T01:44:00.000Z,G0002,False,,False
1094003056,Sun,2014-09-06T01:44:00.000Z,2014-09-06T01:48:00.000Z,G0002,False,,False
1094003296,Sun,2014-09-06T01:48:00.000Z,2014-09-06T01:52:00.000Z,G0002,False,,False
1094003536,Sun,2014-09-06T01:52:00.000Z,2014-09-06T01:56:00.000Z,G0002,False,,False
1094003776,Sun,2014-09-06T01:56:00.000Z,2014-09-06T02:00:00.000Z,G0002,False,,False
1094007616,Sun,2014-09-06T03:00:00.000Z,2014-09-06T03:04:00.000Z,G0002,False,,False
1094007856,Sun,2014-09-06T03:04:00.000Z,2014-09-06T03:08:00.000Z,G0002,False,,False
1094008096,Sun,2014-09-06T03:08:00.000Z,2014-09-06T03:12:00.000Z,G0002,False,,False
1094008336,Sun,2014-09-06T03:12:00.000Z,2014-09-06T03:16:00.000Z,G0002,False,,False
1094008576,Sun,2014-09-06T03:16:00.000Z,2014-09-06T03:20:00.000Z,G0002,False,,False
1094008816,Sun,2014-09-06T03:20:00.000Z,2014-09-06T03:24:00.000Z,G0002,False,,False
1094009056,Sun,2014-09-06T03:24:00.000Z,2014-09-06T03:28:00.000Z,G0002,False,,False
1094009296,Sun,2014-09-06T03:28:00.000Z,2014-09-06T03:32:00.000Z,G0002,False,,False
1094009536,Sun,2014-09-06T03:32:00.000Z,2014-09-06T03:36:00.000Z,G0002,False,,False
1094009776,Sun,2014-09-06T03:36:00.000Z,2014-09-06T03:40:00.000Z,G0002,False,,False
1094010016,Sun,2014-09-06T03:40:00.000Z,2014-09-06T03:44:00.000Z,G0002,False,,False
1094010256,Sun,2014-09-06T03:44:00.000Z,2014-09-06T03:48:00.000Z,G0002,False,,False
1094010496,Sun,2014-09-06T03:48:00.000Z,2014-09-06T03:52:00.000Z,G0002,False,,False
1094010736,Sun,2014-09-06T03:52:00.000Z,2014-09-06T03:56:00.000Z,G0002,False,,False
1094010976,Sun,2014-09-06T03:56:00.000Z,2014-09-06T04:00:00.000Z,G0002,False,,False
1094018416,Sun,2014-09-06T06:00:00.000Z,2014-09-06T06:04:00.000Z,G0002,False,,False
1094018656,Sun,2014-09-06T06:04:00.000Z,2014-09-06T06:08:00.000Z,G0002,False,,False
1094018896,Sun,2014-09-06T06:08:00.000Z,2014-09-06T06:12:00.000Z,G0002,False,,False
1094019136,Sun,2014-09-06T06:12:00.000Z,2014-09-06T06:16:00.000Z,G0002,False,,False
1094019376,Sun,2014-09-06T06:16:00.000Z,2014-09-06T06:20:00.000Z,G0002,False,,False
1094019616,Sun,2014-09-06T06:20:00.000Z,2014-09-06T06:24:00.000Z,G0002,False,,False
1094019856,Sun,2014-09-06T06:24:00.000Z,2014-09-06T06:28:00.000Z,G0002,False,,False
1094020096,Sun,2014-09-06T06:28:00.000Z,2014-09-06T06:32:00.000Z,G0002,False,,False
1094020336,Sun,2014-09-06T06:32:00.000Z,2014-09-06T06:36:00.000Z,G0002,False,,False
1094020576,Sun,2014-09-06T06:36:00.000Z,2014-09-06T06:40:00.000Z,G0002,False,,False
1094020816,Sun,2014-09-06T06:40:00.000Z,2014-09-06T06:44:00.000Z,G0002,False,,False
1094021056,Sun,2014-09-06T06:44:00.000Z,2014-09-06T06:48:00.000Z,G0002,False,,False
1094021296,Sun,2014-09-06T06:48:00.000Z,2014-09-06T06:52:00.000Z,G0002,False,,False
1094021536,Sun,2014-09-06T06:52:00.000Z,2014-09-06T06:56:00.000Z,G0002,False,,False
1094021776,Sun,2014-09-06T06:56:00.000Z,2014-09-06T07:00:00.000Z,G0002,False,,False
1094086816,Sun,2014-09-07T01:00:00.000Z,2014-09-07T01:04:00.000Z,G0002,False,,False
1094087056,Sun,2014-09-07T01:04:00.000Z,2014-09-07T01:08:00.000Z,G0002,False,,False
1094087296,Sun,2014-09-07T01:08:00.000Z,2014-09-07T01:12:00.000Z,G0002,False,,False
1094087536,Sun,2014-09-07T01:12:00.000Z,2014-09-07T01:16:00.000Z,G0002,False,,False
1094087776,Sun,2014-09-07T01:16:00.000Z,2014-09-07T01:20:00.000Z,G0002,False,,False
1094088016,Sun,2014-09-07T01:20:00.000Z,2014-09-07T01:24:00.000Z,G0002,False,,False
1094088256,Sun,2014-09-07T01:24:00.000Z,2014-09-07T01:28:00.000Z,G0002,False,,False
1094088496,Sun,2014-09-07T01:28:00.000Z,2014-09-07T01:32:00.000Z,G0002,False,,False
1094088736,Sun,2014-09-07T01:32:00.000Z,2014-09-07T01:36:00.000Z,G0002,False,,False
1094088976,Sun,2014-09-07T01:36:00.000Z,2014-09-07T01:40:00.000Z,G0002,False,,False
1094089216,Sun,2014-09-07T01:40:00.000Z,2014-09-07T01:44:00.000Z,G0002,False,,False
1094089456,Sun,2014-09-07T01:44:00.000Z,2014-09-07T01:48:00.000Z,G0002,False,,False
1094089696,Sun,2014-09-07T01:48:00.000Z,2014-09-07T01:52:00.000Z,G0002,False,,False
1094089936,Sun,2014-09-07T01:52:00.000Z,2014-09-07T01:56:00.000Z,G0002,False,,False
1094090176,Sun,2014-09-07T01:56:00.000Z,2014-09-07T02:00:00.000Z,G0002,False,,False
1094094016,Sun,2014-09-07T03:00:00.000Z,2014-09-07T03:04:00.000Z,G0002,False,,False
1094094256,Sun,2014-09-07T03:04:00.000Z,2014-09-07T03:08:00.000Z,G0002,False,,False
1094094496,Sun,2014-09-07T03:08:00.000Z,2014-09-07T03:12:00.000Z,G0002,False,,False
1094094736,Sun,2014-09-07T03:12:00.000Z,2014-09-07T03:16:00.000Z,G0002,False,,False
1094094976,Sun,2014-09-07T03:16:00.000Z,2014-09-07T03:20:00.000Z,G0002,False,,False
1094095216,Sun,2014-09-07T03:20:00.000Z,2014-09-07T03:24:00.000Z,G0002,False,,False
1094095456,Sun,2014-09-07T03:24:00.000Z,2014-09-07T03:28:00.000Z,G0002,False,,False
1094095696,Sun,2014-09-07T03:28:00.000Z,2014-09-07T03:32:00.000Z,G0002,False,,False
1094095936,Sun,2014-09-07T03:32:00.000Z,2014-09-07T03:36:00.000Z,G0002,False,,False
1094096176,Sun,2014-09-07T03:36:00.000Z,2014-09-07T03:40:00.000Z,G0002,False,,False
1094096416,Sun,2014-09-07T03:40:00.000Z,2014-09-07T03:44:00.000Z,G0002,False,,False
1094096656,Sun,2014-09-07T03:44:00.000Z,2014-09-07T03:48:00.000Z,G0002,False,,False
1094096896,Sun,2014-09-07T03:48:00.000Z,2014-09-07T03:52:00.000Z,G0002,False,,False
1094097136,Sun,2014-09-07T03:52:00.000Z,2014-09-07T03:56:00.000Z,G0002,False,,False
1094097376,Sun,2014-09-07T03:56:00.000Z,2014-09-07T04:00:00.000Z,G0002,False,,False
1094104816,Sun,2014-09-07T06:00:00.000Z,2014-09-07T06:04:00.000Z,G0002,False,,False
1094105056,Sun,2014-09-07T06:04:00.000Z,2014-09-07T06:08:00.000Z,G0002,False,,False
1094105296,Sun,2014-09-07T06:08:00.000Z,2014-09-07T06:12:00.000Z,G0002,False,,False
1094105536,Sun,2014-09-07T06:12:00.000Z,2014-09-07T06:16:00.000Z,G0002,False,,False
1094105776,Sun,2014-09-07T06:16:00.000Z,2014-09-07T06:20:00.000Z,G0002,False,,False
1094106016,Sun,2014-09-07T06:20:00.000Z,2014-09-07T06:24:00.000Z,G0002,False,,False
1094106256,Sun,2014-09-07T06:24:00.000Z,2014-09-07T06:28:00.000Z,G0002,False,,False
1094106496,Sun,2014-09-07T06:28:00.000Z,2014-09-07T06:32:00.000Z,G0002,False,,False
1094106736,Sun,2014-09-07T06:32:00.000Z,2014-09-07T06:36:00.000Z,G0002,False,,False
1094106976,Sun,2014-09-07T06:36:00.000Z,2014-09-07T06:40:00.000Z,G0002,False,,False
1094107216,Sun,2014-09-07T06:40:00.000Z,2014-09-07T06:44:00.000Z,G0002,False,,False
1094107456,Sun,2014-09-07T06:44:00.000Z,2014-09-07T06:48:00.000Z,G0002,False,,False
1094107696,Sun,2014-09-07T06:48:00.000Z,2014-09-07T06:52:00.000Z,G0002,False,,False
1094107936,Sun,2014-09-07T06:52:00.000Z,2014-09-07T06:56:00.000Z,G0002,False,,False
1094108176,Sun,2014-09-07T06:56:00.000Z,2014-09-07T07:00:00.000Z,G0002,False,,False
1094173216,Sun,2014-09-08T01:00:00.000Z,2014-09-08T01:04:00.000Z,G0002,False,,False
1094173456,Sun,2014-09-08T01:04:00.000Z,2014-09-08T01:08:00.000Z,G0002,False,,False
1094173696,Sun,2014-09-08T01:08:00.000Z,2014-09-08T01:12:00.000Z,G0002,False,,False
1094173936,Sun,2014-09-08T01:12:00.000Z,2014-09-08T01:16:00.000Z,G0002,False,,False
1094174176,Sun,2014-09-08T01:16:00.000Z,2014-09-08T01:20:00.000Z,G0002,False,,False
1094174416,Sun,2014-09-08T01:20:00.000Z,2014-09-08T01:24:00.000Z,G0002,False,,False
1094174656,Sun,2014-09-08T01:24:00.000Z,2014-09-08T01:28:00.000Z,G0002,False,,False
1094174896,Sun,2014-09-08T01:28:00.000Z,2014-09-08T01:32:00.000Z,G0002,False,,False
1094175136,Sun,2014-09-08T01:32:00.000Z,2014-09-08T01:36:00.000Z,G0002,False,,False
1094175376,Sun,2014-09-08T01:36:00.000Z,2014-09-08T01:40:00.000Z,G0002,False,,False
1094175616,Sun,2014-09-08T01:40:00.000Z,2014-09-08T01:44:00.000Z,G0002,False,,False
1094175856,Sun,2014-09-08T01:44:00.000Z,2014-09-08T01:48:00.000Z,G0002,False,,False
1094176096,Sun,2014-09-08T01:48:00.000Z,2014-09-08T01:52:00.000Z,G0002,False,,False
1094176336,Sun,2014-09-08T01:52:00.000Z,2014-09-08T01:56:00.000Z,G0002,False,,False
1094176576,Sun,2014-09-08T01:56:00.000Z,2014-09-08T02:00:00.000Z,G0002,False,,False
1094180416,Sun,2014-09-08T03:00:00.000Z,2014-09-08T03:04:00.000Z,G0002,False,,False
1094180656,Sun,2014-09-08T03:04:00.000Z,2014-09-08T03:08:00.000Z,G0002,False,,False
1094180896,Sun,2014-09-08T03:08:00.000Z,2014-09-08T03:12:00.000Z,G0002,False,,False
1094181136,Sun,2014-09-08T03:12:00.000Z,2014-09-08T03:16:00.000Z,G0002,False,,False
1094181376,Sun,2014-09-08T03:16:00.000Z,2014-09-08T03:20:00.000Z,G0002,False,,False
1094181616,Sun,2014-09-08T03:20:00.000Z,2014-09-08T03:24:00.000Z,G0002,False,,False
1094181856,Sun,2014-09-08T03:24:00.000Z,2014-09-08T03:28:00.000Z,G0002,False,,False
1094182096,Sun,2014-09-08T03:28:00.000Z,2014-09-08T03:32:00.000Z,G0002,False,,False
1094182336,Sun,2014-09-08T03:32:00.000Z,2014-09-08T03:36:00.000Z,G0002,False,,False
1094182576,Sun,2014-09-08T03:36:00.000Z,2014-09-08T03:40:00.000Z,G0002,False,,False
1094182816,Sun,2014-09-08T03:40:00.000Z,2014-09-08T03:44:00.000Z,G0002,False,,False
1094183056,Sun,2014-09-08T03:44:00.000Z,2014-09-08T03:48:00.000Z,G0002,False,,False
1094183296,Sun,2014-09-08T03:48:00.000Z,2014-09-08T03:52:00.000Z,G0002,False,,False
1094183536,Sun,2014-09-08T03:52:00.000Z,2014-09-08T03:56:00.000Z,G0002,False,,False
1094183776,Sun,2014-09-08T03:56:00.000Z,2014-09-08T04:00:00.000Z,G0002,False,,False
1094191216,Sun,2014-09-08T06:00:00.000Z,2014-09-08T06:04:00.000Z,G0002,False,,False
1094191456,Sun,2014-09-08T06:04:00.000Z,2014-09-08T06:08:00.000Z,G0002,False,,False
1094191696,Sun,2014-09-08T06:08:00.000Z,2014-09-08T06:12:00.000Z,G0002,False,,False
1094191936,Sun,2014-09-08T06:12:00.000Z,2014-09-08T06:16:00.000Z,G0002,False,,False
1094192176,Sun,2014-09-08T06:16:00.000Z,2014-09-08T06:20:00.000Z,G0002,False,,False
1094192416,Sun,2014-09-08T06:20:00.000Z,2014-09-08T06:24:00.000Z,G0002,False,,False
1094192656,Sun,2014-09-08T06:24:00.000Z,2014-09-08T06:28:00.000Z,G0002,False,,False
1094192896,Sun,2014-09-08T06:28:00.000Z,2014-09-08T06:32:00.000Z,G0002,False,,False
1094193136,Sun,2014-09-08T06:32:00.000Z,2014-09-08T06:36:00.000Z,G0002,False,,False
1094193376,Sun,2014-09-08T06:36:00.000Z,2014-09-08T06:40:00.000Z,G0002,False,,False
1094193616,Sun,2014-09-08T06:40:00.000Z,2014-09-08T06:44:00.000Z,G0002,False,,False
1094193856,Sun,2014-09-08T06:44:00.000Z,2014-09-08T06:48:00.000Z,G0002,False,,False
1094194096,Sun,2014-09-08T06:48:00.000Z,2014-09-08T06:52:00.000Z,G0002,False,,False
1094194336,Sun,2014-09-08T06:52:00.000Z,2014-09-08T06:56:00.000Z,G0002,False,,False
1094194576,Sun,2014-09-08T06:56:00.000Z,2014-09-08T07:00:00.000Z,G0002,False,,False
1094259616,Sun,2014-09-09T01:00:00.000Z,2014-09-09T01:04:00.000Z,G0002,False,,False
1094259856,Sun,2014-09-09T01:04:00.000Z,2014-09-09T01:08:00.000Z,G0002,False,,False
1094260096,Sun,2014-09-09T01:08:00.000Z,2014-09-09T01:12:00.000Z,G0002,False,,False
1094260336,Sun,2014-09-09T01:12:00.000Z,2014-09-09T01:16:00.000Z,G0002,False,,False
1094260576,Sun,2014-09-09T01:16:00.000Z,2014-09-09T01:20:00.000Z,G0002,False,,False
1094260816,Sun,2014-09-09T01:20:00.000Z,2014-09-09T01:24:00.000Z,G0002,False,,False
1094261056,Sun,2014-09-09T01:24:00.000Z,2014-09-09T01:28:00.000Z,G0002,False,,False
1094262976,Sun,2014-09-09T01:56:00.000Z,2014-09-09T02:00:00.000Z,G0002,False,,False
1094266816,Sun,2014-09-09T03:00:00.000Z,2014-09-09T03:04:00.000Z,G0002,False,,False
1094267056,Sun,2014-09-09T03:04:00.000Z,2014-09-09T03:08:00.000Z,G0002,False,,False
1094267296,Sun,2014-09-09T03:08:00.000Z,2014-09-09T03:12:00.000Z,G0002,False,,False
1094267536,Sun,2014-09-09T03:12:00.000Z,2014-09-09T03:16:00.000Z,G0002,False,,False
1094267776,Sun,2014-09-09T03:16:00.000Z,2014-09-09T03:20:00.000Z,G0002,False,,False
1094268016,Sun,2014-09-09T03:20:00.000Z,2014-09-09T03:24:00.000Z,G0002,False,,False
1094268256,Sun,2014-09-09T03:24:00.000Z,2014-09-09T03:28:00.000Z,G0002,False,,False
1094268496,Sun,2014-09-09T03:28:00.000Z,2014-09-09T03:32:00.000Z,G0002,False,,False
1094268736,Sun,2014-09-09T03:32:00.000Z,2014-09-09T03:36:00.000Z,G0002,False,,False
1094268976,Sun,2014-09-09T03:36:00.000Z,2014-09-09T03:40:00.000Z,G0002,False,,False
1094269216,Sun,2014-09-09T03:40:00.000Z,2014-09-09T03:44:00.000Z,G0002,False,,False
1094269456,Sun,2014-09-09T03:44:00.000Z,2014-09-09T03:48:00.000Z,G0002,False,,False
1094269696,Sun,2014-09-09T03:48:00.000Z,2014-09-09T03:52:00.000Z,G0002,False,,False
1094269936,Sun,2014-09-09T03:52:00.000Z,2014-09-09T03:56:00.000Z,G0002,False,,False
1094270176,Sun,2014-09-09T03:56:00.000Z,2014-09-09T04:00:00.000Z,G0002,False,,False
1094277616,Sun,2014-09-09T06:00:00.000Z,2014-09-09T06:04:00.000Z,G0002,False,,False
1094277856,Sun,2014-09-09T06:04:00.000Z,2014-09-09T06:08:00.000Z,G0002,False,,False
1094278096,Sun,2014-09-09T06:08:00.000Z,2014-09-09T06:12:00.000Z,G0002,False,,False
1094278336,Sun,2014-09-09T06:12:00.000Z,2014-09-09T06:16:00.000Z,G0002,False,,False
1094278576,Sun,2014-09-09T06:16:00.000Z,2014-09-09T06:20:00.000Z,G0002,False,,False
1094278816,Sun,2014-09-09T06:20:00.000Z,2014-09-09T06:24:00.000Z,G0002,False,,False
1094279056,Sun,2014-09-09T06:24:00.000Z,2014-09-09T06:28:00.000Z,G0002,False,,False
1094279296,Sun,2014-09-09T06:28:00.000Z,2014-09-09T06:32:00.000Z,G0002,False,,False
1094279536,Sun,2014-09-09T06:32:00.000Z,2014-09-09T06:36:00.000Z,G0002,False,,False
1094279776,Sun,2014-09-09T06:36:00.000Z,2014-09-09T06:40:00.000Z,G0002,False,,False
1094280016,Sun,2014-09-09T06:40:00.000Z,2014-09-09T06:44:00.000Z,G0002,False,,False
1094280256,Sun,2014-09-09T06:44:00.000Z,2014-09-09T06:48:00.000Z,G0002,False,,False
1094280496,Sun,2014-09-09T06:48:00.000Z,2014-09-09T06:52:00.000Z,G0002,False,,False
1094280736,Sun,2014-09-09T06:52:00.000Z,2014-09-09T06:56:00.000Z,G0002,False,,False
1094280976,Sun,2014-09-09T06:56:00.000Z,2014-09-09T07:00:00.000Z,G0002,False,,False
1094346608,CORR_MODE_40_0.5,2014-09-10T01:09:52.000Z,2014-09-10T01:10:08.000Z,G0002,False,,False
1094346632,HydA_69,2014-09-10T01:10:16.000Z,2014-09-10T01:12:08.000Z,G0002,True,HydA,False
1094346752,HydA_93,2014-09-10T01:12:16.000Z,2014-09-10T01:14:08.000Z,G0002,True,HydA,False
1094346872,HydA_121,2014-09-10T01:14:16.000Z,2014-09-10T01:16:08.000Z,G0002,True,HydA,False
1094346992,HydA_145,2014-09-10T01:16:16.000Z,2014-09-10T01:18:08.000Z,G0002,True,HydA,False
1094347112,HydA_169,2014-09-10T01:18:16.000Z,2014-09-10T01:20:08.000Z,G0002,True,HydA,False
1094347232,Sun_69,2014-09-10T01:20:16.000Z,2014-09-10T01:25:12.000Z,G0002,False,,False
1094347528,Sun_93,2014-09-10T01:25:12.000Z,2014-09-10T01:30:08.000Z,G0002,False,,False
1094347832,Sun_121,2014-09-10T01:30:16.000Z,2014-09-10T01:35:12.000Z,G0002,False,,False
1094348136,Sun_145,2014-09-10T01:35:20.000Z,2014-09-10T01:40:16.000Z,G0002,False,,False
1094348432,Sun_169,2014-09-10T01:40:16.000Z,2014-09-10T01:45:12.000Z,G0002,False,,False
1094348728,Sun_69,2014-09-10T01:45:12.000Z,2014-09-10T01:50:08.000Z,G0002,False,,False
1094349032,Sun_93,2014-09-10T01:50:16.000Z,2014-09-10T01:55:12.000Z,G0002,False,,False
1094349328,Sun_121,2014-09-10T01:55:12.000Z,2014-09-10T02:00:08.000Z,G0002,False,,False
1094353232,Sun_69,2014-09-10T03:00:16.000Z,2014-09-10T03:05:12.000Z,G0002,False,,False
1094353536,Sun_93,2014-09-10T03:05:20.000Z,2014-09-10T03:10:16.000Z,G0002,False,,False
1094353832,Sun_121,2014-09-10T03:10:16.000Z,2014-09-10T03:15:12.000Z,G0002,False,,False
1094354128,Sun_145,2014-09-10T03:15:12.000Z,2014-09-10T03:20:08.000Z,G0002,False,,False
1094354432,Sun_169,2014-09-10T03:20:16.000Z,2014-09-10T03:25:12.000Z,G0002,False,,False
1094354728,Sun_69,2014-09-10T03:25:12.000Z,2014-09-10T03:30:08.000Z,G0002,False,,False
1094355032,Sun_93,2014-09-10T03:30:16.000Z,2014-09-10T03:35:12.000Z,G0002,False,,False
1094355336,Sun_121,2014-09-10T03:35:20.000Z,2014-09-10T03:40:16.000Z,G0002,False,,False
1094355632,Sun_145,2014-09-10T03:40:16.000Z,2014-09-10T03:45:12.000Z,G0002,False,,False
1094355928,Sun_169,2014-09-10T03:45:12.000Z,2014-09-10T03:50:08.000Z,G0002,False,,False
1094356232,Sun_69,2014-09-10T03:50:16.000Z,2014-09-10T03:55:12.000Z,G0002,False,,False
1094356528,Sun_93,2014-09-10T03:55:12.000Z,2014-09-10T04:00:08.000Z,G0002,False,,False
1094364032,Sun_93,2014-09-10T06:00:16.000Z,2014-09-10T06:05:12.000Z,G0002,False,,False
1094364328,Sun_121,2014-09-10T06:05:12.000Z,2014-09-10T06:10:08.000Z,G0002,False,,False
1094364632,Sun_145,2014-09-10T06:10:16.000Z,2014-09-10T06:15:12.000Z,G0002,False,,False
1094364928,Sun_169,2014-09-10T06:15:12.000Z,2014-09-10T06:20:08.000Z,G0002,False,,False
1094365232,Sun_69,2014-09-10T06:20:16.000Z,2014-09-10T06:25:12.000Z,G0002,False,,False
1094365536,Sun_93,2014-09-10T06:25:20.000Z,2014-09-10T06:30:16.000Z,G0002,False,,False
1094365832,Sun_121,2014-09-10T06:30:16.000Z,2014-09-10T06:35:12.000Z,G0002,False,,False
1094366128,Sun_145,2014-09-10T06:35:12.000Z,2014-09-10T06:40:08.000Z,G0002,False,,False
1094366432,Sun_169,2014-09-10T06:40:16.000Z,2014-09-10T06:45:12.000Z,G0002,False,,False
1094366728,Sun_69,2014-09-10T06:45:12.000Z,2014-09-10T06:50:08.000Z,G0002,False,,False
1094367032,Sun_93,2014-09-10T06:50:16.000Z,2014-09-10T06:55:12.000Z,G0002,False,,False
1094367336,Sun_121,2014-09-10T06:55:20.000Z,2014-09-10T07:00:16.000Z,G0002,False,,False
1094432416,Sun_121,2014-09-11T01:00:00.000Z,2014-09-11T01:04:56.000Z,G0002,False,,False
1094432720,Sun_145,2014-09-11T01:05:04.000Z,2014-09-11T01:10:00.000Z,G0002,False,,False
1094433016,Sun_169,2014-09-11T01:10:00.000Z,2014-09-11T01:14:56.000Z,G0002,False,,False
1094433320,Sun_69,2014-09-11T01:15:04.000Z,2014-09-11T01:20:00.000Z,G0002,False,,False
1094433616,Sun_93,2014-09-11T01:20:00.000Z,2014-09-11T01:24:56.000Z,G0002,False,,False
1094433920,Sun_121,2014-09-11T01:25:04.000Z,2014-09-11T01:30:00.000Z,G0002,False,,False
1094434216,Sun_145,2014-09-11T01:30:00.000Z,2014-09-11T01:34:56.000Z,G0002,False,,False
1094434520,Sun_169,2014-09-11T01:35:04.000Z,2014-09-11T01:40:00.000Z,G0002,False,,False
1094434816,Sun_69,2014-09-11T01:40:00.000Z,2014-09-11T01:44:56.000Z,G0002,False,,False
1094435120,Sun_93,2014-09-11T01:45:04.000Z,2014-09-11T01:50:00.000Z,G0002,False,,False
1094435416,Sun_121,2014-09-11T01:50:00.000Z,2014-09-11T01:54:56.000Z,G0002,False,,False
1094435712,Sun_145,2014-09-11T01:54:56.000Z,2014-09-11T01:59:52.000Z,G0002,False,,False
1094439616,Sun_93,2014-09-11T03:00:00.000Z,2014-09-11T03:04:56.000Z,G0002,False,,False
1094439920,Sun_121,2014-09-11T03:05:04.000Z,2014-09-11T03:10:00.000Z,G0002,False,,False
1094440216,Sun_145,2014-09-11T03:10:00.000Z,2014-09-11T03:14:56.000Z,G0002,False,,False
1094440520,Sun_169,2014-09-11T03:15:04.000Z,2014-09-11T03:20:00.000Z,G0002,False,,False
1094440816,Sun_69,2014-09-11T03:20:00.000Z,2014-09-11T03:24:56.000Z,G0002,False,,False
1094441112,Sun_93,2014-09-11T03:24:56.000Z,2014-09-11T03:29:52.000Z,G0002,False,,False
1094441416,Sun_121,2014-09-11T03:30:00.000Z,2014-09-11T03:34:56.000Z,G0002,False,,False
1094441720,Sun_145,2014-09-11T03:35:04.000Z,2014-09-11T03:40:00.000Z,G0002,False,,False
1094442016,Sun_169,2014-09-11T03:40:00.000Z,2014-09-11T03:44:56.000Z,G0002,False,,False
1094442320,Sun_69,2014-09-11T03:45:04.000Z,2014-09-11T03:50:00.000Z,G0002,False,,False
1094442616,Sun_93,2014-09-11T03:50:00.000Z,2014-09-11T03:54:56.000Z,G0002,False,,False
1094442912,Sun_121,2014-09-11T03:54:56.000Z,2014-09-11T03:59:52.000Z,G0002,False,,False
1094450416,Sun,2014-09-11T06:00:00.000Z,2014-09-11T06:04:00.000Z,G0002,False,,False
1094450656,Sun,2014-09-11T06:04:00.000Z,2014-09-11T06:08:00.000Z,G0002,False,,False
1094450896,Sun,2014-09-11T06:08:00.000Z,2014-09-11T06:12:00.000Z,G0002,False,,False
1094451136,Sun,2014-09-11T06:12:00.000Z,2014-09-11T06:16:00.000Z,G0002,False,,False
1094451376,Sun,2014-09-11T06:16:00.000Z,2014-09-11T06:20:00.000Z,G0002,False,,False
1094451616,Sun,2014-09-11T06:20:00.000Z,2014-09-11T06:24:00.000Z,G0002,False,,False
1094451856,Sun,2014-09-11T06:24:00.000Z,2014-09-11T06:28:00.000Z,G0002,False,,False
1094452096,Sun,2014-09-11T06:28:00.000Z,2014-09-11T06:32:00.000Z,G0002,False,,False
1094452336,Sun,2014-09-11T06:32:00.000Z,2014-09-11T06:36:00.000Z,G0002,False,,False
1094452576,Sun,2014-09-11T06:36:00.000Z,2014-09-11T06:40:00.000Z,G0002,False,,False
1094452816,Sun,2014-09-11T06:40:00.000Z,2014-09-11T06:44:00.000Z,G0002,False,,False
1094453056,Sun,2014-09-11T06:44:00.000Z,2014-09-11T06:48:00.000Z,G0002,False,,False
1094453296,Sun,2014-09-11T06:48:00.000Z,2014-09-11T06:52:00.000Z,G0002,False,,False
1094453536,Sun,2014-09-11T06:52:00.000Z,2014-09-11T06:56:00.000Z,G0002,False,,False
1094453776,Sun,2014-09-11T06:56:00.000Z,2014-09-11T07:00:00.000Z,G0002,False,,False
1094518816,Sun,2014-09-12T01:00:00.000Z,2014-09-12T01:04:00.000Z,G0002,False,,False
1094519056,Sun,2014-09-12T01:04:00.000Z,2014-09-12T01:08:00.000Z,G0002,False,,False
1094519296,Sun,2014-09-12T01:08:00.000Z,2014-09-12T01:12:00.000Z,G0002,False,,False
1094519536,Sun,2014-09-12T01:12:00.000Z,2014-09-12T01:16:00.000Z,G0002,False,,False
1094519776,Sun,2014-09-12T01:16:00.000Z,2014-09-12T01:20:00.000Z,G0002,False,,False
1094520016,Sun,2014-09-12T01:20:00.000Z,2014-09-12T01:24:00.000Z,G0002,False,,False
1094520256,Sun,2014-09-12T01:24:00.000Z,2014-09-12T01:28:00.000Z,G0002,False,,False
1094520496,Sun,2014-09-12T01:28:00.000Z,2014-09-12T01:32:00.000Z,G0002,False,,False
1094520736,Sun,2014-09-12T01:32:00.000Z,2014-09-12T01:36:00.000Z,G0002,False,,False
1094520976,Sun,2014-09-12T01:36:00.000Z,2014-09-12T01:40:00.000Z,G0002,False,,False
1094521216,Sun,2014-09-12T01:40:00.000Z,2014-09-12T01:44:00.000Z,G0002,False,,False
1094521456,Sun,2014-09-12T01:44:00.000Z,2014-09-12T01:48:00.000Z,G0002,False,,False
1094521696,Sun,2014-09-12T01:48:00.000Z,2014-09-12T01:52:00.000Z,G0002,False,,False
1094521936,Sun,2014-09-12T01:52:00.000Z,2014-09-12T01:56:00.000Z,G0002,False,,False
1094522176,Sun,2014-09-12T01:56:00.000Z,2014-09-12T02:00:00.000Z,G0002,False,,False
1094526016,Sun,2014-09-12T03:00:00.000Z,2014-09-12T03:04:00.000Z,G0002,False,,False
1094526256,Sun,2014-09-12T03:04:00.000Z,2014-09-12T03:08:00.000Z,G0002,False,,False
1094526496,Sun,2014-09-12T03:08:00.000Z,2014-09-12T03:12:00.000Z,G0002,False,,False
1094526736,Sun,2014-09-12T03:12:00.000Z,2014-09-12T03:16:00.000Z,G0002,False,,False
1094526976,Sun,2014-09-12T03:16:00.000Z,2014-09-12T03:20:00.000Z,G0002,False,,False
1094527216,Sun,2014-09-12T03:20:00.000Z,2014-09-12T03:24:00.000Z,G0002,False,,False
1094527456,Sun,2014-09-12T03:24:00.000Z,2014-09-12T03:28:00.000Z,G0002,False,,False
1094527696,Sun,2014-09-12T03:28:00.000Z,2014-09-12T03:32:00.000Z,G0002,False,,False
1094527936,Sun,2014-09-12T03:32:00.000Z,2014-09-12T03:36:00.000Z,G0002,False,,False
1094528176,Sun,2014-09-12T03:36:00.000Z,2014-09-12T03:40:00.000Z,G0002,False,,False
1094528416,Sun,2014-09-12T03:40:00.000Z,2014-09-12T03:44:00.000Z,G0002,False,,False
1094528656,Sun,2014-09-12T03:44:00.000Z,2014-09-12T03:48:00.000Z,G0002,False,,False
1094528896,Sun,2014-09-12T03:48:00.000Z,2014-09-12T03:52:00.000Z,G0002,False,,False
1094529136,Sun,2014-09-12T03:52:00.000Z,2014-09-12T03:56:00.000Z,G0002,False,,False
1094529376,Sun,2014-09-12T03:56:00.000Z,2014-09-12T04:00:00.000Z,G0002,False,,False
1094536816,Sun,2014-09-12T06:00:00.000Z,2014-09-12T06:04:00.000Z,G0002,False,,False
1094537056,Sun,2014-09-12T06:04:00.000Z,2014-09-12T06:08:00.000Z,G0002,False,,False
1094537296,Sun,2014-09-12T06:08:00.000Z,2014-09-12T06:12:00.000Z,G0002,False,,False
1094537536,Sun,2014-09-12T06:12:00.000Z,2014-09-12T06:16:00.000Z,G0002,False,,False
1094537776,Sun,2014-09-12T06:16:00.000Z,2014-09-12T06:20:00.000Z,G0002,False,,False
1094538016,Sun,2014-09-12T06:20:00.000Z,2014-09-12T06:24:00.000Z,G0002,False,,False
1094538256,Sun,2014-09-12T06:24:00.000Z,2014-09-12T06:28:00.000Z,G0002,False,,False
1094538496,Sun,2014-09-12T06:28:00.000Z,2014-09-12T06:32:00.000Z,G0002,False,,False
1094538736,Sun,2014-09-12T06:32:00.000Z,2014-09-12T06:36:00.000Z,G0002,False,,False
1094538976,Sun,2014-09-12T06:36:00.000Z,2014-09-12T06:40:00.000Z,G0002,False,,False
1094539216,Sun,2014-09-12T06:40:00.000Z,2014-09-12T06:44:00.000Z,G0002,False,,False
1094539456,Sun,2014-09-12T06:44:00.000Z,2014-09-12T06:48:00.000Z,G0002,False,,False
1094539696,Sun,2014-09-12T06:48:00.000Z,2014-09-12T06:52:00.000Z,G0002,False,,False
1094539936,Sun,2014-09-12T06:52:00.000Z,2014-09-12T06:56:00.000Z,G0002,False,,False
1094540176,Sun,2014-09-12T06:56:00.000Z,2014-09-12T07:00:00.000Z,G0002,False,,False
1094605296,Sun,2014-09-13T01:01:20.000Z,2014-09-13T01:06:16.000Z,G0002,False,,False
1094605592,Sun,2014-09-13T01:06:16.000Z,2014-09-13T01:11:12.000Z,G0002,False,,False
1094605896,Sun,2014-09-13T01:11:20.000Z,2014-09-13T01:16:16.000Z,G0002,False,,False
1094606192,Sun,2014-09-13T01:16:16.000Z,2014-09-13T01:21:12.000Z,G0002,False,,False
1094606496,Sun,2014-09-13T01:21:20.000Z,2014-09-13T01:26:16.000Z,G0002,False,,False
1094606792,Sun,2014-09-13T01:26:16.000Z,2014-09-13T01:31:12.000Z,G0002,False,,False
1094607096,Sun,2014-09-13T01:31:20.000Z,2014-09-13T01:36:16.000Z,G0002,False,,False
1094607392,Sun,2014-09-13T01:36:16.000Z,2014-09-13T01:41:12.000Z,G0002,False,,False
1094607696,Sun,2014-09-13T01:41:20.000Z,2014-09-13T01:46:16.000Z,G0002,False,,False
1094607992,Sun,2014-09-13T01:46:16.000Z,2014-09-13T01:51:12.000Z,G0002,False,,False
1094608296,Sun,2014-09-13T01:51:20.000Z,2014-09-13T01:56:16.000Z,G0002,False,,False
1094608592,Sun,2014-09-13T01:56:16.000Z,2014-09-13T02:01:12.000Z,G0002,False,,False
1094612496,Sun,2014-09-13T03:01:20.000Z,2014-09-13T03:06:16.000Z,G0002,False,,False
1094612792,Sun,2014-09-13T03:06:16.000Z,2014-09-13T03:11:12.000Z,G0002,False,,False
1094613096,Sun,2014-09-13T03:11:20.000Z,2014-09-13T03:16:16.000Z,G0002,False,,False
1094613392,Sun,2014-09-13T03:16:16.000Z,2014-09-13T03:21:12.000Z,G0002,False,,False
1094613696,Sun,2014-09-13T03:21:20.000Z,2014-09-13T03:26:16.000Z,G0002,False,,False
1094613992,Sun,2014-09-13T03:26:16.000Z,2014-09-13T03:31:12.000Z,G0002,False,,False
1094614296,Sun,2014-09-13T03:31:20.000Z,2014-09-13T03:36:16.000Z,G0002,False,,False
1094614592,Sun,2014-09-13T03:36:16.000Z,2014-09-13T03:41:12.000Z,G0002,False,,False
1094614896,Sun,2014-09-13T03:41:20.000Z,2014-09-13T03:46:16.000Z,G0002,False,,False
1094615192,Sun,2014-09-13T03:46:16.000Z,2014-09-13T03:51:12.000Z,G0002,False,,False
1094615496,Sun,2014-09-13T03:51:20.000Z,2014-09-13T03:56:16.000Z,G0002,False,,False
1094615792,Sun,2014-09-13T03:56:16.000Z,2014-09-13T04:01:12.000Z,G0002,False,,False
1094623296,Sun,2014-09-13T06:01:20.000Z,2014-09-13T06:06:16.000Z,G0002,False,,False
1094623592,Sun,2014-09-13T06:06:16.000Z,2014-09-13T06:11:12.000Z,G0002,False,,False
1094623896,Sun,2014-09-13T06:11:20.000Z,2014-09-13T06:16:16.000Z,G0002,False,,False
1094624192,Sun,2014-09-13T06:16:16.000Z,2014-09-13T06:21:12.000Z,G0002,False,,False
1094624496,Sun,2014-09-13T06:21:20.000Z,2014-09-13T06:26:16.000Z,G0002,False,,False
1094624792,Sun,2014-09-13T06:26:16.000Z,2014-09-13T06:31:12.000Z,G0002,False,,False
1094625096,Sun,2014-09-13T06:31:20.000Z,2014-09-13T06:36:16.000Z,G0002,False,,False
1094625392,Sun,2014-09-13T06:36:16.000Z,2014-09-13T06:41:12.000Z,G0002,False,,False
1094625696,Sun,2014-09-13T06:41:20.000Z,2014-09-13T06:46:16.000Z,G0002,False,,False
1094625992,Sun,2014-09-13T06:46:16.000Z,2014-09-13T06:51:12.000Z,G0002,False,,False
1094626296,Sun,2014-09-13T06:51:20.000Z,2014-09-13T06:56:16.000Z,G0002,False,,False
1094626592,Sun,2014-09-13T06:56:16.000Z,2014-09-13T07:01:12.000Z,G0002,False,,False
1094691672,Sun,2014-09-14T01:00:56.000Z,2014-09-14T01:05:52.000Z,G0002,False,,False
1094691976,Sun,2014-09-14T01:06:00.000Z,2014-09-14T01:10:56.000Z,G0002,False,,False
1094692272,Sun,2014-09-14T01:10:56.000Z,2014-09-14T01:15:52.000Z,G0002,False,,False
1094692576,Sun,2014-09-14T01:16:00.000Z,2014-09-14T01:20:56.000Z,G0002,False,,False
1094692872,Sun,2014-09-14T01:20:56.000Z,2014-09-14T01:25:52.000Z,G0002,False,,False
1094693176,Sun,2014-09-14T01:26:00.000Z,2014-09-14T01:30:56.000Z,G0002,False,,False
1094693472,Sun,2014-09-14T01:30:56.000Z,2014-09-14T01:35:52.000Z,G0002,False,,False
1094693776,Sun,2014-09-14T01:36:00.000Z,2014-09-14T01:40:56.000Z,G0002,False,,False
1094694072,Sun,2014-09-14T01:40:56.000Z,2014-09-14T01:45:52.000Z,G0002,False,,False
1094694376,Sun,2014-09-14T01:46:00.000Z,2014-09-14T01:50:56.000Z,G0002,False,,False
1094694672,Sun,2014-09-14T01:50:56.000Z,2014-09-14T01:55:52.000Z,G0002,False,,False
1094694968,Sun,2014-09-14T01:55:52.000Z,2014-09-14T02:00:48.000Z,G0002,False,,False
1094698872,Sun,2014-09-14T03:00:56.000Z,2014-09-14T03:05:52.000Z,G0002,False,,False
1094699176,Sun,2014-09-14T03:06:00.000Z,2014-09-14T03:10:56.000Z,G0002,False,,False
1094699472,Sun,2014-09-14T03:10:56.000Z,2014-09-14T03:15:52.000Z,G0002,False,,False
1094699768,Sun,2014-09-14T03:15:52.000Z,2014-09-14T03:20:48.000Z,G0002,False,,False
1094700072,Sun,2014-09-14T03:20:56.000Z,2014-09-14T03:25:52.000Z,G0002,False,,False
1094700368,Sun,2014-09-14T03:25:52.000Z,2014-09-14T03:30:48.000Z,G0002,False,,False
1094700672,Sun,2014-09-14T03:30:56.000Z,2014-09-14T03:35:52.000Z,G0002,False,,False
1094700976,Sun,2014-09-14T03:36:00.000Z,2014-09-14T03:40:56.000Z,G0002,False,,False
1094701272,Sun,2014-09-14T03:40:56.000Z,2014-09-14T03:45:52.000Z,G0002,False,,False
1094701568,Sun,2014-09-14T03:45:52.000Z,2014-09-14T03:50:48.000Z,G0002,False,,False
1094701872,Sun,2014-09-14T03:50:56.000Z,2014-09-14T03:55:52.000Z,G0002,False,,False
1094702168,Sun,2014-09-14T03:55:52.000Z,2014-09-14T04:00:48.000Z,G0002,False,,False
1094709672,Sun,2014-09-14T06:00:56.000Z,2014-09-14T06:05:52.000Z,G0002,False,,False
1094709968,Sun,2014-09-14T06:05:52.000Z,2014-09-14T06:10:48.000Z,G0002,False,,False
1094710272,Sun,2014-09-14T06:10:56.000Z,2014-09-14T06:15:52.000Z,G0002,False,,False
1094710568,Sun,2014-09-14T06:15:52.000Z,2014-09-14T06:20:48.000Z,G0002,False,,False
1094710872,Sun,2014-09-14T06:20:56.000Z,2014-09-14T06:25:52.000Z,G0002,False,,False
1094711176,Sun,2014-09-14T06:26:00.000Z,2014-09-14T06:30:56.000Z,G0002,False,,False
1094711472,Sun,2014-09-14T06:30:56.000Z,2014-09-14T06:35:52.000Z,G0002,False,,False
1094711768,Sun,2014-09-14T06:35:52.000Z,2014-09-14T06:40:48.000Z,G0002,False,,False
1094712072,Sun,2014-09-14T06:40:56.000Z,2014-09-14T06:45:52.000Z,G0002,False,,False
1094712368,Sun,2014-09-14T06:45:52.000Z,2014-09-14T06:50:48.000Z,G0002,False,,False
1094712672,Sun,2014-09-14T06:50:56.000Z,2014-09-14T06:55:52.000Z,G0002,False,,False
1094712976,Sun,2014-09-14T06:56:00.000Z,2014-09-14T07:00:56.000Z,G0002,False,,False
1094778048,Sun,2014-09-15T01:00:32.000Z,2014-09-15T01:05:28.000Z,G0002,False,,False
1094778352,Sun,2014-09-15T01:05:36.000Z,2014-09-15T01:10:32.000Z,G0002,False,,False
1094778648,Sun,2014-09-15T01:10:32.000Z,2014-09-15T01:15:28.000Z,G0002,False,,False
1094778952,Sun,2014-09-15T01:15:36.000Z,2014-09-15T01:20:32.000Z,G0002,False,,False
1094779248,Sun,2014-09-15T01:20:32.000Z,2014-09-15T01:25:28.000Z,G0002,False,,False
1094779552,Sun,2014-09-15T01:25:36.000Z,2014-09-15T01:30:32.000Z,G0002,False,,False
1094785248,Sun,2014-09-15T03:00:32.000Z,2014-09-15T03:05:28.000Z,G0002,False,,False
1094785552,Sun,2014-09-15T03:05:36.000Z,2014-09-15T03:10:32.000Z,G0002,False,,False
1094785848,Sun,2014-09-15T03:10:32.000Z,2014-09-15T03:15:28.000Z,G0002,False,,False
1094786152,Sun,2014-09-15T03:15:36.000Z,2014-09-15T03:20:32.000Z,G0002,False,,False
1094786448,Sun,2014-09-15T03:20:32.000Z,2014-09-15T03:25:28.000Z,G0002,False,,False
1094786752,Sun,2014-09-15T03:25:36.000Z,2014-09-15T03:30:32.000Z,G0002,False,,False
1094787048,Sun,2014-09-15T03:30:32.000Z,2014-09-15T03:35:28.000Z,G0002,False,,False
1094787352,Sun,2014-09-15T03:35:36.000Z,2014-09-15T03:40:32.000Z,G0002,False,,False
1094787648,Sun,2014-09-15T03:40:32.000Z,2014-09-15T03:45:28.000Z,G0002,False,,False
1094787952,Sun,2014-09-15T03:45:36.000Z,2014-09-15T03:50:32.000Z,G0002,False,,False
1094788248,Sun,2014-09-15T03:50:32.000Z,2014-09-15T03:55:28.000Z,G0002,False,,False
1094788552,Sun,2014-09-15T03:55:36.000Z,2014-09-15T04:00:32.000Z,G0002,False,,False
1094796048,Sun,2014-09-15T06:00:32.000Z,2014-09-15T06:05:28.000Z,G0002,False,,False
1094796352,Sun,2014-09-15T06:05:36.000Z,2014-09-15T06:10:32.000Z,G0002,False,,False
1094796648,Sun,2014-09-15T06:10:32.000Z,2014-09-15T06:15:28.000Z,G0002,False,,False
1094796952,Sun,2014-09-15T06:15:36.000Z,2014-09-15T06:20:32.000Z,G0002,False,,False
1094797248,Sun,2014-09-15T06:20:32.000Z,2014-09-15T06:25:28.000Z,G0002,False,,False
1094797552,Sun,2014-09-15T06:25:36.000Z,2014-09-15T06:30:32.000Z,G0002,False,,False
1094797848,Sun,2014-09-15T06:30:32.000Z,2014-09-15T06:35:28.000Z,G0002,False,,False
1094798152,Sun,2014-09-15T06:35:36.000Z,2014-09-15T06:40:32.000Z,G0002,False,,False
1094798448,Sun,2014-09-15T06:40:32.000Z,2014-09-15T06:45:28.000Z,G0002,False,,False
1094798752,Sun,2014-09-15T06:45:36.000Z,2014-09-15T06:50:32.000Z,G0002,False,,False
1094799048,Sun,2014-09-15T06:50:32.000Z,2014-09-15T06:55:28.000Z,G0002,False,,False
1094799352,Sun,2014-09-15T06:55:36.000Z,2014-09-15T07:00:32.000Z,G0002,False,,False
1094864432,Sun,2014-09-16T01:00:16.000Z,2014-09-16T01:05:12.000Z,G0002,False,,False
1094864728,Sun,2014-09-16T01:05:12.000Z,2014-09-16T01:10:08.000Z,G0002,False,,False
1094865032,Sun,2014-09-16T01:10:16.000Z,2014-09-16T01:15:12.000Z,G0002,False,,False
1094865328,Sun,2014-09-16T01:15:12.000Z,2014-09-16T01:20:08.000Z,G0002,False,,False
1094865632,Sun,2014-09-16T01:20:16.000Z,2014-09-16T01:25:12.000Z,G0002,False,,False
1094865928,Sun,2014-09-16T01:25:12.000Z,2014-09-16T01:30:08.000Z,G0002,False,,False
1094866232,Sun,2014-09-16T01:30:16.000Z,2014-09-16T01:35:12.000Z,G0002,False,,False
1094866528,Sun,2014-09-16T01:35:12.000Z,2014-09-16T01:40:08.000Z,G0002,False,,False
1094866832,Sun,2014-09-16T01:40:16.000Z,2014-09-16T01:45:12.000Z,G0002,False,,False
1094867128,Sun,2014-09-16T01:45:12.000Z,2014-09-16T01:50:08.000Z,G0002,False,,False
1094867432,Sun,2014-09-16T01:50:16.000Z,2014-09-16T01:55:12.000Z,G0002,False,,False
1094867728,Sun,2014-09-16T01:55:12.000Z,2014-09-16T02:00:08.000Z,G0002,False,,False
1094871632,Sun,2014-09-16T03:00:16.000Z,2014-09-16T03:05:12.000Z,G0002,False,,False
1094871928,Sun,2014-09-16T03:05:12.000Z,2014-09-16T03:10:08.000Z,G0002,False,,False
1094872232,Sun,2014-09-16T03:10:16.000Z,2014-09-16T03:15:12.000Z,G0002,False,,False
1094872528,Sun,2014-09-16T03:15:12.000Z,2014-09-16T03:20:08.000Z,G0002,False,,False
1094872832,Sun,2014-09-16T03:20:16.000Z,2014-09-16T03:25:12.000Z,G0002,False,,False
1094873128,Sun,2014-09-16T03:25:12.000Z,2014-09-16T03:30:08.000Z,G0002,False,,False
1094873432,Sun,2014-09-16T03:30:16.000Z,2014-09-16T03:35:12.000Z,G0002,False,,False
1094873728,Sun,2014-09-16T03:35:12.000Z,2014-09-16T03:40:08.000Z,G0002,False,,False
1094874032,Sun,2014-09-16T03:40:16.000Z,2014-09-16T03:45:12.000Z,G0002,False,,False
1094874328,Sun,2014-09-16T03:45:12.000Z,2014-09-16T03:50:08.000Z,G0002,False,,False
1094874632,Sun,2014-09-16T03:50:16.000Z,2014-09-16T03:55:12.000Z,G0002,False,,False
1094874928,Sun,2014-09-16T03:55:12.000Z,2014-09-16T04:00:08.000Z,G0002,False,,False
1094882432,Sun,2014-09-16T06:00:16.000Z,2014-09-16T06:05:12.000Z,G0002,False,,False
1094882728,Sun,2014-09-16T06:05:12.000Z,2014-09-16T06:10:08.000Z,G0002,False,,False
1094883032,Sun,2014-09-16T06:10:16.000Z,2014-09-16T06:15:12.000Z,G0002,False,,False
1094883328,Sun,2014-09-16T06:15:12.000Z,2014-09-16T06:20:08.000Z,G0002,False,,False
1094883632,Sun,2014-09-16T06:20:16.000Z,2014-09-16T06:25:12.000Z,G0002,False,,False
1094883928,Sun,2014-09-16T06:25:12.000Z,2014-09-16T06:30:08.000Z,G0002,False,,False
1094884232,Sun,2014-09-16T06:30:16.000Z,2014-09-16T06:35:12.000Z,G0002,False,,False
1094884528,Sun,2014-09-16T06:35:12.000Z,2014-09-16T06:40:08.000Z,G0002,False,,False
1094884832,Sun,2014-09-16T06:40:16.000Z,2014-09-16T06:45:12.000Z,G0002,False,,False
1094885128,Sun,2014-09-16T06:45:12.000Z,2014-09-16T06:50:08.000Z,G0002,False,,False
1094885432,Sun,2014-09-16T06:50:16.000Z,2014-09-16T06:55:12.000Z,G0002,False,,False
1094885728,Sun,2014-09-16T06:55:12.000Z,2014-09-16T07:00:08.000Z,G0002,False,,False
1094951104,Sun,2014-09-17T01:04:48.000Z,2014-09-17T01:09:44.000Z,G0002,False,,False
1094951408,Sun,2014-09-17T01:09:52.000Z,2014-09-17T01:14:48.000Z,G0002,False,,False
1094951704,Sun,2014-09-17T01:14:48.000Z,2014-09-17T01:19:44.000Z,G0002,False,,False
1094952008,Sun,2014-09-17T01:19:52.000Z,2014-09-17T01:24:48.000Z,G0002,False,,False
1094952304,Sun,2014-09-17T01:24:48.000Z,2014-09-17T01:29:44.000Z,G0002,False,,False
1094952608,Sun,2014-09-17T01:29:52.000Z,2014-09-17T01:34:48.000Z,G0002,False,,False
1094952904,Sun,2014-09-17T01:34:48.000Z,2014-09-17T01:39:44.000Z,G0002,False,,False
1094953208,Sun,2014-09-17T01:39:52.000Z,2014-09-17T01:44:48.000Z,G0002,False,,False
1094953504,Sun,2014-09-17T01:44:48.000Z,2014-09-17T01:49:44.000Z,G0002,False,,False
1094953808,Sun,2014-09-17T01:49:52.000Z,2014-09-17T01:54:48.000Z,G0002,False,,False
1094954104,Sun,2014-09-17T01:54:48.000Z,2014-09-17T01:59:44.000Z,G0002,False,,False
1094954408,Sun,2014-09-17T01:59:52.000Z,2014-09-17T02:04:48.000Z,G0002,False,,False
1094958312,Sun,2014-09-17T03:04:56.000Z,2014-09-17T03:09:52.000Z,G0002,False,,False
1094958608,Sun,2014-09-17T03:09:52.000Z,2014-09-17T03:14:48.000Z,G0002,False,,False
1094958912,Sun,2014-09-17T03:14:56.000Z,2014-09-17T03:19:52.000Z,G0002,False,,False
1094959208,Sun,2014-09-17T03:19:52.000Z,2014-09-17T03:24:48.000Z,G0002,False,,False
1094959512,Sun,2014-09-17T03:24:56.000Z,2014-09-17T03:29:52.000Z,G0002,False,,False
1094959808,Sun,2014-09-17T03:29:52.000Z,2014-09-17T03:34:48.000Z,G0002,False,,False
1094960104,Sun,2014-09-17T03:34:48.000Z,2014-09-17T03:39:44.000Z,G0002,False,,False
1094960408,Sun,2014-09-17T03:39:52.000Z,2014-09-17T03:44:48.000Z,G0002,False,,False
1094960712,Sun,2014-09-17T03:44:56.000Z,2014-09-17T03:49:52.000Z,G0002,False,,False
1094961008,Sun,2014-09-17T03:49:52.000Z,2014-09-17T03:54:48.000Z,G0002,False,,False
1094961312,Sun,2014-09-17T03:54:56.000Z,2014-09-17T03:59:52.000Z,G0002,False,,False
1094961608,Sun,2014-09-17T03:59:52.000Z,2014-09-17T04:04:48.000Z,G0002,False,,False
1095229816,Sun_track,2014-09-20T06:30:00.000Z,2014-09-20T06:59:52.000Z,G0002,False,,False
1095296416,Sun_track,2014-09-21T01:00:00.000Z,2014-09-21T01:29:52.000Z,G0002,False,,False
1095298216,Sun_track,2014-09-21T01:30:00.000Z,2014-09-21T01:59:52.000Z,G0002,False,,False
1095303616,Sun_track,2014-09-21T03:00:00.000Z,2014-09-21T03:29:52.000Z,G0002,False,,False
1095305416,Sun_track,2014-09-21T03:30:00.000Z,2014-09-21T03:59:52.000Z,G0002,False,,False
1095314416,Sun_track,2014-09-21T06:00:00.000Z,2014-09-21T06:29:52.000Z,G0002,False,,False
1095316216,Sun_track,2014-09-21T06:30:00.000Z,2014-09-21T06:59:52.000Z,G0002,False,,False
1095390016,Sun_track,2014-09-22T03:00:00.000Z,2014-09-22T03:29:52.000Z,G0002,False,,False
1095391816,Sun_track,2014-09-22T03:30:00.000Z,2014-09-22T03:59:52.000Z,G0002,False,,False
1095400816,Sun_track,2014-09-22T06:00:00.000Z,2014-09-22T06:29:52.000Z,G0002,False,,False
1095402616,Sun_track,2014-09-22T06:30:00.000Z,2014-09-22T06:59:52.000Z,G0002,False,,False
1095469528,CORR_MODE_40_0.5,2014-09-23T01:05:12.000Z,2014-09-23T01:05:28.000Z,G0002,False,,False
1095469552,HydA,2014-09-23T01:05:36.000Z,2014-09-23T01:07:28.000Z,G0002,True,HydA,False
1095469680,Sun,2014-09-23T01:07:44.000Z,2014-09-23T01:12:40.000Z,G0002,False,,False
1095469976,Sun,2014-09-23T01:12:40.000Z,2014-09-23T01:17:36.000Z,G0002,False,,False
1095470272,Sun,2014-09-23T01:17:36.000Z,2014-09-23T01:22:32.000Z,G0002,False,,False
1095470576,Sun,2014-09-23T01:22:40.000Z,2014-09-23T01:27:36.000Z,G0002,False,,False
1095470872,Sun,2014-09-23T01:27:36.000Z,2014-09-23T01:32:32.000Z,G0002,False,,False
1095471176,Sun,2014-09-23T01:32:40.000Z,2014-09-23T01:37:36.000Z,G0002,False,,False
1095471480,Sun,2014-09-23T01:37:44.000Z,2014-09-23T01:42:40.000Z,G0002,False,,False
1095471776,Sun,2014-09-23T01:42:40.000Z,2014-09-23T01:47:36.000Z,G0002,False,,False
1095472072,Sun,2014-09-23T01:47:36.000Z,2014-09-23T01:52:32.000Z,G0002,False,,False
1095472376,Sun,2014-09-23T01:52:40.000Z,2014-09-23T01:57:36.000Z,G0002,False,,False
1095472680,Sun,2014-09-23T01:57:44.000Z,2014-09-23T02:02:40.000Z,G0002,False,,False
1095476576,Sun,2014-09-23T03:02:40.000Z,2014-09-23T03:07:36.000Z,G0002,False,,False
1095476880,Sun,2014-09-23T03:07:44.000Z,2014-09-23T03:12:40.000Z,G0002,False,,False
1095477176,Sun,2014-09-23T03:12:40.000Z,2014-09-23T03:17:36.000Z,G0002,False,,False
1095477472,Sun,2014-09-23T03:17:36.000Z,2014-09-23T03:22:32.000Z,G0002,False,,False
1095477776,Sun,2014-09-23T03:22:40.000Z,2014-09-23T03:27:36.000Z,G0002,False,,False
1095478080,Sun,2014-09-23T03:27:44.000Z,2014-09-23T03:32:40.000Z,G0002,False,,False
1095478376,Sun,2014-09-23T03:32:40.000Z,2014-09-23T03:37:36.000Z,G0002,False,,False
1095478680,Sun,2014-09-23T03:37:44.000Z,2014-09-23T03:42:40.000Z,G0002,False,,False
1095478976,Sun,2014-09-23T03:42:40.000Z,2014-09-23T03:47:36.000Z,G0002,False,,False
1095479272,Sun,2014-09-23T03:47:36.000Z,2014-09-23T03:52:32.000Z,G0002,False,,False
1095479576,Sun,2014-09-23T03:52:40.000Z,2014-09-23T03:57:36.000Z,G0002,False,,False
1095479880,Sun,2014-09-23T03:57:44.000Z,2014-09-23T04:02:40.000Z,G0002,False,,False
1095487376,Sun,2014-09-23T06:02:40.000Z,2014-09-23T06:07:36.000Z,G0002,False,,False
1095487672,Sun,2014-09-23T06:07:36.000Z,2014-09-23T06:12:32.000Z,G0002,False,,False
1095487976,Sun,2014-09-23T06:12:40.000Z,2014-09-23T06:17:36.000Z,G0002,False,,False
1095488272,Sun,2014-09-23T06:17:36.000Z,2014-09-23T06:22:32.000Z,G0002,False,,False
1095488576,Sun,2014-09-23T06:22:40.000Z,2014-09-23T06:27:36.000Z,G0002,False,,False
1095488880,Sun,2014-09-23T06:27:44.000Z,2014-09-23T06:32:40.000Z,G0002,False,,False
1095489176,Sun,2014-09-23T06:32:40.000Z,2014-09-23T06:37:36.000Z,G0002,False,,False
1095489480,Sun,2014-09-23T06:37:44.000Z,2014-09-23T06:42:40.000Z,G0002,False,,False
1095489776,Sun,2014-09-23T06:42:40.000Z,2014-09-23T06:47:36.000Z,G0002,False,,False
1095490072,Sun,2014-09-23T06:47:36.000Z,2014-09-23T06:52:32.000Z,G0002,False,,False
1095490376,Sun,2014-09-23T06:52:40.000Z,2014-09-23T06:57:36.000Z,G0002,False,,False
1095490680,Sun,2014-09-23T06:57:44.000Z,2014-09-23T07:02:40.000Z,G0002,False,,False
1095555912,CORR_MODE_40_0.5,2014-09-24T01:04:56.000Z,2014-09-24T01:05:12.000Z,G0002,False,,False
1095555936,HydA,2014-09-24T01:05:20.000Z,2014-09-24T01:07:12.000Z,G0002,True,HydA,False
1095556056,Sun,2014-09-24T01:07:20.000Z,2014-09-24T01:12:16.000Z,G0002,False,,False
1095556352,Sun,2014-09-24T01:12:16.000Z,2014-09-24T01:17:12.000Z,G0002,False,,False
1095556656,Sun,2014-09-24T01:17:20.000Z,2014-09-24T01:22:16.000Z,G0002,False,,False
1095556952,Sun,2014-09-24T01:22:16.000Z,2014-09-24T01:27:12.000Z,G0002,False,,False
1095557256,Sun,2014-09-24T01:27:20.000Z,2014-09-24T01:32:16.000Z,G0002,False,,False
1095557552,Sun,2014-09-24T01:32:16.000Z,2014-09-24T01:37:12.000Z,G0002,False,,False
1095557856,Sun,2014-09-24T01:37:20.000Z,2014-09-24T01:42:16.000Z,G0002,False,,False
1095558152,Sun,2014-09-24T01:42:16.000Z,2014-09-24T01:47:12.000Z,G0002,False,,False
1095558456,Sun,2014-09-24T01:47:20.000Z,2014-09-24T01:52:16.000Z,G0002,False,,False
1095558752,Sun,2014-09-24T01:52:16.000Z,2014-09-24T01:57:12.000Z,G0002,False,,False
1095559056,Sun,2014-09-24T01:57:20.000Z,2014-09-24T02:02:16.000Z,G0002,False,,False
1095562952,Sun,2014-09-24T03:02:16.000Z,2014-09-24T03:07:12.000Z,G0002,False,,False
1095563256,Sun,2014-09-24T03:07:20.000Z,2014-09-24T03:12:16.000Z,G0002,False,,False
1095563552,Sun,2014-09-24T03:12:16.000Z,2014-09-24T03:17:12.000Z,G0002,False,,False
1095563856,Sun,2014-09-24T03:17:20.000Z,2014-09-24T03:22:16.000Z,G0002,False,,False
1095564152,Sun,2014-09-24T03:22:16.000Z,2014-09-24T03:27:12.000Z,G0002,False,,False
1095564456,Sun,2014-09-24T03:27:20.000Z,2014-09-24T03:32:16.000Z,G0002,False,,False
1095564752,Sun,2014-09-24T03:32:16.000Z,2014-09-24T03:37:12.000Z,G0002,False,,False
1095565056,Sun,2014-09-24T03:37:20.000Z,2014-09-24T03:42:16.000Z,G0002,False,,False
1095565352,Sun,2014-09-24T03:42:16.000Z,2014-09-24T03:47:12.000Z,G0002,False,,False
1095565656,Sun,2014-09-24T03:47:20.000Z,2014-09-24T03:52:16.000Z,G0002,False,,False
1095565952,Sun,2014-09-24T03:52:16.000Z,2014-09-24T03:57:12.000Z,G0002,False,,False
1095566256,Sun,2014-09-24T03:57:20.000Z,2014-09-24T04:02:16.000Z,G0002,False,,False
1095573752,Sun,2014-09-24T06:02:16.000Z,2014-09-24T06:07:12.000Z,G0002,False,,False
1095574056,Sun,2014-09-24T06:07:20.000Z,2014-09-24T06:12:16.000Z,G0002,False,,False
1095574352,Sun,2014-09-24T06:12:16.000Z,2014-09-24T06:17:12.000Z,G0002,False,,False
1095574656,Sun,2014-09-24T06:17:20.000Z,2014-09-24T06:22:16.000Z,G0002,False,,False
1095574952,Sun,2014-09-24T06:22:16.000Z,2014-09-24T06:27:12.000Z,G0002,False,,False
1095575256,Sun,2014-09-24T06:27:20.000Z,2014-09-24T06:32:16.000Z,G0002,False,,False
1095575552,Sun,2014-09-24T06:32:16.000Z,2014-09-24T06:37:12.000Z,G0002,False,,False
1095575856,Sun,2014-09-24T06:37:20.000Z,2014-09-24T06:42:16.000Z,G0002,False,,False
1095576152,Sun,2014-09-24T06:42:16.000Z,2014-09-24T06:47:12.000Z,G0002,False,,False
1095576456,Sun,2014-09-24T06:47:20.000Z,2014-09-24T06:52:16.000Z,G0002,False,,False
1095576752,Sun,2014-09-24T06:52:16.000Z,2014-09-24T06:57:12.000Z,G0002,False,,False
1095577056,Sun,2014-09-24T06:57:20.000Z,2014-09-24T07:02:16.000Z,G0002,False,,False
1095642288,CORR_MODE_40_0.5,2014-09-25T01:04:32.000Z,2014-09-25T01:04:48.000Z,G0002,False,,False
1095642312,HydA,2014-09-25T01:04:56.000Z,2014-09-25T01:06:48.000Z,G0002,True,HydA,False
1095642432,Sun,2014-09-25T01:06:56.000Z,2014-09-25T01:11:52.000Z,G0002,False,,False
1095642736,Sun,2014-09-25T01:12:00.000Z,2014-09-25T01:16:56.000Z,G0002,False,,False
1095643032,Sun,2014-09-25T01:16:56.000Z,2014-09-25T01:21:52.000Z,G0002,False,,False
1095643336,Sun,2014-09-25T01:22:00.000Z,2014-09-25T01:26:56.000Z,G0002,False,,False
1095643632,Sun,2014-09-25T01:26:56.000Z,2014-09-25T01:31:52.000Z,G0002,False,,False
1095643936,Sun,2014-09-25T01:32:00.000Z,2014-09-25T01:36:56.000Z,G0002,False,,False
1095644232,Sun,2014-09-25T01:36:56.000Z,2014-09-25T01:41:52.000Z,G0002,False,,False
1095644536,Sun,2014-09-25T01:42:00.000Z,2014-09-25T01:46:56.000Z,G0002,False,,False
1095644832,Sun,2014-09-25T01:46:56.000Z,2014-09-25T01:51:52.000Z,G0002,False,,False
1095645136,Sun,2014-09-25T01:52:00.000Z,2014-09-25T01:56:56.000Z,G0002,False,,False
1095645432,Sun,2014-09-25T01:56:56.000Z,2014-09-25T02:01:52.000Z,G0002,False,,False
1095649336,Sun,2014-09-25T03:02:00.000Z,2014-09-25T03:06:56.000Z,G0002,False,,False
1095649632,Sun,2014-09-25T03:06:56.000Z,2014-09-25T03:11:52.000Z,G0002,False,,False
1095649936,Sun,2014-09-25T03:12:00.000Z,2014-09-25T03:16:56.000Z,G0002,False,,False
1095650232,Sun,2014-09-25T03:16:56.000Z,2014-09-25T03:21:52.000Z,G0002,False,,False
1095650536,Sun,2014-09-25T03:22:00.000Z,2014-09-25T03:26:56.000Z,G0002,False,,False
1095650832,Sun,2014-09-25T03:26:56.000Z,2014-09-25T03:31:52.000Z,G0002,False,,False
1095651136,Sun,2014-09-25T03:32:00.000Z,2014-09-25T03:36:56.000Z,G0002,False,,False
1095651432,Sun,2014-09-25T03:36:56.000Z,2014-09-25T03:41:52.000Z,G0002,False,,False
1095651736,Sun,2014-09-25T03:42:00.000Z,2014-09-25T03:46:56.000Z,G0002,False,,False
1095652032,Sun,2014-09-25T03:46:56.000Z,2014-09-25T03:51:52.000Z,G0002,False,,False
1095652336,Sun,2014-09-25T03:52:00.000Z,2014-09-25T03:56:56.000Z,G0002,False,,False
1095652632,Sun,2014-09-25T03:56:56.000Z,2014-09-25T04:01:52.000Z,G0002,False,,False
1095660136,Sun,2014-09-25T06:02:00.000Z,2014-09-25T06:06:56.000Z,G0002,False,,False
1095660432,Sun,2014-09-25T06:06:56.000Z,2014-09-25T06:11:52.000Z,G0002,False,,False
1095660736,Sun,2014-09-25T06:12:00.000Z,2014-09-25T06:16:56.000Z,G0002,False,,False
1095661032,Sun,2014-09-25T06:16:56.000Z,2014-09-25T06:21:52.000Z,G0002,False,,False
1095661336,Sun,2014-09-25T06:22:00.000Z,2014-09-25T06:26:56.000Z,G0002,False,,False
1095661632,Sun,2014-09-25T06:26:56.000Z,2014-09-25T06:31:52.000Z,G0002,False,,False
1095661936,Sun,2014-09-25T06:32:00.000Z,2014-09-25T06:36:56.000Z,G0002,False,,False
1095662232,Sun,2014-09-25T06:36:56.000Z,2014-09-25T06:41:52.000Z,G0002,False,,False
1095662536,Sun,2014-09-25T06:42:00.000Z,2014-09-25T06:46:56.000Z,G0002,False,,False
1095662832,Sun,2014-09-25T06:46:56.000Z,2014-09-25T06:51:52.000Z,G0002,False,,False
1095663136,Sun,2014-09-25T06:52:00.000Z,2014-09-25T06:56:56.000Z,G0002,False,,False
1095663432,Sun,2014-09-25T06:56:56.000Z,2014-09-25T07:01:52.000Z,G0002,False,,False
1095728672,CORR_MODE_40_0.5,2014-09-26T01:04:16.000Z,2014-09-26T01:04:32.000Z,G0002,False,,False
1095728696,HydA,2014-09-26T01:04:40.000Z,2014-09-26T01:06:32.000Z,G0002,True,HydA,False
1095728816,Sun,2014-09-26T01:06:40.000Z,2014-09-26T01:11:36.000Z,G0002,False,,False
1095729112,Sun,2014-09-26T01:11:36.000Z,2014-09-26T01:16:32.000Z,G0002,False,,False
1095729416,Sun,2014-09-26T01:16:40.000Z,2014-09-26T01:21:36.000Z,G0002,False,,False
1095729712,Sun,2014-09-26T01:21:36.000Z,2014-09-26T01:26:32.000Z,G0002,False,,False
1095730016,Sun,2014-09-26T01:26:40.000Z,2014-09-26T01:31:36.000Z,G0002,False,,False
1095730312,Sun,2014-09-26T01:31:36.000Z,2014-09-26T01:36:32.000Z,G0002,False,,False
1095730616,Sun,2014-09-26T01:36:40.000Z,2014-09-26T01:41:36.000Z,G0002,False,,False
1095730912,Sun,2014-09-26T01:41:36.000Z,2014-09-26T01:46:32.000Z,G0002,False,,False
1095731216,Sun,2014-09-26T01:46:40.000Z,2014-09-26T01:51:36.000Z,G0002,False,,False
1095731512,Sun,2014-09-26T01:51:36.000Z,2014-09-26T01:56:32.000Z,G0002,False,,False
1095731816,Sun,2014-09-26T01:56:40.000Z,2014-09-26T02:01:36.000Z,G0002,False,,False
1095735712,Sun,2014-09-26T03:01:36.000Z,2014-09-26T03:06:32.000Z,G0002,False,,False
1095736016,Sun,2014-09-26T03:06:40.000Z,2014-09-26T03:11:36.000Z,G0002,False,,False
1095736312,Sun,2014-09-26T03:11:36.000Z,2014-09-26T03:16:32.000Z,G0002,False,,False
1095736616,Sun,2014-09-26T03:16:40.000Z,2014-09-26T03:21:36.000Z,G0002,False,,False
1095736912,Sun,2014-09-26T03:21:36.000Z,2014-09-26T03:26:32.000Z,G0002,False,,False
1095737216,Sun,2014-09-26T03:26:40.000Z,2014-09-26T03:31:36.000Z,G0002,False,,False
1095737512,Sun,2014-09-26T03:31:36.000Z,2014-09-26T03:36:32.000Z,G0002,False,,False
1095737816,Sun,2014-09-26T03:36:40.000Z,2014-09-26T03:41:36.000Z,G0002,False,,False
1095738112,Sun,2014-09-26T03:41:36.000Z,2014-09-26T03:46:32.000Z,G0002,False,,False
1095738416,Sun,2014-09-26T03:46:40.000Z,2014-09-26T03:51:36.000Z,G0002,False,,False
1095738712,Sun,2014-09-26T03:51:36.000Z,2014-09-26T03:56:32.000Z,G0002,False,,False
1095739016,Sun,2014-09-26T03:56:40.000Z,2014-09-26T04:01:36.000Z,G0002,False,,False
1095746512,Sun,2014-09-26T06:01:36.000Z,2014-09-26T06:06:32.000Z,G0002,False,,False
1095746816,Sun,2014-09-26T06:06:40.000Z,2014-09-26T06:11:36.000Z,G0002,False,,False
1095747112,Sun,2014-09-26T06:11:36.000Z,2014-09-26T06:16:32.000Z,G0002,False,,False
1095747416,Sun,2014-09-26T06:16:40.000Z,2014-09-26T06:21:36.000Z,G0002,False,,False
1095747712,Sun,2014-09-26T06:21:36.000Z,2014-09-26T06:26:32.000Z,G0002,False,,False
1095748016,Sun,2014-09-26T06:26:40.000Z,2014-09-26T06:31:36.000Z,G0002,False,,False
1095748312,Sun,2014-09-26T06:31:36.000Z,2014-09-26T06:36:32.000Z,G0002,False,,False
1095748616,Sun,2014-09-26T06:36:40.000Z,2014-09-26T06:41:36.000Z,G0002,False,,False
1095748912,Sun,2014-09-26T06:41:36.000Z,2014-09-26T06:46:32.000Z,G0002,False,,False
1095749216,Sun,2014-09-26T06:46:40.000Z,2014-09-26T06:51:36.000Z,G0002,False,,False
1095749512,Sun,2014-09-26T06:51:36.000Z,2014-09-26T06:56:32.000Z,G0002,False,,False
1095749816,Sun,2014-09-26T06:56:40.000Z,2014-09-26T07:01:36.000Z,G0002,False,,False
1095815048,CORR_MODE_40_0.5,2014-09-27T01:03:52.000Z,2014-09-27T01:04:08.000Z,G0002,False,,False
1095815072,HydA,2014-09-27T01:04:16.000Z,2014-09-27T01:06:08.000Z,G0002,True,HydA,False
1095815192,Sun,2014-09-27T01:06:16.000Z,2014-09-27T01:11:12.000Z,G0002,False,,False
1095815496,Sun,2014-09-27T01:11:20.000Z,2014-09-27T01:16:16.000Z,G0002,False,,False
1095815792,Sun,2014-09-27T01:16:16.000Z,2014-09-27T01:21:12.000Z,G0002,False,,False
1095816096,Sun,2014-09-27T01:21:20.000Z,2014-09-27T01:26:16.000Z,G0002,False,,False
1095816392,Sun,2014-09-27T01:26:16.000Z,2014-09-27T01:31:12.000Z,G0002,False,,False
1095816696,Sun,2014-09-27T01:31:20.000Z,2014-09-27T01:36:16.000Z,G0002,False,,False
1095816992,Sun,2014-09-27T01:36:16.000Z,2014-09-27T01:41:12.000Z,G0002,False,,False
1095817296,Sun,2014-09-27T01:41:20.000Z,2014-09-27T01:46:16.000Z,G0002,False,,False
1095817592,Sun,2014-09-27T01:46:16.000Z,2014-09-27T01:51:12.000Z,G0002,False,,False
1095817896,Sun,2014-09-27T01:51:20.000Z,2014-09-27T01:56:16.000Z,G0002,False,,False
1095818192,Sun,2014-09-27T01:56:16.000Z,2014-09-27T02:01:12.000Z,G0002,False,,False
1095822096,Sun,2014-09-27T03:01:20.000Z,2014-09-27T03:06:16.000Z,G0002,False,,False
1095822392,Sun,2014-09-27T03:06:16.000Z,2014-09-27T03:11:12.000Z,G0002,False,,False
1095822696,Sun,2014-09-27T03:11:20.000Z,2014-09-27T03:16:16.000Z,G0002,False,,False
1095822992,Sun,2014-09-27T03:16:16.000Z,2014-09-27T03:21:12.000Z,G0002,False,,False
1095823296,Sun,2014-09-27T03:21:20.000Z,2014-09-27T03:26:16.000Z,G0002,False,,False
1095823592,Sun,2014-09-27T03:26:16.000Z,2014-09-27T03:31:12.000Z,G0002,False,,False
1095823896,Sun,2014-09-27T03:31:20.000Z,2014-09-27T03:36:16.000Z,G0002,False,,False
1095824192,Sun,2014-09-27T03:36:16.000Z,2014-09-27T03:41:12.000Z,G0002,False,,False
1095824496,Sun,2014-09-27T03:41:20.000Z,2014-09-27T03:46:16.000Z,G0002,False,,False
1095824792,Sun,2014-09-27T03:46:16.000Z,2014-09-27T03:51:12.000Z,G0002,False,,False
1095825096,Sun,2014-09-27T03:51:20.000Z,2014-09-27T03:56:16.000Z,G0002,False,,False
1095825392,Sun,2014-09-27T03:56:16.000Z,2014-09-27T04:01:12.000Z,G0002,False,,False
1095832896,Sun,2014-09-27T06:01:20.000Z,2014-09-27T06:06:16.000Z,G0002,False,,False
1095833192,Sun,2014-09-27T06:06:16.000Z,2014-09-27T06:11:12.000Z,G0002,False,,False
1095833496,Sun,2014-09-27T06:11:20.000Z,2014-09-27T06:16:16.000Z,G0002,False,,False
1095833792,Sun,2014-09-27T06:16:16.000Z,2014-09-27T06:21:12.000Z,G0002,False,,False
1095834096,Sun,2014-09-27T06:21:20.000Z,2014-09-27T06:26:16.000Z,G0002,False,,False
1095834392,Sun,2014-09-27T06:26:16.000Z,2014-09-27T06:31:12.000Z,G0002,False,,False
1095834696,Sun,2014-09-27T06:31:20.000Z,2014-09-27T06:36:16.000Z,G0002,False,,False
1095834992,Sun,2014-09-27T06:36:16.000Z,2014-09-27T06:41:12.000Z,G0002,False,,False
1095835296,Sun,2014-09-27T06:41:20.000Z,2014-09-27T06:46:16.000Z,G0002,False,,False
1095835592,Sun,2014-09-27T06:46:16.000Z,2014-09-27T06:51:12.000Z,G0002,False,,False
1095835896,Sun,2014-09-27T06:51:20.000Z,2014-09-27T06:56:16.000Z,G0002,False,,False
1095836192,Sun,2014-09-27T06:56:16.000Z,2014-09-27T07:01:12.000Z,G0002,False,,False
1095901432,CORR_MODE_40_0.5,2014-09-28T01:03:36.000Z,2014-09-28T01:03:52.000Z,G0002,False,,False
1095901456,HydA,2014-09-28T01:04:00.000Z,2014-09-28T01:05:52.000Z,G0002,True,HydA,False
1095901576,Sun,2014-09-28T01:06:00.000Z,2014-09-28T01:10:56.000Z,G0002,False,,False
1095901872,Sun,2014-09-28T01:10:56.000Z,2014-09-28T01:15:52.000Z,G0002,False,,False
1095902176,Sun,2014-09-28T01:16:00.000Z,2014-09-28T01:20:56.000Z,G0002,False,,False
1095902472,Sun,2014-09-28T01:20:56.000Z,2014-09-28T01:25:52.000Z,G0002,False,,False
1095902776,Sun,2014-09-28T01:26:00.000Z,2014-09-28T01:30:56.000Z,G0002,False,,False
1095903072,Sun,2014-09-28T01:30:56.000Z,2014-09-28T01:35:52.000Z,G0002,False,,False
1095903376,Sun,2014-09-28T01:36:00.000Z,2014-09-28T01:40:56.000Z,G0002,False,,False
1095903672,Sun,2014-09-28T01:40:56.000Z,2014-09-28T01:45:52.000Z,G0002,False,,False
1095903976,Sun,2014-09-28T01:46:00.000Z,2014-09-28T01:50:56.000Z,G0002,False,,False
1095904272,Sun,2014-09-28T01:50:56.000Z,2014-09-28T01:55:52.000Z,G0002,False,,False
1095904576,Sun,2014-09-28T01:56:00.000Z,2014-09-28T02:00:56.000Z,G0002,False,,False
1095908472,Sun,2014-09-28T03:00:56.000Z,2014-09-28T03:05:52.000Z,G0002,False,,False
1095908776,Sun,2014-09-28T03:06:00.000Z,2014-09-28T03:10:56.000Z,G0002,False,,False
1095909072,Sun,2014-09-28T03:10:56.000Z,2014-09-28T03:15:52.000Z,G0002,False,,False
1095909376,Sun,2014-09-28T03:16:00.000Z,2014-09-28T03:20:56.000Z,G0002,False,,False
1095909672,Sun,2014-09-28T03:20:56.000Z,2014-09-28T03:25:52.000Z,G0002,False,,False
1095909976,Sun,2014-09-28T03:26:00.000Z,2014-09-28T03:30:56.000Z,G0002,False,,False
1095910272,Sun,2014-09-28T03:30:56.000Z,2014-09-28T03:35:52.000Z,G0002,False,,False
1095910576,Sun,2014-09-28T03:36:00.000Z,2014-09-28T03:40:56.000Z,G0002,False,,False
1095910872,Sun,2014-09-28T03:40:56.000Z,2014-09-28T03:45:52.000Z,G0002,False,,False
1095911176,Sun,2014-09-28T03:46:00.000Z,2014-09-28T03:50:56.000Z,G0002,False,,False
1095911472,Sun,2014-09-28T03:50:56.000Z,2014-09-28T03:55:52.000Z,G0002,False,,False
1095911776,Sun,2014-09-28T03:56:00.000Z,2014-09-28T04:00:56.000Z,G0002,False,,False
1095919272,Sun,2014-09-28T06:00:56.000Z,2014-09-28T06:05:52.000Z,G0002,False,,False
1095919576,Sun,2014-09-28T06:06:00.000Z,2014-09-28T06:10:56.000Z,G0002,False,,False
1095919872,Sun,2014-09-28T06:10:56.000Z,2014-09-28T06:15:52.000Z,G0002,False,,False
1095920176,Sun,2014-09-28T06:16:00.000Z,2014-09-28T06:20:56.000Z,G0002,False,,False
1095920472,Sun,2014-09-28T06:20:56.000Z,2014-09-28T06:25:52.000Z,G0002,False,,False
1095920776,Sun,2014-09-28T06:26:00.000Z,2014-09-28T06:30:56.000Z,G0002,False,,False
1095921072,Sun,2014-09-28T06:30:56.000Z,2014-09-28T06:35:52.000Z,G0002,False,,False
1095921376,Sun,2014-09-28T06:36:00.000Z,2014-09-28T06:40:56.000Z,G0002,False,,False
1095921672,Sun,2014-09-28T06:40:56.000Z,2014-09-28T06:45:52.000Z,G0002,False,,False
1095921976,Sun,2014-09-28T06:46:00.000Z,2014-09-28T06:50:56.000Z,G0002,False,,False
1095922272,Sun,2014-09-28T06:50:56.000Z,2014-09-28T06:55:52.000Z,G0002,False,,False
1095922576,Sun,2014-09-28T06:56:00.000Z,2014-09-28T07:00:56.000Z,G0002,False,,False
1095987808,CORR_MODE_40_0.5,2014-09-29T01:03:12.000Z,2014-09-29T01:03:28.000Z,G0002,False,,False
1095987832,HydA,2014-09-29T01:03:36.000Z,2014-09-29T01:05:28.000Z,G0002,True,HydA,False
1095987952,Sun,2014-09-29T01:05:36.000Z,2014-09-29T01:10:32.000Z,G0002,False,,False
1095988256,Sun,2014-09-29T01:10:40.000Z,2014-09-29T01:15:36.000Z,G0002,False,,False
1095988552,Sun,2014-09-29T01:15:36.000Z,2014-09-29T01:20:32.000Z,G0002,False,,False
1095988856,Sun,2014-09-29T01:20:40.000Z,2014-09-29T01:25:36.000Z,G0002,False,,False
1095989152,Sun,2014-09-29T01:25:36.000Z,2014-09-29T01:30:32.000Z,G0002,False,,False
1095989456,Sun,2014-09-29T01:30:40.000Z,2014-09-29T01:35:36.000Z,G0002,False,,False
1095989752,Sun,2014-09-29T01:35:36.000Z,2014-09-29T01:40:32.000Z,G0002,False,,False
1095990056,Sun,2014-09-29T01:40:40.000Z,2014-09-29T01:45:36.000Z,G0002,False,,False
1095990352,Sun,2014-09-29T01:45:36.000Z,2014-09-29T01:50:32.000Z,G0002,False,,False
1095990656,Sun,2014-09-29T01:50:40.000Z,2014-09-29T01:55:36.000Z,G0002,False,,False
1095990952,Sun,2014-09-29T01:55:36.000Z,2014-09-29T02:00:32.000Z,G0002,False,,False
1095994856,Sun,2014-09-29T03:00:40.000Z,2014-09-29T03:05:36.000Z,G0002,False,,False
1095995152,Sun,2014-09-29T03:05:36.000Z,2014-09-29T03:10:32.000Z,G0002,False,,False
1095995456,Sun,2014-09-29T03:10:40.000Z,2014-09-29T03:15:36.000Z,G0002,False,,False
1095995752,Sun,2014-09-29T03:15:36.000Z,2014-09-29T03:20:32.000Z,G0002,False,,False
1095996056,Sun,2014-09-29T03:20:40.000Z,2014-09-29T03:25:36.000Z,G0002,False,,False
1095996352,Sun,2014-09-29T03:25:36.000Z,2014-09-29T03:30:32.000Z,G0002,False,,False
1095996656,Sun,2014-09-29T03:30:40.000Z,2014-09-29T03:35:36.000Z,G0002,False,,False
1095996952,Sun,2014-09-29T03:35:36.000Z,2014-09-29T03:40:32.000Z,G0002,False,,False
1095997256,Sun,2014-09-29T03:40:40.000Z,2014-09-29T03:45:36.000Z,G0002,False,,False
1095997552,Sun,2014-09-29T03:45:36.000Z,2014-09-29T03:50:32.000Z,G0002,False,,False
1095997856,Sun,2014-09-29T03:50:40.000Z,2014-09-29T03:55:36.000Z,G0002,False,,False
1095998152,Sun,2014-09-29T03:55:36.000Z,2014-09-29T04:00:32.000Z,G0002,False,,False
1096008656,Sun,2014-09-29T06:50:40.000Z,2014-09-29T06:55:36.000Z,G0002,False,,False
1096008952,Sun,2014-09-29T06:55:36.000Z,2014-09-29T07:00:32.000Z,G0002,False,,False
1096074192,CORR_MODE_40_0.5,2014-09-30T01:02:56.000Z,2014-09-30T01:03:12.000Z,G0002,False,,False
1096074216,HydA,2014-09-30T01:03:20.000Z,2014-09-30T01:05:12.000Z,G0002,True,HydA,False
1096074336,Sun,2014-09-30T01:05:20.000Z,2014-09-30T01:10:16.000Z,G0002,False,,False
1096074632,Sun,2014-09-30T01:10:16.000Z,2014-09-30T01:15:12.000Z,G0002,False,,False
1096074936,Sun,2014-09-30T01:15:20.000Z,2014-09-30T01:20:16.000Z,G0002,False,,False
1096075232,Sun,2014-09-30T01:20:16.000Z,2014-09-30T01:25:12.000Z,G0002,False,,False
1096075536,Sun,2014-09-30T01:25:20.000Z,2014-09-30T01:30:16.000Z,G0002,False,,False
1096075832,Sun,2014-09-30T01:30:16.000Z,2014-09-30T01:35:12.000Z,G0002,False,,False
1096076136,Sun,2014-09-30T01:35:20.000Z,2014-09-30T01:40:16.000Z,G0002,False,,False
1096076432,Sun,2014-09-30T01:40:16.000Z,2014-09-30T01:45:12.000Z,G0002,False,,False
1096076736,Sun,2014-09-30T01:45:20.000Z,2014-09-30T01:50:16.000Z,G0002,False,,False
1096077032,Sun,2014-09-30T01:50:16.000Z,2014-09-30T01:55:12.000Z,G0002,False,,False
1096077336,Sun,2014-09-30T01:55:20.000Z,2014-09-30T02:00:16.000Z,G0002,False,,False
1096081232,Sun,2014-09-30T03:00:16.000Z,2014-09-30T03:05:12.000Z,G0002,False,,False
1096081536,Sun,2014-09-30T03:05:20.000Z,2014-09-30T03:10:16.000Z,G0002,False,,False
1096081832,Sun,2014-09-30T03:10:16.000Z,2014-09-30T03:15:12.000Z,G0002,False,,False
1096082136,Sun,2014-09-30T03:15:20.000Z,2014-09-30T03:20:16.000Z,G0002,False,,False
1096082432,Sun,2014-09-30T03:20:16.000Z,2014-09-30T03:25:12.000Z,G0002,False,,False
1096082736,Sun,2014-09-30T03:25:20.000Z,2014-09-30T03:30:16.000Z,G0002,False,,False
1096083032,Sun,2014-09-30T03:30:16.000Z,2014-09-30T03:35:12.000Z,G0002,False,,False
1096083336,Sun,2014-09-30T03:35:20.000Z,2014-09-30T03:40:16.000Z,G0002,False,,False
1096083632,Sun,2014-09-30T03:40:16.000Z,2014-09-30T03:45:12.000Z,G0002,False,,False
1096083936,Sun,2014-09-30T03:45:20.000Z,2014-09-30T03:50:16.000Z,G0002,False,,False
1096084232,Sun,2014-09-30T03:50:16.000Z,2014-09-30T03:55:12.000Z,G0002,False,,False
1096084536,Sun,2014-09-30T03:55:20.000Z,2014-09-30T04:00:16.000Z,G0002,False,,False
1096092032,Sun,2014-09-30T06:00:16.000Z,2014-09-30T06:05:12.000Z,G0002,False,,False
1096092336,Sun,2014-09-30T06:05:20.000Z,2014-09-30T06:10:16.000Z,G0002,False,,False
1096092632,Sun,2014-09-30T06:10:16.000Z,2014-09-30T06:15:12.000Z,G0002,False,,False
1096092936,Sun,2014-09-30T06:15:20.000Z,2014-09-30T06:20:16.000Z,G0002,False,,False
1096093232,Sun,2014-09-30T06:20:16.000Z,2014-09-30T06:25:12.000Z,G0002,False,,False
1096093536,Sun,2014-09-30T06:25:20.000Z,2014-09-30T06:30:16.000Z,G0002,False,,False
1096093832,Sun,2014-09-30T06:30:16.000Z,2014-09-30T06:35:12.000Z,G0002,False,,False
1096094136,Sun,2014-09-30T06:35:20.000Z,2014-09-30T06:40:16.000Z,G0002,False,,False
1096094432,Sun,2014-09-30T06:40:16.000Z,2014-09-30T06:45:12.000Z,G0002,False,,False
1096094736,Sun,2014-09-30T06:45:20.000Z,2014-09-30T06:50:16.000Z,G0002,False,,False
1096095032,Sun,2014-09-30T06:50:16.000Z,2014-09-30T06:55:12.000Z,G0002,False,,False
1096095336,Sun,2014-09-30T06:55:20.000Z,2014-09-30T07:00:16.000Z,G0002,False,,False
1096160568,CORR_MODE_40_0.5,2014-10-01T01:02:32.000Z,2014-10-01T01:02:48.000Z,G0002,False,,False
1096160592,HydA,2014-10-01T01:02:56.000Z,2014-10-01T01:04:48.000Z,G0002,True,HydA,False
1096160712,Sun,2014-10-01T01:04:56.000Z,2014-10-01T01:09:52.000Z,G0002,False,,False
1096161016,Sun,2014-10-01T01:10:00.000Z,2014-10-01T01:14:56.000Z,G0002,False,,False
1096161312,Sun,2014-10-01T01:14:56.000Z,2014-10-01T01:19:52.000Z,G0002,False,,False
1096161616,Sun,2014-10-01T01:20:00.000Z,2014-10-01T01:24:56.000Z,G0002,False,,False
1096161912,Sun,2014-10-01T01:24:56.000Z,2014-10-01T01:29:52.000Z,G0002,False,,False
1096162216,Sun,2014-10-01T01:30:00.000Z,2014-10-01T01:34:56.000Z,G0002,False,,False
1096162512,Sun,2014-10-01T01:34:56.000Z,2014-10-01T01:39:52.000Z,G0002,False,,False
1096162816,Sun,2014-10-01T01:40:00.000Z,2014-10-01T01:44:56.000Z,G0002,False,,False
1096163112,Sun,2014-10-01T01:44:56.000Z,2014-10-01T01:49:52.000Z,G0002,False,,False
1096163416,Sun,2014-10-01T01:50:00.000Z,2014-10-01T01:54:56.000Z,G0002,False,,False
1096163712,Sun,2014-10-01T01:54:56.000Z,2014-10-01T01:59:52.000Z,G0002,False,,False
1096167616,Sun,2014-10-01T03:00:00.000Z,2014-10-01T03:04:56.000Z,G0002,False,,False
1096167912,Sun,2014-10-01T03:04:56.000Z,2014-10-01T03:09:52.000Z,G0002,False,,False
1096168216,Sun,2014-10-01T03:10:00.000Z,2014-10-01T03:14:56.000Z,G0002,False,,False
1096168512,Sun,2014-10-01T03:14:56.000Z,2014-10-01T03:19:52.000Z,G0002,False,,False
1096168816,Sun,2014-10-01T03:20:00.000Z,2014-10-01T03:24:56.000Z,G0002,False,,False
1096169112,Sun,2014-10-01T03:24:56.000Z,2014-10-01T03:29:52.000Z,G0002,False,,False
1096169416,Sun,2014-10-01T03:30:00.000Z,2014-10-01T03:34:56.000Z,G0002,False,,False
1096169712,Sun,2014-10-01T03:34:56.000Z,2014-10-01T03:39:52.000Z,G0002,False,,False
1096170016,Sun,2014-10-01T03:40:00.000Z,2014-10-01T03:44:56.000Z,G0002,False,,False
1096170312,Sun,2014-10-01T03:44:56.000Z,2014-10-01T03:49:52.000Z,G0002,False,,False
1096170616,Sun,2014-10-01T03:50:00.000Z,2014-10-01T03:54:56.000Z,G0002,False,,False
1096170912,Sun,2014-10-01T03:54:56.000Z,2014-10-01T03:59:52.000Z,G0002,False,,False
1096178416,Sun,2014-10-01T06:00:00.000Z,2014-10-01T06:04:56.000Z,G0002,False,,False
1096178712,Sun,2014-10-01T06:04:56.000Z,2014-10-01T06:09:52.000Z,G0002,False,,False
1096179016,Sun,2014-10-01T06:10:00.000Z,2014-10-01T06:14:56.000Z,G0002,False,,False
1096179312,Sun,2014-10-01T06:14:56.000Z,2014-10-01T06:19:52.000Z,G0002,False,,False
1096179616,Sun,2014-10-01T06:20:00.000Z,2014-10-01T06:24:56.000Z,G0002,False,,False
1096179912,Sun,2014-10-01T06:24:56.000Z,2014-10-01T06:29:52.000Z,G0002,False,,False
1096180216,Sun,2014-10-01T06:30:00.000Z,2014-10-01T06:34:56.000Z,G0002,False,,False
1096180512,Sun,2014-10-01T06:34:56.000Z,2014-10-01T06:39:52.000Z,G0002,False,,False
1096180816,Sun,2014-10-01T06:40:00.000Z,2014-10-01T06:44:56.000Z,G0002,False,,False
1096181112,Sun,2014-10-01T06:44:56.000Z,2014-10-01T06:49:52.000Z,G0002,False,,False
1096181416,Sun,2014-10-01T06:50:00.000Z,2014-10-01T06:54:56.000Z,G0002,False,,False
1096181712,Sun,2014-10-01T06:54:56.000Z,2014-10-01T06:59:52.000Z,G0002,False,,False
1096246952,CORR_MODE_40_0.5,2014-10-02T01:02:16.000Z,2014-10-02T01:02:32.000Z,G0002,False,,False
1096246976,HydA,2014-10-02T01:02:40.000Z,2014-10-02T01:04:32.000Z,G0002,True,HydA,False
1096247096,Sun,2014-10-02T01:04:40.000Z,2014-10-02T01:09:36.000Z,G0002,False,,False
1096247392,Sun,2014-10-02T01:09:36.000Z,2014-10-02T01:14:32.000Z,G0002,False,,False
1096247696,Sun,2014-10-02T01:14:40.000Z,2014-10-02T01:19:36.000Z,G0002,False,,False
1096247992,Sun,2014-10-02T01:19:36.000Z,2014-10-02T01:24:32.000Z,G0002,False,,False
1096248296,Sun,2014-10-02T01:24:40.000Z,2014-10-02T01:29:36.000Z,G0002,False,,False
1096248592,Sun,2014-10-02T01:29:36.000Z,2014-10-02T01:34:32.000Z,G0002,False,,False
1096248896,Sun,2014-10-02T01:34:40.000Z,2014-10-02T01:39:36.000Z,G0002,False,,False
1096249192,Sun,2014-10-02T01:39:36.000Z,2014-10-02T01:44:32.000Z,G0002,False,,False
1096249496,Sun,2014-10-02T01:44:40.000Z,2014-10-02T01:49:36.000Z,G0002,False,,False
1096249792,Sun,2014-10-02T01:49:36.000Z,2014-10-02T01:54:32.000Z,G0002,False,,False
1096250096,Sun,2014-10-02T01:54:40.000Z,2014-10-02T01:59:36.000Z,G0002,False,,False
1096250392,Sun,2014-10-02T01:59:36.000Z,2014-10-02T02:04:32.000Z,G0002,False,,False
1096254296,Sun,2014-10-02T03:04:40.000Z,2014-10-02T03:09:36.000Z,G0002,False,,False
1096254592,Sun,2014-10-02T03:09:36.000Z,2014-10-02T03:14:32.000Z,G0002,False,,False
1096254896,Sun,2014-10-02T03:14:40.000Z,2014-10-02T03:19:36.000Z,G0002,False,,False
1096255192,Sun,2014-10-02T03:19:36.000Z,2014-10-02T03:24:32.000Z,G0002,False,,False
1096255496,Sun,2014-10-02T03:24:40.000Z,2014-10-02T03:29:36.000Z,G0002,False,,False
1096255792,Sun,2014-10-02T03:29:36.000Z,2014-10-02T03:34:32.000Z,G0002,False,,False
1096256096,Sun,2014-10-02T03:34:40.000Z,2014-10-02T03:39:36.000Z,G0002,False,,False
1096256392,Sun,2014-10-02T03:39:36.000Z,2014-10-02T03:44:32.000Z,G0002,False,,False
1096256696,Sun,2014-10-02T03:44:40.000Z,2014-10-02T03:49:36.000Z,G0002,False,,False
1096256992,Sun,2014-10-02T03:49:36.000Z,2014-10-02T03:54:32.000Z,G0002,False,,False
1096257296,Sun,2014-10-02T03:54:40.000Z,2014-10-02T03:59:36.000Z,G0002,False,,False
1096257592,Sun,2014-10-02T03:59:36.000Z,2014-10-02T04:04:32.000Z,G0002,False,,False
1096265096,Sun,2014-10-02T06:04:40.000Z,2014-10-02T06:09:36.000Z,G0002,False,,False
1096265392,Sun,2014-10-02T06:09:36.000Z,2014-10-02T06:14:32.000Z,G0002,False,,False
1096265696,Sun,2014-10-02T06:14:40.000Z,2014-10-02T06:19:36.000Z,G0002,False,,False
1096265992,Sun,2014-10-02T06:19:36.000Z,2014-10-02T06:24:32.000Z,G0002,False,,False
1096266296,Sun,2014-10-02T06:24:40.000Z,2014-10-02T06:29:36.000Z,G0002,False,,False
1096266592,Sun,2014-10-02T06:29:36.000Z,2014-10-02T06:34:32.000Z,G0002,False,,False
1096266896,Sun,2014-10-02T06:34:40.000Z,2014-10-02T06:39:36.000Z,G0002,False,,False
1096267192,Sun,2014-10-02T06:39:36.000Z,2014-10-02T06:44:32.000Z,G0002,False,,False
1096267496,Sun,2014-10-02T06:44:40.000Z,2014-10-02T06:49:36.000Z,G0002,False,,False
1096267792,Sun,2014-10-02T06:49:36.000Z,2014-10-02T06:54:32.000Z,G0002,False,,False
1096268096,Sun,2014-10-02T06:54:40.000Z,2014-10-02T06:59:36.000Z,G0002,False,,False
1096268392,Sun,2014-10-02T06:59:36.000Z,2014-10-02T07:04:32.000Z,G0002,False,,False
1096419712,CORR_MODE_40_0.5,2014-10-04T01:01:36.000Z,2014-10-04T01:01:52.000Z,G0002,False,,False
1096419736,HydA,2014-10-04T01:02:00.000Z,2014-10-04T01:03:52.000Z,G0002,True,HydA,False
1096419856,Sun,2014-10-04T01:04:00.000Z,2014-10-04T01:08:56.000Z,G0002,False,,False
1096420160,Sun,2014-10-04T01:09:04.000Z,2014-10-04T01:14:00.000Z,G0002,False,,False
1096420456,Sun,2014-10-04T01:14:00.000Z,2014-10-04T01:18:56.000Z,G0002,False,,False
1096420760,Sun,2014-10-04T01:19:04.000Z,2014-10-04T01:24:00.000Z,G0002,False,,False
1096421056,Sun,2014-10-04T01:24:00.000Z,2014-10-04T01:28:56.000Z,G0002,False,,False
1096421360,Sun,2014-10-04T01:29:04.000Z,2014-10-04T01:34:00.000Z,G0002,False,,False
1096421656,Sun,2014-10-04T01:34:00.000Z,2014-10-04T01:38:56.000Z,G0002,False,,False
1096421960,Sun,2014-10-04T01:39:04.000Z,2014-10-04T01:44:00.000Z,G0002,False,,False
1096422256,Sun,2014-10-04T01:44:00.000Z,2014-10-04T01:48:56.000Z,G0002,False,,False
1096422560,Sun,2014-10-04T01:49:04.000Z,2014-10-04T01:54:00.000Z,G0002,False,,False
1096422856,Sun,2014-10-04T01:54:00.000Z,2014-10-04T01:58:56.000Z,G0002,False,,False
1096423160,Sun,2014-10-04T01:59:04.000Z,2014-10-04T02:04:00.000Z,G0002,False,,False
1096427056,Sun,2014-10-04T03:04:00.000Z,2014-10-04T03:08:56.000Z,G0002,False,,False
1096427360,Sun,2014-10-04T03:09:04.000Z,2014-10-04T03:14:00.000Z,G0002,False,,False
1096427656,Sun,2014-10-04T03:14:00.000Z,2014-10-04T03:18:56.000Z,G0002,False,,False
1096427960,Sun,2014-10-04T03:19:04.000Z,2014-10-04T03:24:00.000Z,G0002,False,,False
1096428256,Sun,2014-10-04T03:24:00.000Z,2014-10-04T03:28:56.000Z,G0002,False,,False
1096428560,Sun,2014-10-04T03:29:04.000Z,2014-10-04T03:34:00.000Z,G0002,False,,False
1096428856,Sun,2014-10-04T03:34:00.000Z,2014-10-04T03:38:56.000Z,G0002,False,,False
1096429160,Sun,2014-10-04T03:39:04.000Z,2014-10-04T03:44:00.000Z,G0002,False,,False
1096429456,Sun,2014-10-04T03:44:00.000Z,2014-10-04T03:48:56.000Z,G0002,False,,False
1096429760,Sun,2014-10-04T03:49:04.000Z,2014-10-04T03:54:00.000Z,G0002,False,,False
1096430056,Sun,2014-10-04T03:54:00.000Z,2014-10-04T03:58:56.000Z,G0002,False,,False
1096430360,Sun,2014-10-04T03:59:04.000Z,2014-10-04T04:04:00.000Z,G0002,False,,False
1096437856,Sun,2014-10-04T06:04:00.000Z,2014-10-04T06:08:56.000Z,G0002,False,,False
1096438160,Sun,2014-10-04T06:09:04.000Z,2014-10-04T06:14:00.000Z,G0002,False,,False
1096438456,Sun,2014-10-04T06:14:00.000Z,2014-10-04T06:18:56.000Z,G0002,False,,False
1096438760,Sun,2014-10-04T06:19:04.000Z,2014-10-04T06:24:00.000Z,G0002,False,,False
1096439056,Sun,2014-10-04T06:24:00.000Z,2014-10-04T06:28:56.000Z,G0002,False,,False
1096439360,Sun,2014-10-04T06:29:04.000Z,2014-10-04T06:34:00.000Z,G0002,False,,False
1096439656,Sun,2014-10-04T06:34:00.000Z,2014-10-04T06:38:56.000Z,G0002,False,,False
1096439960,Sun,2014-10-04T06:39:04.000Z,2014-10-04T06:44:00.000Z,G0002,False,,False
1096440256,Sun,2014-10-04T06:44:00.000Z,2014-10-04T06:48:56.000Z,G0002,False,,False
1096440560,Sun,2014-10-04T06:49:04.000Z,2014-10-04T06:54:00.000Z,G0002,False,,False
1096440856,Sun,2014-10-04T06:54:00.000Z,2014-10-04T06:58:56.000Z,G0002,False,,False
1096441160,Sun,2014-10-04T06:59:04.000Z,2014-10-04T07:04:00.000Z,G0002,False,,False
1096506096,CORR_MODE_40_0.5,2014-10-05T01:01:20.000Z,2014-10-05T01:01:36.000Z,G0002,False,,False
1096506120,HydA,2014-10-05T01:01:44.000Z,2014-10-05T01:03:36.000Z,G0002,True,HydA,False
1096506240,Sun,2014-10-05T01:03:44.000Z,2014-10-05T01:08:40.000Z,G0002,False,,False
1096506536,Sun,2014-10-05T01:08:40.000Z,2014-10-05T01:13:36.000Z,G0002,False,,False
1096506840,Sun,2014-10-05T01:13:44.000Z,2014-10-05T01:18:40.000Z,G0002,False,,False
1096507136,Sun,2014-10-05T01:18:40.000Z,2014-10-05T01:23:36.000Z,G0002,False,,False
1096507440,Sun,2014-10-05T01:23:44.000Z,2014-10-05T01:28:40.000Z,G0002,False,,False
1096507736,Sun,2014-10-05T01:28:40.000Z,2014-10-05T01:33:36.000Z,G0002,False,,False
1096508040,Sun,2014-10-05T01:33:44.000Z,2014-10-05T01:38:40.000Z,G0002,False,,False
1096508336,Sun,2014-10-05T01:38:40.000Z,2014-10-05T01:43:36.000Z,G0002,False,,False
1096508640,Sun,2014-10-05T01:43:44.000Z,2014-10-05T01:48:40.000Z,G0002,False,,False
1096508936,Sun,2014-10-05T01:48:40.000Z,2014-10-05T01:53:36.000Z,G0002,False,,False
1096509240,Sun,2014-10-05T01:53:44.000Z,2014-10-05T01:58:40.000Z,G0002,False,,False
1096509536,Sun,2014-10-05T01:58:40.000Z,2014-10-05T02:03:36.000Z,G0002,False,,False
1096513440,Sun,2014-10-05T03:03:44.000Z,2014-10-05T03:08:40.000Z,G0002,False,,False
1096513736,Sun,2014-10-05T03:08:40.000Z,2014-10-05T03:13:36.000Z,G0002,False,,False
1096514040,Sun,2014-10-05T03:13:44.000Z,2014-10-05T03:18:40.000Z,G0002,False,,False
1096514336,Sun,2014-10-05T03:18:40.000Z,2014-10-05T03:23:36.000Z,G0002,False,,False
1096514640,Sun,2014-10-05T03:23:44.000Z,2014-10-05T03:28:40.000Z,G0002,False,,False
1096514936,Sun,2014-10-05T03:28:40.000Z,2014-10-05T03:33:36.000Z,G0002,False,,False
1096515240,Sun,2014-10-05T03:33:44.000Z,2014-10-05T03:38:40.000Z,G0002,False,,False
1096515536,Sun,2014-10-05T03:38:40.000Z,2014-10-05T03:43:36.000Z,G0002,False,,False
1096515840,Sun,2014-10-05T03:43:44.000Z,2014-10-05T03:48:40.000Z,G0002,False,,False
1096516136,Sun,2014-10-05T03:48:40.000Z,2014-10-05T03:53:36.000Z,G0002,False,,False
1096516440,Sun,2014-10-05T03:53:44.000Z,2014-10-05T03:58:40.000Z,G0002,False,,False
1096516736,Sun,2014-10-05T03:58:40.000Z,2014-10-05T04:03:36.000Z,G0002,False,,False
1096524240,Sun,2014-10-05T06:03:44.000Z,2014-10-05T06:08:40.000Z,G0002,False,,False
1096524536,Sun,2014-10-05T06:08:40.000Z,2014-10-05T06:13:36.000Z,G0002,False,,False
1096524840,Sun,2014-10-05T06:13:44.000Z,2014-10-05T06:18:40.000Z,G0002,False,,False
1096525136,Sun,2014-10-05T06:18:40.000Z,2014-10-05T06:23:36.000Z,G0002,False,,False
1096525440,Sun,2014-10-05T06:23:44.000Z,2014-10-05T06:28:40.000Z,G0002,False,,False
1096525736,Sun,2014-10-05T06:28:40.000Z,2014-10-05T06:33:36.000Z,G0002,False,,False
1096526040,Sun,2014-10-05T06:33:44.000Z,2014-10-05T06:38:40.000Z,G0002,False,,False
1096526336,Sun,2014-10-05T06:38:40.000Z,2014-10-05T06:43:36.000Z,G0002,False,,False
1096526640,Sun,2014-10-05T06:43:44.000Z,2014-10-05T06:48:40.000Z,G0002,False,,False
1096526936,Sun,2014-10-05T06:48:40.000Z,2014-10-05T06:53:36.000Z,G0002,False,,False
1096527240,Sun,2014-10-05T06:53:44.000Z,2014-10-05T06:58:40.000Z,G0002,False,,False
1096527536,Sun,2014-10-05T06:58:40.000Z,2014-10-05T07:03:36.000Z,G0002,False,,False
1096938032,HydA,2014-10-10T01:00:16.000Z,2014-10-10T01:02:08.000Z,G0002,True,HydA,False
1096938152,Sun,2014-10-10T01:02:16.000Z,2014-10-10T01:07:12.000Z,G0002,False,,False
1096938448,Sun,2014-10-10T01:07:12.000Z,2014-10-10T01:12:08.000Z,G0002,False,,False
1096938752,Sun,2014-10-10T01:12:16.000Z,2014-10-10T01:17:12.000Z,G0002,False,,False
1096939048,Sun,2014-10-10T01:17:12.000Z,2014-10-10T01:22:08.000Z,G0002,False,,False
1096939352,Sun,2014-10-10T01:22:16.000Z,2014-10-10T01:27:12.000Z,G0002,False,,False
1096939648,Sun,2014-10-10T01:27:12.000Z,2014-10-10T01:32:08.000Z,G0002,False,,False
1096939952,Sun,2014-10-10T01:32:16.000Z,2014-10-10T01:37:12.000Z,G0002,False,,False
1096940248,Sun,2014-10-10T01:37:12.000Z,2014-10-10T01:42:08.000Z,G0002,False,,False
1096940552,Sun,2014-10-10T01:42:16.000Z,2014-10-10T01:47:12.000Z,G0002,False,,False
1096940848,Sun,2014-10-10T01:47:12.000Z,2014-10-10T01:52:08.000Z,G0002,False,,False
1096941152,Sun,2014-10-10T01:52:16.000Z,2014-10-10T01:57:12.000Z,G0002,False,,False
1096941448,Sun,2014-10-10T01:57:12.000Z,2014-10-10T02:02:08.000Z,G0002,False,,False
1096945352,Sun,2014-10-10T03:02:16.000Z,2014-10-10T03:07:12.000Z,G0002,False,,False
1096945648,Sun,2014-10-10T03:07:12.000Z,2014-10-10T03:12:08.000Z,G0002,False,,False
1096945952,Sun,2014-10-10T03:12:16.000Z,2014-10-10T03:17:12.000Z,G0002,False,,False
1096946248,Sun,2014-10-10T03:17:12.000Z,2014-10-10T03:22:08.000Z,G0002,False,,False
1096946552,Sun,2014-10-10T03:22:16.000Z,2014-10-10T03:27:12.000Z,G0002,False,,False
1096946856,Sun,2014-10-10T03:27:20.000Z,2014-10-10T03:32:16.000Z,G0002,False,,False
1096947152,Sun,2014-10-10T03:32:16.000Z,2014-10-10T03:37:12.000Z,G0002,False,,False
1096947448,Sun,2014-10-10T03:37:12.000Z,2014-10-10T03:42:08.000Z,G0002,False,,False
1096947752,Sun,2014-10-10T03:42:16.000Z,2014-10-10T03:47:12.000Z,G0002,False,,False
1096948048,Sun,2014-10-10T03:47:12.000Z,2014-10-10T03:52:08.000Z,G0002,False,,False
1096948352,Sun,2014-10-10T03:52:16.000Z,2014-10-10T03:57:12.000Z,G0002,False,,False
1096948656,Sun,2014-10-10T03:57:20.000Z,2014-10-10T04:02:16.000Z,G0002,False,,False
1096956152,Sun,2014-10-10T06:02:16.000Z,2014-10-10T06:07:12.000Z,G0002,False,,False
1096956448,Sun,2014-10-10T06:07:12.000Z,2014-10-10T06:12:08.000Z,G0002,False,,False
1096956752,Sun,2014-10-10T06:12:16.000Z,2014-10-10T06:17:12.000Z,G0002,False,,False
1096957048,Sun,2014-10-10T06:17:12.000Z,2014-10-10T06:22:08.000Z,G0002,False,,False
1096957352,Sun,2014-10-10T06:22:16.000Z,2014-10-10T06:27:12.000Z,G0002,False,,False
1096957656,Sun,2014-10-10T06:27:20.000Z,2014-10-10T06:32:16.000Z,G0002,False,,False
1096957952,Sun,2014-10-10T06:32:16.000Z,2014-10-10T06:37:12.000Z,G0002,False,,False
1096958256,Sun,2014-10-10T06:37:20.000Z,2014-10-10T06:42:16.000Z,G0002,False,,False
1096958552,Sun,2014-10-10T06:42:16.000Z,2014-10-10T06:47:12.000Z,G0002,False,,False
1096958848,Sun,2014-10-10T06:47:12.000Z,2014-10-10T06:52:08.000Z,G0002,False,,False
1096959152,Sun,2014-10-10T06:52:16.000Z,2014-10-10T06:57:12.000Z,G0002,False,,False
1096959456,Sun,2014-10-10T06:57:20.000Z,2014-10-10T07:02:16.000Z,G0002,False,,False
1097024416,HydA,2014-10-11T01:00:00.000Z,2014-10-11T01:01:52.000Z,G0002,True,HydA,False
1097024536,Sun,2014-10-11T01:02:00.000Z,2014-10-11T01:06:56.000Z,G0002,False,,False
1097024840,Sun,2014-10-11T01:07:04.000Z,2014-10-11T01:12:00.000Z,G0002,False,,False
1097025136,Sun,2014-10-11T01:12:00.000Z,2014-10-11T01:16:56.000Z,G0002,False,,False
1097025432,Sun,2014-10-11T01:16:56.000Z,2014-10-11T01:21:52.000Z,G0002,False,,False
1097025736,Sun,2014-10-11T01:22:00.000Z,2014-10-11T01:26:56.000Z,G0002,False,,False
1097026040,Sun,2014-10-11T01:27:04.000Z,2014-10-11T01:32:00.000Z,G0002,False,,False
1097026336,Sun,2014-10-11T01:32:00.000Z,2014-10-11T01:36:56.000Z,G0002,False,,False
1097026640,Sun,2014-10-11T01:37:04.000Z,2014-10-11T01:42:00.000Z,G0002,False,,False
1097026936,Sun,2014-10-11T01:42:00.000Z,2014-10-11T01:46:56.000Z,G0002,False,,False
1097027232,Sun,2014-10-11T01:46:56.000Z,2014-10-11T01:51:52.000Z,G0002,False,,False
1097027536,Sun,2014-10-11T01:52:00.000Z,2014-10-11T01:56:56.000Z,G0002,False,,False
1097027840,Sun,2014-10-11T01:57:04.000Z,2014-10-11T02:02:00.000Z,G0002,False,,False
1097031736,Sun,2014-10-11T03:02:00.000Z,2014-10-11T03:06:56.000Z,G0002,False,,False
1097032040,Sun,2014-10-11T03:07:04.000Z,2014-10-11T03:12:00.000Z,G0002,False,,False
1097032336,Sun,2014-10-11T03:12:00.000Z,2014-10-11T03:16:56.000Z,G0002,False,,False
1097032632,Sun,2014-10-11T03:16:56.000Z,2014-10-11T03:21:52.000Z,G0002,False,,False
1097032936,Sun,2014-10-11T03:22:00.000Z,2014-10-11T03:26:56.000Z,G0002,False,,False
1097033240,Sun,2014-10-11T03:27:04.000Z,2014-10-11T03:32:00.000Z,G0002,False,,False
1097033536,Sun,2014-10-11T03:32:00.000Z,2014-10-11T03:36:56.000Z,G0002,False,,False
1097033840,Sun,2014-10-11T03:37:04.000Z,2014-10-11T03:42:00.000Z,G0002,False,,False
1097034136,Sun,2014-10-11T03:42:00.000Z,2014-10-11T03:46:56.000Z,G0002,False,,False
1097034432,Sun,2014-10-11T03:46:56.000Z,2014-10-11T03:51:52.000Z,G0002,False,,False
1097034736,Sun,2014-10-11T03:52:00.000Z,2014-10-11T03:56:56.000Z,G0002,False,,False
1097035040,Sun,2014-10-11T03:57:04.000Z,2014-10-11T04:02:00.000Z,G0002,False,,False
1097042536,Sun,2014-10-11T06:02:00.000Z,2014-10-11T06:06:56.000Z,G0002,False,,False
1097042832,Sun,2014-10-11T06:06:56.000Z,2014-10-11T06:11:52.000Z,G0002,False,,False
1097043136,Sun,2014-10-11T06:12:00.000Z,2014-10-11T06:16:56.000Z,G0002,False,,False
1097043432,Sun,2014-10-11T06:16:56.000Z,2014-10-11T06:21:52.000Z,G0002,False,,False
1097043736,Sun,2014-10-11T06:22:00.000Z,2014-10-11T06:26:56.000Z,G0002,False,,False
1097044040,Sun,2014-10-11T06:27:04.000Z,2014-10-11T06:32:00.000Z,G0002,False,,False
1097044336,Sun,2014-10-11T06:32:00.000Z,2014-10-11T06:36:56.000Z,G0002,False,,False
1097044640,Sun,2014-10-11T06:37:04.000Z,2014-10-11T06:42:00.000Z,G0002,False,,False
1097044936,Sun,2014-10-11T06:42:00.000Z,2014-10-11T06:46:56.000Z,G0002,False,,False
1097045232,Sun,2014-10-11T06:46:56.000Z,2014-10-11T06:51:52.000Z,G0002,False,,False
1097045536,Sun,2014-10-11T06:52:00.000Z,2014-10-11T06:56:56.000Z,G0002,False,,False
1097045840,Sun,2014-10-11T06:57:04.000Z,2014-10-11T07:02:00.000Z,G0002,False,,False
1097110920,Sun,2014-10-12T01:01:44.000Z,2014-10-12T01:06:40.000Z,G0002,False,,False
1097111224,Sun,2014-10-12T01:06:48.000Z,2014-10-12T01:11:44.000Z,G0002,False,,False
1097111520,Sun,2014-10-12T01:11:44.000Z,2014-10-12T01:16:40.000Z,G0002,False,,False
1097111816,Sun,2014-10-12T01:16:40.000Z,2014-10-12T01:21:36.000Z,G0002,False,,False
1097112120,Sun,2014-10-12T01:21:44.000Z,2014-10-12T01:26:40.000Z,G0002,False,,False
1097112416,Sun,2014-10-12T01:26:40.000Z,2014-10-12T01:31:36.000Z,G0002,False,,False
1097112720,Sun,2014-10-12T01:31:44.000Z,2014-10-12T01:36:40.000Z,G0002,False,,False
1097113024,Sun,2014-10-12T01:36:48.000Z,2014-10-12T01:41:44.000Z,G0002,False,,False
1097113320,Sun,2014-10-12T01:41:44.000Z,2014-10-12T01:46:40.000Z,G0002,False,,False
1097113616,Sun,2014-10-12T01:46:40.000Z,2014-10-12T01:51:36.000Z,G0002,False,,False
1097113920,Sun,2014-10-12T01:51:44.000Z,2014-10-12T01:56:40.000Z,G0002,False,,False
1097114216,Sun,2014-10-12T01:56:40.000Z,2014-10-12T02:01:36.000Z,G0002,False,,False
1097118120,Sun,2014-10-12T03:01:44.000Z,2014-10-12T03:06:40.000Z,G0002,False,,False
1097118424,Sun,2014-10-12T03:06:48.000Z,2014-10-12T03:11:44.000Z,G0002,False,,False
1097118720,Sun,2014-10-12T03:11:44.000Z,2014-10-12T03:16:40.000Z,G0002,False,,False
1097119024,Sun,2014-10-12T03:16:48.000Z,2014-10-12T03:21:44.000Z,G0002,False,,False
1097119320,Sun,2014-10-12T03:21:44.000Z,2014-10-12T03:26:40.000Z,G0002,False,,False
1097119624,Sun,2014-10-12T03:26:48.000Z,2014-10-12T03:31:44.000Z,G0002,False,,False
1097119920,Sun,2014-10-12T03:31:44.000Z,2014-10-12T03:36:40.000Z,G0002,False,,False
1097120224,Sun,2014-10-12T03:36:48.000Z,2014-10-12T03:41:44.000Z,G0002,False,,False
1097120520,Sun,2014-10-12T03:41:44.000Z,2014-10-12T03:46:40.000Z,G0002,False,,False
1097120824,Sun,2014-10-12T03:46:48.000Z,2014-10-12T03:51:44.000Z,G0002,False,,False
1097121120,Sun,2014-10-12T03:51:44.000Z,2014-10-12T03:56:40.000Z,G0002,False,,False
1097121424,Sun,2014-10-12T03:56:48.000Z,2014-10-12T04:01:44.000Z,G0002,False,,False
1097128920,Sun,2014-10-12T06:01:44.000Z,2014-10-12T06:06:40.000Z,G0002,False,,False
1097129216,Sun,2014-10-12T06:06:40.000Z,2014-10-12T06:11:36.000Z,G0002,False,,False
1097129520,Sun,2014-10-12T06:11:44.000Z,2014-10-12T06:16:40.000Z,G0002,False,,False
1097129824,Sun,2014-10-12T06:16:48.000Z,2014-10-12T06:21:44.000Z,G0002,False,,False
1097130120,Sun,2014-10-12T06:21:44.000Z,2014-10-12T06:26:40.000Z,G0002,False,,False
1097130424,Sun,2014-10-12T06:26:48.000Z,2014-10-12T06:31:44.000Z,G0002,False,,False
1097130720,Sun,2014-10-12T06:31:44.000Z,2014-10-12T06:36:40.000Z,G0002,False,,False
1097131016,Sun,2014-10-12T06:36:40.000Z,2014-10-12T06:41:36.000Z,G0002,False,,False
1097131320,Sun,2014-10-12T06:41:44.000Z,2014-10-12T06:46:40.000Z,G0002,False,,False
1097131624,Sun,2014-10-12T06:46:48.000Z,2014-10-12T06:51:44.000Z,G0002,False,,False
1097131920,Sun,2014-10-12T06:51:44.000Z,2014-10-12T06:56:40.000Z,G0002,False,,False
1097132224,Sun,2014-10-12T06:56:48.000Z,2014-10-12T07:01:44.000Z,G0002,False,,False
1097283688,Sun,2014-10-14T01:01:12.000Z,2014-10-14T01:06:08.000Z,G0002,False,,False
1097283992,Sun,2014-10-14T01:06:16.000Z,2014-10-14T01:11:12.000Z,G0002,False,,False
1097284288,Sun,2014-10-14T01:11:12.000Z,2014-10-14T01:16:08.000Z,G0002,False,,False
1097284592,Sun,2014-10-14T01:16:16.000Z,2014-10-14T01:21:12.000Z,G0002,False,,False
1097284888,Sun,2014-10-14T01:21:12.000Z,2014-10-14T01:26:08.000Z,G0002,False,,False
1097285192,Sun,2014-10-14T01:26:16.000Z,2014-10-14T01:31:12.000Z,G0002,False,,False
1097285488,Sun,2014-10-14T01:31:12.000Z,2014-10-14T01:36:08.000Z,G0002,False,,False
1097285792,Sun,2014-10-14T01:36:16.000Z,2014-10-14T01:41:12.000Z,G0002,False,,False
1097286088,Sun,2014-10-14T01:41:12.000Z,2014-10-14T01:46:08.000Z,G0002,False,,False
1097286392,Sun,2014-10-14T01:46:16.000Z,2014-10-14T01:51:12.000Z,G0002,False,,False
1097286688,Sun,2014-10-14T01:51:12.000Z,2014-10-14T01:56:08.000Z,G0002,False,,False
1097286992,Sun,2014-10-14T01:56:16.000Z,2014-10-14T02:01:12.000Z,G0002,False,,False
1097290888,Sun,2014-10-14T03:01:12.000Z,2014-10-14T03:06:08.000Z,G0002,False,,False
1097291192,Sun,2014-10-14T03:06:16.000Z,2014-10-14T03:11:12.000Z,G0002,False,,False
1097291488,Sun,2014-10-14T03:11:12.000Z,2014-10-14T03:16:08.000Z,G0002,False,,False
1097291792,Sun,2014-10-14T03:16:16.000Z,2014-10-14T03:21:12.000Z,G0002,False,,False
1097292088,Sun,2014-10-14T03:21:12.000Z,2014-10-14T03:26:08.000Z,G0002,False,,False
1097292392,Sun,2014-10-14T03:26:16.000Z,2014-10-14T03:31:12.000Z,G0002,False,,False
1097292688,Sun,2014-10-14T03:31:12.000Z,2014-10-14T03:36:08.000Z,G0002,False,,False
1097292992,Sun,2014-10-14T03:36:16.000Z,2014-10-14T03:41:12.000Z,G0002,False,,False
1097293288,Sun,2014-10-14T03:41:12.000Z,2014-10-14T03:46:08.000Z,G0002,False,,False
1097293592,Sun,2014-10-14T03:46:16.000Z,2014-10-14T03:51:12.000Z,G0002,False,,False
1097293888,Sun,2014-10-14T03:51:12.000Z,2014-10-14T03:56:08.000Z,G0002,False,,False
1097294192,Sun,2014-10-14T03:56:16.000Z,2014-10-14T04:01:12.000Z,G0002,False,,False
1097301688,Sun,2014-10-14T06:01:12.000Z,2014-10-14T06:06:08.000Z,G0002,False,,False
1097301992,Sun,2014-10-14T06:06:16.000Z,2014-10-14T06:11:12.000Z,G0002,False,,False
1097302288,Sun,2014-10-14T06:11:12.000Z,2014-10-14T06:16:08.000Z,G0002,False,,False
1097302592,Sun,2014-10-14T06:16:16.000Z,2014-10-14T06:21:12.000Z,G0002,False,,False
1097302888,Sun,2014-10-14T06:21:12.000Z,2014-10-14T06:26:08.000Z,G0002,False,,False
1097303192,Sun,2014-10-14T06:26:16.000Z,2014-10-14T06:31:12.000Z,G0002,False,,False
1097303488,Sun,2014-10-14T06:31:12.000Z,2014-10-14T06:36:08.000Z,G0002,False,,False
1097303792,Sun,2014-10-14T06:36:16.000Z,2014-10-14T06:41:12.000Z,G0002,False,,False
1097304088,Sun,2014-10-14T06:41:12.000Z,2014-10-14T06:46:08.000Z,G0002,False,,False
1097304392,Sun,2014-10-14T06:46:16.000Z,2014-10-14T06:51:12.000Z,G0002,False,,False
1097304688,Sun,2014-10-14T06:51:12.000Z,2014-10-14T06:56:08.000Z,G0002,False,,False
1097304992,Sun,2014-10-14T06:56:16.000Z,2014-10-14T07:01:12.000Z,G0002,False,,False
1097370080,Sun,2014-10-15T01:01:04.000Z,2014-10-15T01:06:00.000Z,G0002,False,,False
1097370376,Sun,2014-10-15T01:06:00.000Z,2014-10-15T01:10:56.000Z,G0002,False,,False
1097370680,Sun,2014-10-15T01:11:04.000Z,2014-10-15T01:16:00.000Z,G0002,False,,False
1097370976,Sun,2014-10-15T01:16:00.000Z,2014-10-15T01:20:56.000Z,G0002,False,,False
1097371280,Sun,2014-10-15T01:21:04.000Z,2014-10-15T01:26:00.000Z,G0002,False,,False
1097371576,Sun,2014-10-15T01:26:00.000Z,2014-10-15T01:30:56.000Z,G0002,False,,False
1097371880,Sun,2014-10-15T01:31:04.000Z,2014-10-15T01:36:00.000Z,G0002,False,,False
1097372176,Sun,2014-10-15T01:36:00.000Z,2014-10-15T01:40:56.000Z,G0002,False,,False
1097372480,Sun,2014-10-15T01:41:04.000Z,2014-10-15T01:46:00.000Z,G0002,False,,False
1097372776,Sun,2014-10-15T01:46:00.000Z,2014-10-15T01:50:56.000Z,G0002,False,,False
1097373080,Sun,2014-10-15T01:51:04.000Z,2014-10-15T01:56:00.000Z,G0002,False,,False
1097373376,Sun,2014-10-15T01:56:00.000Z,2014-10-15T02:00:56.000Z,G0002,False,,False
1097377280,Sun,2014-10-15T03:01:04.000Z,2014-10-15T03:06:00.000Z,G0002,False,,False
1097377576,Sun,2014-10-15T03:06:00.000Z,2014-10-15T03:10:56.000Z,G0002,False,,False
1097377880,Sun,2014-10-15T03:11:04.000Z,2014-10-15T03:16:00.000Z,G0002,False,,False
1097378176,Sun,2014-10-15T03:16:00.000Z,2014-10-15T03:20:56.000Z,G0002,False,,False
1097378480,Sun,2014-10-15T03:21:04.000Z,2014-10-15T03:26:00.000Z,G0002,False,,False
1097378776,Sun,2014-10-15T03:26:00.000Z,2014-10-15T03:30:56.000Z,G0002,False,,False
1097379080,Sun,2014-10-15T03:31:04.000Z,2014-10-15T03:36:00.000Z,G0002,False,,False
1097379376,Sun,2014-10-15T03:36:00.000Z,2014-10-15T03:40:56.000Z,G0002,False,,False
1097379680,Sun,2014-10-15T03:41:04.000Z,2014-10-15T03:46:00.000Z,G0002,False,,False
1097379976,Sun,2014-10-15T03:46:00.000Z,2014-10-15T03:50:56.000Z,G0002,False,,False
1097380280,Sun,2014-10-15T03:51:04.000Z,2014-10-15T03:56:00.000Z,G0002,False,,False
1097380576,Sun,2014-10-15T03:56:00.000Z,2014-10-15T04:00:56.000Z,G0002,False,,False
1097388080,Sun,2014-10-15T06:01:04.000Z,2014-10-15T06:06:00.000Z,G0002,False,,False
1097388376,Sun,2014-10-15T06:06:00.000Z,2014-10-15T06:10:56.000Z,G0002,False,,False
1097388680,Sun,2014-10-15T06:11:04.000Z,2014-10-15T06:16:00.000Z,G0002,False,,False
1097388976,Sun,2014-10-15T06:16:00.000Z,2014-10-15T06:20:56.000Z,G0002,False,,False
1097389280,Sun,2014-10-15T06:21:04.000Z,2014-10-15T06:26:00.000Z,G0002,False,,False
1097389576,Sun,2014-10-15T06:26:00.000Z,2014-10-15T06:30:56.000Z,G0002,False,,False
1097389880,Sun,2014-10-15T06:31:04.000Z,2014-10-15T06:36:00.000Z,G0002,False,,False
1097390176,Sun,2014-10-15T06:36:00.000Z,2014-10-15T06:40:56.000Z,G0002,False,,False
1097390480,Sun,2014-10-15T06:41:04.000Z,2014-10-15T06:46:00.000Z,G0002,False,,False
1097390776,Sun,2014-10-15T06:46:00.000Z,2014-10-15T06:50:56.000Z,G0002,False,,False
1097391080,Sun,2014-10-15T06:51:04.000Z,2014-10-15T06:56:00.000Z,G0002,False,,False
1097391376,Sun,2014-10-15T06:56:00.000Z,2014-10-15T07:00:56.000Z,G0002,False,,False
1097456464,Sun,2014-10-16T01:00:48.000Z,2014-10-16T01:05:44.000Z,G0002,False,,False
1097456760,Sun,2014-10-16T01:05:44.000Z,2014-10-16T01:10:40.000Z,G0002,False,,False
1097457064,Sun,2014-10-16T01:10:48.000Z,2014-10-16T01:15:44.000Z,G0002,False,,False
1097457360,Sun,2014-10-16T01:15:44.000Z,2014-10-16T01:20:40.000Z,G0002,False,,False
1097457664,Sun,2014-10-16T01:20:48.000Z,2014-10-16T01:25:44.000Z,G0002,False,,False
1097457968,Sun,2014-10-16T01:25:52.000Z,2014-10-16T01:30:48.000Z,G0002,False,,False
1097458264,Sun,2014-10-16T01:30:48.000Z,2014-10-16T01:35:44.000Z,G0002,False,,False
1097458568,Sun,2014-10-16T01:35:52.000Z,2014-10-16T01:40:48.000Z,G0002,False,,False
1097458864,Sun,2014-10-16T01:40:48.000Z,2014-10-16T01:45:44.000Z,G0002,False,,False
1097459160,Sun,2014-10-16T01:45:44.000Z,2014-10-16T01:50:40.000Z,G0002,False,,False
1097459464,Sun,2014-10-16T01:50:48.000Z,2014-10-16T01:55:44.000Z,G0002,False,,False
1097459760,Sun,2014-10-16T01:55:44.000Z,2014-10-16T02:00:40.000Z,G0002,False,,False
1097463664,Sun,2014-10-16T03:00:48.000Z,2014-10-16T03:05:44.000Z,G0002,False,,False
1097463968,Sun,2014-10-16T03:05:52.000Z,2014-10-16T03:10:48.000Z,G0002,False,,False
1097464264,Sun,2014-10-16T03:10:48.000Z,2014-10-16T03:15:44.000Z,G0002,False,,False
1097464560,Sun,2014-10-16T03:15:44.000Z,2014-10-16T03:20:40.000Z,G0002,False,,False
1097464864,Sun,2014-10-16T03:20:48.000Z,2014-10-16T03:25:44.000Z,G0002,False,,False
1097465160,Sun,2014-10-16T03:25:44.000Z,2014-10-16T03:30:40.000Z,G0002,False,,False
1097466360,Sun,2014-10-16T03:45:44.000Z,2014-10-16T03:50:40.000Z,G0002,False,,False
1097466664,Sun,2014-10-16T03:50:48.000Z,2014-10-16T03:55:44.000Z,G0002,False,,False
1097466960,Sun,2014-10-16T03:55:44.000Z,2014-10-16T04:00:40.000Z,G0002,False,,False
1097474464,Sun,2014-10-16T06:00:48.000Z,2014-10-16T06:05:44.000Z,G0002,False,,False
1097474768,Sun,2014-10-16T06:05:52.000Z,2014-10-16T06:10:48.000Z,G0002,False,,False
1097475064,Sun,2014-10-16T06:10:48.000Z,2014-10-16T06:15:44.000Z,G0002,False,,False
1097475368,Sun,2014-10-16T06:15:52.000Z,2014-10-16T06:20:48.000Z,G0002,False,,False
1097475664,Sun,2014-10-16T06:20:48.000Z,2014-10-16T06:25:44.000Z,G0002,False,,False
1097475968,Sun,2014-10-16T06:25:52.000Z,2014-10-16T06:30:48.000Z,G0002,False,,False
1097476264,Sun,2014-10-16T06:30:48.000Z,2014-10-16T06:35:44.000Z,G0002,False,,False
1097476568,Sun,2014-10-16T06:35:52.000Z,2014-10-16T06:40:48.000Z,G0002,False,,False
1097476864,Sun,2014-10-16T06:40:48.000Z,2014-10-16T06:45:44.000Z,G0002,False,,False
1097477168,Sun,2014-10-16T06:45:52.000Z,2014-10-16T06:50:48.000Z,G0002,False,,False
1097477464,Sun,2014-10-16T06:50:48.000Z,2014-10-16T06:55:44.000Z,G0002,False,,False
1097477768,Sun,2014-10-16T06:55:52.000Z,2014-10-16T07:00:48.000Z,G0002,False,,False
1097542848,Sun,2014-10-17T01:00:32.000Z,2014-10-17T01:05:28.000Z,G0002,False,,False
1097543152,Sun,2014-10-17T01:05:36.000Z,2014-10-17T01:10:32.000Z,G0002,False,,False
1097543448,Sun,2014-10-17T01:10:32.000Z,2014-10-17T01:15:28.000Z,G0002,False,,False
1097543752,Sun,2014-10-17T01:15:36.000Z,2014-10-17T01:20:32.000Z,G0002,False,,False
1097544048,Sun,2014-10-17T01:20:32.000Z,2014-10-17T01:25:28.000Z,G0002,False,,False
1097544352,Sun,2014-10-17T01:25:36.000Z,2014-10-17T01:30:32.000Z,G0002,False,,False
1097544648,Sun,2014-10-17T01:30:32.000Z,2014-10-17T01:35:28.000Z,G0002,False,,False
1097544952,Sun,2014-10-17T01:35:36.000Z,2014-10-17T01:40:32.000Z,G0002,False,,False
1097545248,Sun,2014-10-17T01:40:32.000Z,2014-10-17T01:45:28.000Z,G0002,False,,False
1097545552,Sun,2014-10-17T01:45:36.000Z,2014-10-17T01:50:32.000Z,G0002,False,,False
1097545848,Sun,2014-10-17T01:50:32.000Z,2014-10-17T01:55:28.000Z,G0002,False,,False
1097546152,Sun,2014-10-17T01:55:36.000Z,2014-10-17T02:00:32.000Z,G0002,False,,False
1097550048,Sun,2014-10-17T03:00:32.000Z,2014-10-17T03:05:28.000Z,G0002,False,,False
1097550352,Sun,2014-10-17T03:05:36.000Z,2014-10-17T03:10:32.000Z,G0002,False,,False
1097550648,Sun,2014-10-17T03:10:32.000Z,2014-10-17T03:15:28.000Z,G0002,False,,False
1097550952,Sun,2014-10-17T03:15:36.000Z,2014-10-17T03:20:32.000Z,G0002,False,,False
1097551248,Sun,2014-10-17T03:20:32.000Z,2014-10-17T03:25:28.000Z,G0002,False,,False
1097551552,Sun,2014-10-17T03:25:36.000Z,2014-10-17T03:30:32.000Z,G0002,False,,False
1097551848,Sun,2014-10-17T03:30:32.000Z,2014-10-17T03:35:28.000Z,G0002,False,,False
1097552152,Sun,2014-10-17T03:35:36.000Z,2014-10-17T03:40:32.000Z,G0002,False,,False
1097552448,Sun,2014-10-17T03:40:32.000Z,2014-10-17T03:45:28.000Z,G0002,False,,False
1097552752,Sun,2014-10-17T03:45:36.000Z,2014-10-17T03:50:32.000Z,G0002,False,,False
1097553048,Sun,2014-10-17T03:50:32.000Z,2014-10-17T03:55:28.000Z,G0002,False,,False
1097553352,Sun,2014-10-17T03:55:36.000Z,2014-10-17T04:00:32.000Z,G0002,False,,False
1097560848,Sun,2014-10-17T06:00:32.000Z,2014-10-17T06:05:28.000Z,G0002,False,,False
1097561152,Sun,2014-10-17T06:05:36.000Z,2014-10-17T06:10:32.000Z,G0002,False,,False
1097561448,Sun,2014-10-17T06:10:32.000Z,2014-10-17T06:15:28.000Z,G0002,False,,False
1097561752,Sun,2014-10-17T06:15:36.000Z,2014-10-17T06:20:32.000Z,G0002,False,,False
1097562048,Sun,2014-10-17T06:20:32.000Z,2014-10-17T06:25:28.000Z,G0002,False,,False
1097562352,Sun,2014-10-17T06:25:36.000Z,2014-10-17T06:30:32.000Z,G0002,False,,False
1097562648,Sun,2014-10-17T06:30:32.000Z,2014-10-17T06:35:28.000Z,G0002,False,,False
1097562952,Sun,2014-10-17T06:35:36.000Z,2014-10-17T06:40:32.000Z,G0002,False,,False
1097563248,Sun,2014-10-17T06:40:32.000Z,2014-10-17T06:45:28.000Z,G0002,False,,False
1097563552,Sun,2014-10-17T06:45:36.000Z,2014-10-17T06:50:32.000Z,G0002,False,,False
1097563848,Sun,2014-10-17T06:50:32.000Z,2014-10-17T06:55:28.000Z,G0002,False,,False
1097564152,Sun,2014-10-17T06:55:36.000Z,2014-10-17T07:00:32.000Z,G0002,False,,False
1097629240,Sun,2014-10-18T01:00:24.000Z,2014-10-18T01:05:20.000Z,G0002,False,,False
1097629536,Sun,2014-10-18T01:05:20.000Z,2014-10-18T01:10:16.000Z,G0002,False,,False
1097629840,Sun,2014-10-18T01:10:24.000Z,2014-10-18T01:15:20.000Z,G0002,False,,False
1097630136,Sun,2014-10-18T01:15:20.000Z,2014-10-18T01:20:16.000Z,G0002,False,,False
1097630440,Sun,2014-10-18T01:20:24.000Z,2014-10-18T01:25:20.000Z,G0002,False,,False
1097630736,Sun,2014-10-18T01:25:20.000Z,2014-10-18T01:30:16.000Z,G0002,False,,False
1097631040,Sun,2014-10-18T01:30:24.000Z,2014-10-18T01:35:20.000Z,G0002,False,,False
1097631336,Sun,2014-10-18T01:35:20.000Z,2014-10-18T01:40:16.000Z,G0002,False,,False
1097631640,Sun,2014-10-18T01:40:24.000Z,2014-10-18T01:45:20.000Z,G0002,False,,False
1097631936,Sun,2014-10-18T01:45:20.000Z,2014-10-18T01:50:16.000Z,G0002,False,,False
1097632240,Sun,2014-10-18T01:50:24.000Z,2014-10-18T01:55:20.000Z,G0002,False,,False
1097632536,Sun,2014-10-18T01:55:20.000Z,2014-10-18T02:00:16.000Z,G0002,False,,False
1097636440,Sun,2014-10-18T03:00:24.000Z,2014-10-18T03:05:20.000Z,G0002,False,,False
1097636736,Sun,2014-10-18T03:05:20.000Z,2014-10-18T03:10:16.000Z,G0002,False,,False
1097637040,Sun,2014-10-18T03:10:24.000Z,2014-10-18T03:15:20.000Z,G0002,False,,False
1097637336,Sun,2014-10-18T03:15:20.000Z,2014-10-18T03:20:16.000Z,G0002,False,,False
1097637640,Sun,2014-10-18T03:20:24.000Z,2014-10-18T03:25:20.000Z,G0002,False,,False
1097637936,Sun,2014-10-18T03:25:20.000Z,2014-10-18T03:30:16.000Z,G0002,False,,False
1097638240,Sun,2014-10-18T03:30:24.000Z,2014-10-18T03:35:20.000Z,G0002,False,,False
1097638536,Sun,2014-10-18T03:35:20.000Z,2014-10-18T03:40:16.000Z,G0002,False,,False
1097638840,Sun,2014-10-18T03:40:24.000Z,2014-10-18T03:45:20.000Z,G0002,False,,False
1097639136,Sun,2014-10-18T03:45:20.000Z,2014-10-18T03:50:16.000Z,G0002,False,,False
1097639440,Sun,2014-10-18T03:50:24.000Z,2014-10-18T03:55:20.000Z,G0002,False,,False
1097639736,Sun,2014-10-18T03:55:20.000Z,2014-10-18T04:00:16.000Z,G0002,False,,False
1097647240,Sun,2014-10-18T06:00:24.000Z,2014-10-18T06:05:20.000Z,G0002,False,,False
1097647536,Sun,2014-10-18T06:05:20.000Z,2014-10-18T06:10:16.000Z,G0002,False,,False
1097647840,Sun,2014-10-18T06:10:24.000Z,2014-10-18T06:15:20.000Z,G0002,False,,False
1097648136,Sun,2014-10-18T06:15:20.000Z,2014-10-18T06:20:16.000Z,G0002,False,,False
1097648440,Sun,2014-10-18T06:20:24.000Z,2014-10-18T06:25:20.000Z,G0002,False,,False
1097648736,Sun,2014-10-18T06:25:20.000Z,2014-10-18T06:30:16.000Z,G0002,False,,False
1097649040,Sun,2014-10-18T06:30:24.000Z,2014-10-18T06:35:20.000Z,G0002,False,,False
1097649336,Sun,2014-10-18T06:35:20.000Z,2014-10-18T06:40:16.000Z,G0002,False,,False
1097649640,Sun,2014-10-18T06:40:24.000Z,2014-10-18T06:45:20.000Z,G0002,False,,False
1097649936,Sun,2014-10-18T06:45:20.000Z,2014-10-18T06:50:16.000Z,G0002,False,,False
1097650240,Sun,2014-10-18T06:50:24.000Z,2014-10-18T06:55:20.000Z,G0002,False,,False
1097650536,Sun,2014-10-18T06:55:20.000Z,2014-10-18T07:00:16.000Z,G0002,False,,False
1097715624,Sun,2014-10-19T01:00:08.000Z,2014-10-19T01:05:04.000Z,G0002,False,,False
1097715928,Sun,2014-10-19T01:05:12.000Z,2014-10-19T01:10:08.000Z,G0002,False,,False
1097716232,Sun,2014-10-19T01:10:16.000Z,2014-10-19T01:15:12.000Z,G0002,False,,False
1097716528,Sun,2014-10-19T01:15:12.000Z,2014-10-19T01:20:08.000Z,G0002,False,,False
1097716824,Sun,2014-10-19T01:20:08.000Z,2014-10-19T01:25:04.000Z,G0002,False,,False
1097717128,Sun,2014-10-19T01:25:12.000Z,2014-10-19T01:30:08.000Z,G0002,False,,False
1097717424,Sun,2014-10-19T01:30:08.000Z,2014-10-19T01:35:04.000Z,G0002,False,,False
1097717728,Sun,2014-10-19T01:35:12.000Z,2014-10-19T01:40:08.000Z,G0002,False,,False
1097718024,Sun,2014-10-19T01:40:08.000Z,2014-10-19T01:45:04.000Z,G0002,False,,False
1097718328,Sun,2014-10-19T01:45:12.000Z,2014-10-19T01:50:08.000Z,G0002,False,,False
1097718632,Sun,2014-10-19T01:50:16.000Z,2014-10-19T01:55:12.000Z,G0002,False,,False
1097718928,Sun,2014-10-19T01:55:12.000Z,2014-10-19T02:00:08.000Z,G0002,False,,False
1097722832,Sun,2014-10-19T03:00:16.000Z,2014-10-19T03:05:12.000Z,G0002,False,,False
1097723128,Sun,2014-10-19T03:05:12.000Z,2014-10-19T03:10:08.000Z,G0002,False,,False
1097723432,Sun,2014-10-19T03:10:16.000Z,2014-10-19T03:15:12.000Z,G0002,False,,False
1097723728,Sun,2014-10-19T03:15:12.000Z,2014-10-19T03:20:08.000Z,G0002,False,,False
1097724032,Sun,2014-10-19T03:20:16.000Z,2014-10-19T03:25:12.000Z,G0002,False,,False
1097724328,Sun,2014-10-19T03:25:12.000Z,2014-10-19T03:30:08.000Z,G0002,False,,False
1097724632,Sun,2014-10-19T03:30:16.000Z,2014-10-19T03:35:12.000Z,G0002,False,,False
1097724928,Sun,2014-10-19T03:35:12.000Z,2014-10-19T03:40:08.000Z,G0002,False,,False
1097725232,Sun,2014-10-19T03:40:16.000Z,2014-10-19T03:45:12.000Z,G0002,False,,False
1097725528,Sun,2014-10-19T03:45:12.000Z,2014-10-19T03:50:08.000Z,G0002,False,,False
1097725832,Sun,2014-10-19T03:50:16.000Z,2014-10-19T03:55:12.000Z,G0002,False,,False
1097726128,Sun,2014-10-19T03:55:12.000Z,2014-10-19T04:00:08.000Z,G0002,False,,False
1097733624,Sun,2014-10-19T06:00:08.000Z,2014-10-19T06:05:04.000Z,G0002,False,,False
1097733928,Sun,2014-10-19T06:05:12.000Z,2014-10-19T06:10:08.000Z,G0002,False,,False
1097734232,Sun,2014-10-19T06:10:16.000Z,2014-10-19T06:15:12.000Z,G0002,False,,False
1097734528,Sun,2014-10-19T06:15:12.000Z,2014-10-19T06:20:08.000Z,G0002,False,,False
1097734824,Sun,2014-10-19T06:20:08.000Z,2014-10-19T06:25:04.000Z,G0002,False,,False
1097735128,Sun,2014-10-19T06:25:12.000Z,2014-10-19T06:30:08.000Z,G0002,False,,False
1097735424,Sun,2014-10-19T06:30:08.000Z,2014-10-19T06:35:04.000Z,G0002,False,,False
1097735728,Sun,2014-10-19T06:35:12.000Z,2014-10-19T06:40:08.000Z,G0002,False,,False
1097736032,Sun,2014-10-19T06:40:16.000Z,2014-10-19T06:45:12.000Z,G0002,False,,False
1097736328,Sun,2014-10-19T06:45:12.000Z,2014-10-19T06:50:08.000Z,G0002,False,,False
1097736624,Sun,2014-10-19T06:50:08.000Z,2014-10-19T06:55:04.000Z,G0002,False,,False
1097736928,Sun,2014-10-19T06:55:12.000Z,2014-10-19T07:00:08.000Z,G0002,False,,False
1097888704,Sun,2014-10-21T01:04:48.000Z,2014-10-21T01:09:44.000Z,G0002,False,,False
1097889008,Sun,2014-10-21T01:09:52.000Z,2014-10-21T01:14:48.000Z,G0002,False,,False
1097889304,Sun,2014-10-21T01:14:48.000Z,2014-10-21T01:19:44.000Z,G0002,False,,False
1097889608,Sun,2014-10-21T01:19:52.000Z,2014-10-21T01:24:48.000Z,G0002,False,,False
1097889904,Sun,2014-10-21T01:24:48.000Z,2014-10-21T01:29:44.000Z,G0002,False,,False
1097890208,Sun,2014-10-21T01:29:52.000Z,2014-10-21T01:34:48.000Z,G0002,False,,False
1097890504,Sun,2014-10-21T01:34:48.000Z,2014-10-21T01:39:44.000Z,G0002,False,,False
1097890808,Sun,2014-10-21T01:39:52.000Z,2014-10-21T01:44:48.000Z,G0002,False,,False
1097891104,Sun,2014-10-21T01:44:48.000Z,2014-10-21T01:49:44.000Z,G0002,False,,False
1097891408,Sun,2014-10-21T01:49:52.000Z,2014-10-21T01:54:48.000Z,G0002,False,,False
1097891704,Sun,2014-10-21T01:54:48.000Z,2014-10-21T01:59:44.000Z,G0002,False,,False
1097892008,Sun,2014-10-21T01:59:52.000Z,2014-10-21T02:04:48.000Z,G0002,False,,False
1097895904,Sun,2014-10-21T03:04:48.000Z,2014-10-21T03:09:44.000Z,G0002,False,,False
1097896208,Sun,2014-10-21T03:09:52.000Z,2014-10-21T03:14:48.000Z,G0002,False,,False
1097896504,Sun,2014-10-21T03:14:48.000Z,2014-10-21T03:19:44.000Z,G0002,False,,False
1097896808,Sun,2014-10-21T03:19:52.000Z,2014-10-21T03:24:48.000Z,G0002,False,,False
1097897104,Sun,2014-10-21T03:24:48.000Z,2014-10-21T03:29:44.000Z,G0002,False,,False
1097897408,Sun,2014-10-21T03:29:52.000Z,2014-10-21T03:34:48.000Z,G0002,False,,False
1097897704,Sun,2014-10-21T03:34:48.000Z,2014-10-21T03:39:44.000Z,G0002,False,,False
1097898008,Sun,2014-10-21T03:39:52.000Z,2014-10-21T03:44:48.000Z,G0002,False,,False
1097898304,Sun,2014-10-21T03:44:48.000Z,2014-10-21T03:49:44.000Z,G0002,False,,False
1097898608,Sun,2014-10-21T03:49:52.000Z,2014-10-21T03:54:48.000Z,G0002,False,,False
1097898904,Sun,2014-10-21T03:54:48.000Z,2014-10-21T03:59:44.000Z,G0002,False,,False
1097899208,Sun,2014-10-21T03:59:52.000Z,2014-10-21T04:04:48.000Z,G0002,False,,False
1097906704,Sun,2014-10-21T06:04:48.000Z,2014-10-21T06:09:44.000Z,G0002,False,,False
1097907008,Sun,2014-10-21T06:09:52.000Z,2014-10-21T06:14:48.000Z,G0002,False,,False
1097907304,Sun,2014-10-21T06:14:48.000Z,2014-10-21T06:19:44.000Z,G0002,False,,False
1097907608,Sun,2014-10-21T06:19:52.000Z,2014-10-21T06:24:48.000Z,G0002,False,,False
1097907904,Sun,2014-10-21T06:24:48.000Z,2014-10-21T06:29:44.000Z,G0002,False,,False
1097908208,Sun,2014-10-21T06:29:52.000Z,2014-10-21T06:34:48.000Z,G0002,False,,False
1097908504,Sun,2014-10-21T06:34:48.000Z,2014-10-21T06:39:44.000Z,G0002,False,,False
1097908808,Sun,2014-10-21T06:39:52.000Z,2014-10-21T06:44:48.000Z,G0002,False,,False
1097909104,Sun,2014-10-21T06:44:48.000Z,2014-10-21T06:49:44.000Z,G0002,False,,False
1097909408,Sun,2014-10-21T06:49:52.000Z,2014-10-21T06:54:48.000Z,G0002,False,,False
1097909704,Sun,2014-10-21T06:54:48.000Z,2014-10-21T06:59:44.000Z,G0002,False,,False
1097910008,HerA,2014-10-21T06:59:52.000Z,2014-10-21T07:01:44.000Z,G0002,True,HerA,False
1097974816,Sun,2014-10-22T01:00:00.000Z,2014-10-22T01:04:00.000Z,G0002,False,,False
1097975056,Sun,2014-10-22T01:04:00.000Z,2014-10-22T01:08:00.000Z,G0002,False,,False
1097975296,Sun,2014-10-22T01:08:00.000Z,2014-10-22T01:12:00.000Z,G0002,False,,False
1097975536,Sun,2014-10-22T01:12:00.000Z,2014-10-22T01:16:00.000Z,G0002,False,,False
1097975776,Sun,2014-10-22T01:16:00.000Z,2014-10-22T01:20:00.000Z,G0002,False,,False
1097976016,Sun,2014-10-22T01:20:00.000Z,2014-10-22T01:24:00.000Z,G0002,False,,False
1097976256,Sun,2014-10-22T01:24:00.000Z,2014-10-22T01:28:00.000Z,G0002,False,,False
1097976496,Sun,2014-10-22T01:28:00.000Z,2014-10-22T01:32:00.000Z,G0002,False,,False
1097976736,Sun,2014-10-22T01:32:00.000Z,2014-10-22T01:36:00.000Z,G0002,False,,False
1097976976,Sun,2014-10-22T01:36:00.000Z,2014-10-22T01:40:00.000Z,G0002,False,,False
1097977216,Sun,2014-10-22T01:40:00.000Z,2014-10-22T01:44:00.000Z,G0002,False,,False
1097977456,Sun,2014-10-22T01:44:00.000Z,2014-10-22T01:48:00.000Z,G0002,False,,False
1097977696,Sun,2014-10-22T01:48:00.000Z,2014-10-22T01:52:00.000Z,G0002,False,,False
1097977936,Sun,2014-10-22T01:52:00.000Z,2014-10-22T01:56:00.000Z,G0002,False,,False
1097978176,Sun,2014-10-22T01:56:00.000Z,2014-10-22T02:00:00.000Z,G0002,False,,False
1097982016,Sun,2014-10-22T03:00:00.000Z,2014-10-22T03:04:00.000Z,G0002,False,,False
1097982256,Sun,2014-10-22T03:04:00.000Z,2014-10-22T03:08:00.000Z,G0002,False,,False
1097982496,Sun,2014-10-22T03:08:00.000Z,2014-10-22T03:12:00.000Z,G0002,False,,False
1097982736,Sun,2014-10-22T03:12:00.000Z,2014-10-22T03:16:00.000Z,G0002,False,,False
1097982976,Sun,2014-10-22T03:16:00.000Z,2014-10-22T03:20:00.000Z,G0002,False,,False
1097983216,Sun,2014-10-22T03:20:00.000Z,2014-10-22T03:24:00.000Z,G0002,False,,False
1097983456,Sun,2014-10-22T03:24:00.000Z,2014-10-22T03:28:00.000Z,G0002,False,,False
1097983696,Sun,2014-10-22T03:28:00.000Z,2014-10-22T03:32:00.000Z,G0002,False,,False
1097983936,Sun,2014-10-22T03:32:00.000Z,2014-10-22T03:36:00.000Z,G0002,False,,False
1097984176,Sun,2014-10-22T03:36:00.000Z,2014-10-22T03:40:00.000Z,G0002,False,,False
1097984416,Sun,2014-10-22T03:40:00.000Z,2014-10-22T03:44:00.000Z,G0002,False,,False
1097984656,Sun,2014-10-22T03:44:00.000Z,2014-10-22T03:48:00.000Z,G0002,False,,False
1097984896,Sun,2014-10-22T03:48:00.000Z,2014-10-22T03:52:00.000Z,G0002,False,,False
1097985136,Sun,2014-10-22T03:52:00.000Z,2014-10-22T03:56:00.000Z,G0002,False,,False
1097985376,Sun,2014-10-22T03:56:00.000Z,2014-10-22T04:00:00.000Z,G0002,False,,False
1097992816,Sun,2014-10-22T06:00:00.000Z,2014-10-22T06:04:00.000Z,G0002,False,,False
1097993056,Sun,2014-10-22T06:04:00.000Z,2014-10-22T06:08:00.000Z,G0002,False,,False
1097993296,Sun,2014-10-22T06:08:00.000Z,2014-10-22T06:12:00.000Z,G0002,False,,False
1097993536,Sun,2014-10-22T06:12:00.000Z,2014-10-22T06:16:00.000Z,G0002,False,,False
1097993776,Sun,2014-10-22T06:16:00.000Z,2014-10-22T06:20:00.000Z,G0002,False,,False
1097994016,Sun,2014-10-22T06:20:00.000Z,2014-10-22T06:24:00.000Z,G0002,False,,False
1097994256,Sun,2014-10-22T06:24:00.000Z,2014-10-22T06:28:00.000Z,G0002,False,,False
1097994496,Sun,2014-10-22T06:28:00.000Z,2014-10-22T06:32:00.000Z,G0002,False,,False
1097994736,Sun,2014-10-22T06:32:00.000Z,2014-10-22T06:36:00.000Z,G0002,False,,False
1097994976,Sun,2014-10-22T06:36:00.000Z,2014-10-22T06:40:00.000Z,G0002,False,,False
1097995216,Sun,2014-10-22T06:40:00.000Z,2014-10-22T06:44:00.000Z,G0002,False,,False
1097995456,Sun,2014-10-22T06:44:00.000Z,2014-10-22T06:48:00.000Z,G0002,False,,False
1097995696,Sun,2014-10-22T06:48:00.000Z,2014-10-22T06:52:00.000Z,G0002,False,,False
1097995936,Sun,2014-10-22T06:52:00.000Z,2014-10-22T06:56:00.000Z,G0002,False,,False
1097996176,Sun,2014-10-22T06:56:00.000Z,2014-10-22T07:00:00.000Z,G0002,False,,False
1098061216,Sun,2014-10-23T01:00:00.000Z,2014-10-23T01:04:00.000Z,G0002,False,,False
1098061456,Sun,2014-10-23T01:04:00.000Z,2014-10-23T01:08:00.000Z,G0002,False,,False
1098061696,Sun,2014-10-23T01:08:00.000Z,2014-10-23T01:12:00.000Z,G0002,False,,False
1098061936,Sun,2014-10-23T01:12:00.000Z,2014-10-23T01:16:00.000Z,G0002,False,,False
1098062176,Sun,2014-10-23T01:16:00.000Z,2014-10-23T01:20:00.000Z,G0002,False,,False
1098062416,Sun,2014-10-23T01:20:00.000Z,2014-10-23T01:24:00.000Z,G0002,False,,False
1098062656,Sun,2014-10-23T01:24:00.000Z,2014-10-23T01:28:00.000Z,G0002,False,,False
1098062896,Sun,2014-10-23T01:28:00.000Z,2014-10-23T01:32:00.000Z,G0002,False,,False
1098063136,Sun,2014-10-23T01:32:00.000Z,2014-10-23T01:36:00.000Z,G0002,False,,False
1098063376,Sun,2014-10-23T01:36:00.000Z,2014-10-23T01:40:00.000Z,G0002,False,,False
1098063616,Sun,2014-10-23T01:40:00.000Z,2014-10-23T01:44:00.000Z,G0002,False,,False
1098063856,Sun,2014-10-23T01:44:00.000Z,2014-10-23T01:48:00.000Z,G0002,False,,False
1098064096,Sun,2014-10-23T01:48:00.000Z,2014-10-23T01:52:00.000Z,G0002,False,,False
1098064336,Sun,2014-10-23T01:52:00.000Z,2014-10-23T01:56:00.000Z,G0002,False,,False
1098064576,Sun,2014-10-23T01:56:00.000Z,2014-10-23T02:00:00.000Z,G0002,False,,False
1098068416,Sun,2014-10-23T03:00:00.000Z,2014-10-23T03:04:00.000Z,G0002,False,,False
1098068656,Sun,2014-10-23T03:04:00.000Z,2014-10-23T03:08:00.000Z,G0002,False,,False
1098068896,Sun,2014-10-23T03:08:00.000Z,2014-10-23T03:12:00.000Z,G0002,False,,False
1098069136,Sun,2014-10-23T03:12:00.000Z,2014-10-23T03:16:00.000Z,G0002,False,,False
1098069376,Sun,2014-10-23T03:16:00.000Z,2014-10-23T03:20:00.000Z,G0002,False,,False
1098069616,Sun,2014-10-23T03:20:00.000Z,2014-10-23T03:24:00.000Z,G0002,False,,False
1098069856,Sun,2014-10-23T03:24:00.000Z,2014-10-23T03:28:00.000Z,G0002,False,,False
1098070096,Sun,2014-10-23T03:28:00.000Z,2014-10-23T03:32:00.000Z,G0002,False,,False
1098070336,Sun,2014-10-23T03:32:00.000Z,2014-10-23T03:36:00.000Z,G0002,False,,False
1098070576,Sun,2014-10-23T03:36:00.000Z,2014-10-23T03:40:00.000Z,G0002,False,,False
1098070816,Sun,2014-10-23T03:40:00.000Z,2014-10-23T03:44:00.000Z,G0002,False,,False
1098071056,Sun,2014-10-23T03:44:00.000Z,2014-10-23T03:48:00.000Z,G0002,False,,False
1098071296,Sun,2014-10-23T03:48:00.000Z,2014-10-23T03:52:00.000Z,G0002,False,,False
1098071536,Sun,2014-10-23T03:52:00.000Z,2014-10-23T03:56:00.000Z,G0002,False,,False
1098071776,Sun,2014-10-23T03:56:00.000Z,2014-10-23T04:00:00.000Z,G0002,False,,False
1098079216,Sun,2014-10-23T06:00:00.000Z,2014-10-23T06:04:00.000Z,G0002,False,,False
1098079456,Sun,2014-10-23T06:04:00.000Z,2014-10-23T06:08:00.000Z,G0002,False,,False
1098079696,Sun,2014-10-23T06:08:00.000Z,2014-10-23T06:12:00.000Z,G0002,False,,False
1098079936,Sun,2014-10-23T06:12:00.000Z,2014-10-23T06:16:00.000Z,G0002,False,,False
1098080176,Sun,2014-10-23T06:16:00.000Z,2014-10-23T06:20:00.000Z,G0002,False,,False
1098080416,Sun,2014-10-23T06:20:00.000Z,2014-10-23T06:24:00.000Z,G0002,False,,False
1098080656,Sun,2014-10-23T06:24:00.000Z,2014-10-23T06:28:00.000Z,G0002,False,,False
1098080896,Sun,2014-10-23T06:28:00.000Z,2014-10-23T06:32:00.000Z,G0002,False,,False
1098081136,Sun,2014-10-23T06:32:00.000Z,2014-10-23T06:36:00.000Z,G0002,False,,False
1098081376,Sun,2014-10-23T06:36:00.000Z,2014-10-23T06:40:00.000Z,G0002,False,,False
1098081616,Sun,2014-10-23T06:40:00.000Z,2014-10-23T06:44:00.000Z,G0002,False,,False
1098081856,Sun,2014-10-23T06:44:00.000Z,2014-10-23T06:48:00.000Z,G0002,False,,False
1098082096,Sun,2014-10-23T06:48:00.000Z,2014-10-23T06:52:00.000Z,G0002,False,,False
1098082336,Sun,2014-10-23T06:52:00.000Z,2014-10-23T06:56:00.000Z,G0002,False,,False
1098082576,Sun,2014-10-23T06:56:00.000Z,2014-10-23T07:00:00.000Z,G0002,False,,False
1098147880,Sun,2014-10-24T01:04:24.000Z,2014-10-24T01:09:20.000Z,G0002,False,,False
1098148176,Sun,2014-10-24T01:09:20.000Z,2014-10-24T01:14:16.000Z,G0002,False,,False
1098148480,Sun,2014-10-24T01:14:24.000Z,2014-10-24T01:19:20.000Z,G0002,False,,False
1098148784,Sun,2014-10-24T01:19:28.000Z,2014-10-24T01:24:24.000Z,G0002,False,,False
1098149080,Sun,2014-10-24T01:24:24.000Z,2014-10-24T01:29:20.000Z,G0002,False,,False
1098149384,Sun,2014-10-24T01:29:28.000Z,2014-10-24T01:34:24.000Z,G0002,False,,False
1098149680,Sun,2014-10-24T01:34:24.000Z,2014-10-24T01:39:20.000Z,G0002,False,,False
1098149976,Sun,2014-10-24T01:39:20.000Z,2014-10-24T01:44:16.000Z,G0002,False,,False
1098150280,Sun,2014-10-24T01:44:24.000Z,2014-10-24T01:49:20.000Z,G0002,False,,False
1098150584,Sun,2014-10-24T01:49:28.000Z,2014-10-24T01:54:24.000Z,G0002,False,,False
1098150880,Sun,2014-10-24T01:54:24.000Z,2014-10-24T01:59:20.000Z,G0002,False,,False
1098151184,Sun,2014-10-24T01:59:28.000Z,2014-10-24T02:04:24.000Z,G0002,False,,False
1098155080,Sun,2014-10-24T03:04:24.000Z,2014-10-24T03:09:20.000Z,G0002,False,,False
1098155376,Sun,2014-10-24T03:09:20.000Z,2014-10-24T03:14:16.000Z,G0002,False,,False
1098155680,Sun,2014-10-24T03:14:24.000Z,2014-10-24T03:19:20.000Z,G0002,False,,False
1098155976,Sun,2014-10-24T03:19:20.000Z,2014-10-24T03:24:16.000Z,G0002,False,,False
1098156280,Sun,2014-10-24T03:24:24.000Z,2014-10-24T03:29:20.000Z,G0002,False,,False
1098156576,Sun,2014-10-24T03:29:20.000Z,2014-10-24T03:34:16.000Z,G0002,False,,False
1098156880,Sun,2014-10-24T03:34:24.000Z,2014-10-24T03:39:20.000Z,G0002,False,,False
1098157176,Sun,2014-10-24T03:39:20.000Z,2014-10-24T03:44:16.000Z,G0002,False,,False
1098157480,Sun,2014-10-24T03:44:24.000Z,2014-10-24T03:49:20.000Z,G0002,False,,False
1098157776,Sun,2014-10-24T03:49:20.000Z,2014-10-24T03:54:16.000Z,G0002,False,,False
1098158080,Sun,2014-10-24T03:54:24.000Z,2014-10-24T03:59:20.000Z,G0002,False,,False
1098158376,Sun,2014-10-24T03:59:20.000Z,2014-10-24T04:04:16.000Z,G0002,False,,False
1098165880,Sun,2014-10-24T06:04:24.000Z,2014-10-24T06:09:20.000Z,G0002,False,,False
1098166184,Sun,2014-10-24T06:09:28.000Z,2014-10-24T06:14:24.000Z,G0002,False,,False
1098166480,Sun,2014-10-24T06:14:24.000Z,2014-10-24T06:19:20.000Z,G0002,False,,False
1098166784,Sun,2014-10-24T06:19:28.000Z,2014-10-24T06:24:24.000Z,G0002,False,,False
1098167080,Sun,2014-10-24T06:24:24.000Z,2014-10-24T06:29:20.000Z,G0002,False,,False
1098167384,Sun,2014-10-24T06:29:28.000Z,2014-10-24T06:34:24.000Z,G0002,False,,False
1098167680,Sun,2014-10-24T06:34:24.000Z,2014-10-24T06:39:20.000Z,G0002,False,,False
1098167984,Sun,2014-10-24T06:39:28.000Z,2014-10-24T06:44:24.000Z,G0002,False,,False
1098168280,Sun,2014-10-24T06:44:24.000Z,2014-10-24T06:49:20.000Z,G0002,False,,False
1098168584,Sun,2014-10-24T06:49:28.000Z,2014-10-24T06:54:24.000Z,G0002,False,,False
1098168880,Sun,2014-10-24T06:54:24.000Z,2014-10-24T06:59:20.000Z,G0002,False,,False
1098169184,HerA,2014-10-24T06:59:28.000Z,2014-10-24T07:01:20.000Z,G0002,True,HerA,False
1098234272,Sun,2014-10-25T01:04:16.000Z,2014-10-25T01:09:12.000Z,G0002,False,,False
1098234576,Sun,2014-10-25T01:09:20.000Z,2014-10-25T01:14:16.000Z,G0002,False,,False
1098234872,Sun,2014-10-25T01:14:16.000Z,2014-10-25T01:19:12.000Z,G0002,False,,False
1098235176,Sun,2014-10-25T01:19:20.000Z,2014-10-25T01:24:16.000Z,G0002,False,,False
1098235472,Sun,2014-10-25T01:24:16.000Z,2014-10-25T01:29:12.000Z,G0002,False,,False
1098235776,Sun,2014-10-25T01:29:20.000Z,2014-10-25T01:34:16.000Z,G0002,False,,False
1098236072,Sun,2014-10-25T01:34:16.000Z,2014-10-25T01:39:12.000Z,G0002,False,,False
1098236376,Sun,2014-10-25T01:39:20.000Z,2014-10-25T01:44:16.000Z,G0002,False,,False
1098236672,Sun,2014-10-25T01:44:16.000Z,2014-10-25T01:49:12.000Z,G0002,False,,False
1098236976,Sun,2014-10-25T01:49:20.000Z,2014-10-25T01:54:16.000Z,G0002,False,,False
1098237272,Sun,2014-10-25T01:54:16.000Z,2014-10-25T01:59:12.000Z,G0002,False,,False
1098237576,Sun,2014-10-25T01:59:20.000Z,2014-10-25T02:04:16.000Z,G0002,False,,False
1098241472,Sun,2014-10-25T03:04:16.000Z,2014-10-25T03:09:12.000Z,G0002,False,,False
1098241776,Sun,2014-10-25T03:09:20.000Z,2014-10-25T03:14:16.000Z,G0002,False,,False
1098242072,Sun,2014-10-25T03:14:16.000Z,2014-10-25T03:19:12.000Z,G0002,False,,False
1098242376,Sun,2014-10-25T03:19:20.000Z,2014-10-25T03:24:16.000Z,G0002,False,,False
1098242672,Sun,2014-10-25T03:24:16.000Z,2014-10-25T03:29:12.000Z,G0002,False,,False
1098242976,Sun,2014-10-25T03:29:20.000Z,2014-10-25T03:34:16.000Z,G0002,False,,False
1098243272,Sun,2014-10-25T03:34:16.000Z,2014-10-25T03:39:12.000Z,G0002,False,,False
1098243576,Sun,2014-10-25T03:39:20.000Z,2014-10-25T03:44:16.000Z,G0002,False,,False
1098243872,Sun,2014-10-25T03:44:16.000Z,2014-10-25T03:49:12.000Z,G0002,False,,False
1098244176,Sun,2014-10-25T03:49:20.000Z,2014-10-25T03:54:16.000Z,G0002,False,,False
1098244472,Sun,2014-10-25T03:54:16.000Z,2014-10-25T03:59:12.000Z,G0002,False,,False
1098244776,Sun,2014-10-25T03:59:20.000Z,2014-10-25T04:04:16.000Z,G0002,False,,False
1098252272,Sun,2014-10-25T06:04:16.000Z,2014-10-25T06:09:12.000Z,G0002,False,,False
1098252576,Sun,2014-10-25T06:09:20.000Z,2014-10-25T06:14:16.000Z,G0002,False,,False
1098252872,Sun,2014-10-25T06:14:16.000Z,2014-10-25T06:19:12.000Z,G0002,False,,False
1098253176,Sun,2014-10-25T06:19:20.000Z,2014-10-25T06:24:16.000Z,G0002,False,,False
1098253472,Sun,2014-10-25T06:24:16.000Z,2014-10-25T06:29:12.000Z,G0002,False,,False
1098253776,Sun,2014-10-25T06:29:20.000Z,2014-10-25T06:34:16.000Z,G0002,False,,False
1098254072,Sun,2014-10-25T06:34:16.000Z,2014-10-25T06:39:12.000Z,G0002,False,,False
1098254376,Sun,2014-10-25T06:39:20.000Z,2014-10-25T06:44:16.000Z,G0002,False,,False
1098254672,Sun,2014-10-25T06:44:16.000Z,2014-10-25T06:49:12.000Z,G0002,False,,False
1098254976,Sun,2014-10-25T06:49:20.000Z,2014-10-25T06:54:16.000Z,G0002,False,,False
1098255272,Sun,2014-10-25T06:54:16.000Z,2014-10-25T06:59:12.000Z,G0002,False,,False
1098255576,HerA,2014-10-25T06:59:20.000Z,2014-10-25T07:01:12.000Z,G0002,True,HerA,False
1098320416,Sun,2014-10-26T01:00:00.000Z,2014-10-26T01:04:00.000Z,G0002,False,,False
1098320656,Sun,2014-10-26T01:04:00.000Z,2014-10-26T01:08:00.000Z,G0002,False,,False
1098320896,Sun,2014-10-26T01:08:00.000Z,2014-10-26T01:12:00.000Z,G0002,False,,False
1098321136,Sun,2014-10-26T01:12:00.000Z,2014-10-26T01:16:00.000Z,G0002,False,,False
1098321376,Sun,2014-10-26T01:16:00.000Z,2014-10-26T01:20:00.000Z,G0002,False,,False
1098321616,Sun,2014-10-26T01:20:00.000Z,2014-10-26T01:24:00.000Z,G0002,False,,False
1098321856,Sun,2014-10-26T01:24:00.000Z,2014-10-26T01:28:00.000Z,G0002,False,,False
1098322096,Sun,2014-10-26T01:28:00.000Z,2014-10-26T01:32:00.000Z,G0002,False,,False
1098322336,Sun,2014-10-26T01:32:00.000Z,2014-10-26T01:36:00.000Z,G0002,False,,False
1098322576,Sun,2014-10-26T01:36:00.000Z,2014-10-26T01:40:00.000Z,G0002,False,,False
1098322816,Sun,2014-10-26T01:40:00.000Z,2014-10-26T01:44:00.000Z,G0002,False,,False
1098323056,Sun,2014-10-26T01:44:00.000Z,2014-10-26T01:48:00.000Z,G0002,False,,False
1098323296,Sun,2014-10-26T01:48:00.000Z,2014-10-26T01:52:00.000Z,G0002,False,,False
1098323536,Sun,2014-10-26T01:52:00.000Z,2014-10-26T01:56:00.000Z,G0002,False,,False
1098323776,Sun,2014-10-26T01:56:00.000Z,2014-10-26T02:00:00.000Z,G0002,False,,False
1098327616,Sun,2014-10-26T03:00:00.000Z,2014-10-26T03:04:00.000Z,G0002,False,,False
1098327856,Sun,2014-10-26T03:04:00.000Z,2014-10-26T03:08:00.000Z,G0002,False,,False
1098328096,Sun,2014-10-26T03:08:00.000Z,2014-10-26T03:12:00.000Z,G0002,False,,False
1098328336,Sun,2014-10-26T03:12:00.000Z,2014-10-26T03:16:00.000Z,G0002,False,,False
1098328576,Sun,2014-10-26T03:16:00.000Z,2014-10-26T03:20:00.000Z,G0002,False,,False
1098328816,Sun,2014-10-26T03:20:00.000Z,2014-10-26T03:24:00.000Z,G0002,False,,False
1098329056,Sun,2014-10-26T03:24:00.000Z,2014-10-26T03:28:00.000Z,G0002,False,,False
1098329296,Sun,2014-10-26T03:28:00.000Z,2014-10-26T03:32:00.000Z,G0002,False,,False
1098329536,Sun,2014-10-26T03:32:00.000Z,2014-10-26T03:36:00.000Z,G0002,False,,False
1098329776,Sun,2014-10-26T03:36:00.000Z,2014-10-26T03:40:00.000Z,G0002,False,,False
1098330016,Sun,2014-10-26T03:40:00.000Z,2014-10-26T03:44:00.000Z,G0002,False,,False
1098330256,Sun,2014-10-26T03:44:00.000Z,2014-10-26T03:48:00.000Z,G0002,False,,False
1098330496,Sun,2014-10-26T03:48:00.000Z,2014-10-26T03:52:00.000Z,G0002,False,,False
1098330736,Sun,2014-10-26T03:52:00.000Z,2014-10-26T03:56:00.000Z,G0002,False,,False
1098330976,Sun,2014-10-26T03:56:00.000Z,2014-10-26T04:00:00.000Z,G0002,False,,False
1098338416,Sun,2014-10-26T06:00:00.000Z,2014-10-26T06:04:00.000Z,G0002,False,,False
1098338656,Sun,2014-10-26T06:04:00.000Z,2014-10-26T06:08:00.000Z,G0002,False,,False
1098338896,Sun,2014-10-26T06:08:00.000Z,2014-10-26T06:12:00.000Z,G0002,False,,False
1098339136,Sun,2014-10-26T06:12:00.000Z,2014-10-26T06:16:00.000Z,G0002,False,,False
1098339376,Sun,2014-10-26T06:16:00.000Z,2014-10-26T06:20:00.000Z,G0002,False,,False
1098339616,Sun,2014-10-26T06:20:00.000Z,2014-10-26T06:24:00.000Z,G0002,False,,False
1098339856,Sun,2014-10-26T06:24:00.000Z,2014-10-26T06:28:00.000Z,G0002,False,,False
1098340096,Sun,2014-10-26T06:28:00.000Z,2014-10-26T06:32:00.000Z,G0002,False,,False
1098340336,Sun,2014-10-26T06:32:00.000Z,2014-10-26T06:36:00.000Z,G0002,False,,False
1098340576,Sun,2014-10-26T06:36:00.000Z,2014-10-26T06:40:00.000Z,G0002,False,,False
1098340816,Sun,2014-10-26T06:40:00.000Z,2014-10-26T06:44:00.000Z,G0002,False,,False
1098341056,Sun,2014-10-26T06:44:00.000Z,2014-10-26T06:48:00.000Z,G0002,False,,False
1098341296,Sun,2014-10-26T06:48:00.000Z,2014-10-26T06:52:00.000Z,G0002,False,,False
1098341536,Sun,2014-10-26T06:52:00.000Z,2014-10-26T06:56:00.000Z,G0002,False,,False
1098341776,Sun,2014-10-26T06:56:00.000Z,2014-10-26T07:00:00.000Z,G0002,False,,False
1098406816,Sun,2014-10-27T01:00:00.000Z,2014-10-27T01:04:00.000Z,G0002,False,,False
1098407056,Sun,2014-10-27T01:04:00.000Z,2014-10-27T01:08:00.000Z,G0002,False,,False
1098407296,Sun,2014-10-27T01:08:00.000Z,2014-10-27T01:12:00.000Z,G0002,False,,False
1098407536,Sun,2014-10-27T01:12:00.000Z,2014-10-27T01:16:00.000Z,G0002,False,,False
1098407776,Sun,2014-10-27T01:16:00.000Z,2014-10-27T01:20:00.000Z,G0002,False,,False
1098408016,Sun,2014-10-27T01:20:00.000Z,2014-10-27T01:24:00.000Z,G0002,False,,False
1098408256,Sun,2014-10-27T01:24:00.000Z,2014-10-27T01:28:00.000Z,G0002,False,,False
1098408496,Sun,2014-10-27T01:28:00.000Z,2014-10-27T01:32:00.000Z,G0002,False,,False
1098408736,Sun,2014-10-27T01:32:00.000Z,2014-10-27T01:36:00.000Z,G0002,False,,False
1098408976,Sun,2014-10-27T01:36:00.000Z,2014-10-27T01:40:00.000Z,G0002,False,,False
1098409216,Sun,2014-10-27T01:40:00.000Z,2014-10-27T01:44:00.000Z,G0002,False,,False
1098409456,Sun,2014-10-27T01:44:00.000Z,2014-10-27T01:48:00.000Z,G0002,False,,False
1098409696,Sun,2014-10-27T01:48:00.000Z,2014-10-27T01:52:00.000Z,G0002,False,,False
1098409936,Sun,2014-10-27T01:52:00.000Z,2014-10-27T01:56:00.000Z,G0002,False,,False
1098410176,Sun,2014-10-27T01:56:00.000Z,2014-10-27T02:00:00.000Z,G0002,False,,False
1098414016,Sun,2014-10-27T03:00:00.000Z,2014-10-27T03:04:00.000Z,G0002,False,,False
1098414256,Sun,2014-10-27T03:04:00.000Z,2014-10-27T03:08:00.000Z,G0002,False,,False
1098414496,Sun,2014-10-27T03:08:00.000Z,2014-10-27T03:12:00.000Z,G0002,False,,False
1098414736,Sun,2014-10-27T03:12:00.000Z,2014-10-27T03:16:00.000Z,G0002,False,,False
1098414976,Sun,2014-10-27T03:16:00.000Z,2014-10-27T03:20:00.000Z,G0002,False,,False
1098415216,Sun,2014-10-27T03:20:00.000Z,2014-10-27T03:24:00.000Z,G0002,False,,False
1098415456,Sun,2014-10-27T03:24:00.000Z,2014-10-27T03:28:00.000Z,G0002,False,,False
1098415696,Sun,2014-10-27T03:28:00.000Z,2014-10-27T03:32:00.000Z,G0002,False,,False
1098415936,Sun,2014-10-27T03:32:00.000Z,2014-10-27T03:36:00.000Z,G0002,False,,False
1098416176,Sun,2014-10-27T03:36:00.000Z,2014-10-27T03:40:00.000Z,G0002,False,,False
1098416416,Sun,2014-10-27T03:40:00.000Z,2014-10-27T03:44:00.000Z,G0002,False,,False
1098416656,Sun,2014-10-27T03:44:00.000Z,2014-10-27T03:48:00.000Z,G0002,False,,False
1098416896,Sun,2014-10-27T03:48:00.000Z,2014-10-27T03:52:00.000Z,G0002,False,,False
1098417136,Sun,2014-10-27T03:52:00.000Z,2014-10-27T03:56:00.000Z,G0002,False,,False
1098417376,Sun,2014-10-27T03:56:00.000Z,2014-10-27T04:00:00.000Z,G0002,False,,False
1098424816,Sun,2014-10-27T06:00:00.000Z,2014-10-27T06:04:00.000Z,G0002,False,,False
1098425056,Sun,2014-10-27T06:04:00.000Z,2014-10-27T06:08:00.000Z,G0002,False,,False
1098425296,Sun,2014-10-27T06:08:00.000Z,2014-10-27T06:12:00.000Z,G0002,False,,False
1098425536,Sun,2014-10-27T06:12:00.000Z,2014-10-27T06:16:00.000Z,G0002,False,,False
1098425776,Sun,2014-10-27T06:16:00.000Z,2014-10-27T06:20:00.000Z,G0002,False,,False
1098426016,Sun,2014-10-27T06:20:00.000Z,2014-10-27T06:24:00.000Z,G0002,False,,False
1098426256,Sun,2014-10-27T06:24:00.000Z,2014-10-27T06:28:00.000Z,G0002,False,,False
1098426496,Sun,2014-10-27T06:28:00.000Z,2014-10-27T06:32:00.000Z,G0002,False,,False
1098426736,Sun,2014-10-27T06:32:00.000Z,2014-10-27T06:36:00.000Z,G0002,False,,False
1098426976,Sun,2014-10-27T06:36:00.000Z,2014-10-27T06:40:00.000Z,G0002,False,,False
1098427216,Sun,2014-10-27T06:40:00.000Z,2014-10-27T06:44:00.000Z,G0002,False,,False
1098427456,Sun,2014-10-27T06:44:00.000Z,2014-10-27T06:48:00.000Z,G0002,False,,False
1098427696,Sun,2014-10-27T06:48:00.000Z,2014-10-27T06:52:00.000Z,G0002,False,,False
1098427936,Sun,2014-10-27T06:52:00.000Z,2014-10-27T06:56:00.000Z,G0002,False,,False
1098428176,Sun,2014-10-27T06:56:00.000Z,2014-10-27T07:00:00.000Z,G0002,False,,False
1098493216,Sun,2014-10-28T01:00:00.000Z,2014-10-28T01:04:00.000Z,G0002,False,,False
1098493456,Sun,2014-10-28T01:04:00.000Z,2014-10-28T01:08:00.000Z,G0002,False,,False
1098493696,Sun,2014-10-28T01:08:00.000Z,2014-10-28T01:12:00.000Z,G0002,False,,False
1098493936,Sun,2014-10-28T01:12:00.000Z,2014-10-28T01:16:00.000Z,G0002,False,,False
1098494176,Sun,2014-10-28T01:16:00.000Z,2014-10-28T01:20:00.000Z,G0002,False,,False
1098494416,Sun,2014-10-28T01:20:00.000Z,2014-10-28T01:24:00.000Z,G0002,False,,False
1098494656,Sun,2014-10-28T01:24:00.000Z,2014-10-28T01:28:00.000Z,G0002,False,,False
1098494896,Sun,2014-10-28T01:28:00.000Z,2014-10-28T01:32:00.000Z,G0002,False,,False
1098495136,Sun,2014-10-28T01:32:00.000Z,2014-10-28T01:36:00.000Z,G0002,False,,False
1098495376,Sun,2014-10-28T01:36:00.000Z,2014-10-28T01:40:00.000Z,G0002,False,,False
1098495616,Sun,2014-10-28T01:40:00.000Z,2014-10-28T01:44:00.000Z,G0002,False,,False
1098495856,Sun,2014-10-28T01:44:00.000Z,2014-10-28T01:48:00.000Z,G0002,False,,False
1098496096,Sun,2014-10-28T01:48:00.000Z,2014-10-28T01:52:00.000Z,G0002,False,,False
1098496336,Sun,2014-10-28T01:52:00.000Z,2014-10-28T01:56:00.000Z,G0002,False,,False
1098496576,Sun,2014-10-28T01:56:00.000Z,2014-10-28T02:00:00.000Z,G0002,False,,False
1098500416,Sun,2014-10-28T03:00:00.000Z,2014-10-28T03:04:00.000Z,G0002,False,,False
1098500656,Sun,2014-10-28T03:04:00.000Z,2014-10-28T03:08:00.000Z,G0002,False,,False
1098500896,Sun,2014-10-28T03:08:00.000Z,2014-10-28T03:12:00.000Z,G0002,False,,False
1098501136,Sun,2014-10-28T03:12:00.000Z,2014-10-28T03:16:00.000Z,G0002,False,,False
1098501376,Sun,2014-10-28T03:16:00.000Z,2014-10-28T03:20:00.000Z,G0002,False,,False
1098501616,Sun,2014-10-28T03:20:00.000Z,2014-10-28T03:24:00.000Z,G0002,False,,False
1098501856,Sun,2014-10-28T03:24:00.000Z,2014-10-28T03:28:00.000Z,G0002,False,,False
1098502096,Sun,2014-10-28T03:28:00.000Z,2014-10-28T03:32:00.000Z,G0002,False,,False
1098502336,Sun,2014-10-28T03:32:00.000Z,2014-10-28T03:36:00.000Z,G0002,False,,False
1098502576,Sun,2014-10-28T03:36:00.000Z,2014-10-28T03:40:00.000Z,G0002,False,,False
1098502816,Sun,2014-10-28T03:40:00.000Z,2014-10-28T03:44:00.000Z,G0002,False,,False
1098503056,Sun,2014-10-28T03:44:00.000Z,2014-10-28T03:48:00.000Z,G0002,False,,False
1098503296,Sun,2014-10-28T03:48:00.000Z,2014-10-28T03:52:00.000Z,G0002,False,,False
1098503536,Sun,2014-10-28T03:52:00.000Z,2014-10-28T03:56:00.000Z,G0002,False,,False
1098503776,Sun,2014-10-28T03:56:00.000Z,2014-10-28T04:00:00.000Z,G0002,False,,False
1098511216,Sun,2014-10-28T06:00:00.000Z,2014-10-28T06:04:00.000Z,G0002,False,,False
1098511456,Sun,2014-10-28T06:04:00.000Z,2014-10-28T06:08:00.000Z,G0002,False,,False
1098511696,Sun,2014-10-28T06:08:00.000Z,2014-10-28T06:12:00.000Z,G0002,False,,False
1098511936,Sun,2014-10-28T06:12:00.000Z,2014-10-28T06:16:00.000Z,G0002,False,,False
1098512176,Sun,2014-10-28T06:16:00.000Z,2014-10-28T06:20:00.000Z,G0002,False,,False
1098512416,Sun,2014-10-28T06:20:00.000Z,2014-10-28T06:24:00.000Z,G0002,False,,False
1098512656,Sun,2014-10-28T06:24:00.000Z,2014-10-28T06:28:00.000Z,G0002,False,,False
1098512896,Sun,2014-10-28T06:28:00.000Z,2014-10-28T06:32:00.000Z,G0002,False,,False
1098513136,Sun,2014-10-28T06:32:00.000Z,2014-10-28T06:36:00.000Z,G0002,False,,False
1098513376,Sun,2014-10-28T06:36:00.000Z,2014-10-28T06:40:00.000Z,G0002,False,,False
1098513616,Sun,2014-10-28T06:40:00.000Z,2014-10-28T06:44:00.000Z,G0002,False,,False
1098513856,Sun,2014-10-28T06:44:00.000Z,2014-10-28T06:48:00.000Z,G0002,False,,False
1098514096,Sun,2014-10-28T06:48:00.000Z,2014-10-28T06:52:00.000Z,G0002,False,,False
1098514336,Sun,2014-10-28T06:52:00.000Z,2014-10-28T06:56:00.000Z,G0002,False,,False
1098514576,Sun,2014-10-28T06:56:00.000Z,2014-10-28T07:00:00.000Z,G0002,False,,False
1098588616,Sun_track,2014-10-29T03:30:00.000Z,2014-10-29T03:59:52.000Z,G0002,False,,False
1098597616,Sun_track,2014-10-29T06:00:00.000Z,2014-10-29T06:29:52.000Z,G0002,False,,False
1098599416,Sun_track,2014-10-29T06:30:00.000Z,2014-10-29T06:59:52.000Z,G0002,False,,False
1098666016,Sun_track,2014-10-30T01:00:00.000Z,2014-10-30T01:29:52.000Z,G0002,False,,False
1098667816,Sun_track,2014-10-30T01:30:00.000Z,2014-10-30T01:59:52.000Z,G0002,False,,False
1098673216,Sun_track,2014-10-30T03:00:00.000Z,2014-10-30T03:29:52.000Z,G0002,False,,False
1098675016,Sun_track,2014-10-30T03:30:00.000Z,2014-10-30T03:59:52.000Z,G0002,False,,False
1098684016,Sun_track,2014-10-30T06:00:00.000Z,2014-10-30T06:29:52.000Z,G0002,False,,False
1098685816,Sun_track,2014-10-30T06:30:00.000Z,2014-10-30T06:59:52.000Z,G0002,False,,False
1098752416,Sun,2014-10-31T01:00:00.000Z,2014-10-31T01:04:00.000Z,G0002,False,,False
1098752656,Sun,2014-10-31T01:04:00.000Z,2014-10-31T01:08:00.000Z,G0002,False,,False
1098752896,Sun,2014-10-31T01:08:00.000Z,2014-10-31T01:12:00.000Z,G0002,False,,False
1098753136,Sun,2014-10-31T01:12:00.000Z,2014-10-31T01:16:00.000Z,G0002,False,,False
1098753376,Sun,2014-10-31T01:16:00.000Z,2014-10-31T01:20:00.000Z,G0002,False,,False
1098753616,Sun,2014-10-31T01:20:00.000Z,2014-10-31T01:24:00.000Z,G0002,False,,False
1098753856,Sun,2014-10-31T01:24:00.000Z,2014-10-31T01:28:00.000Z,G0002,False,,False
1098754096,Sun,2014-10-31T01:28:00.000Z,2014-10-31T01:32:00.000Z,G0002,False,,False
1098754336,Sun,2014-10-31T01:32:00.000Z,2014-10-31T01:36:00.000Z,G0002,False,,False
1098754576,Sun,2014-10-31T01:36:00.000Z,2014-10-31T01:40:00.000Z,G0002,False,,False
1098754816,Sun,2014-10-31T01:40:00.000Z,2014-10-31T01:44:00.000Z,G0002,False,,False
1098755056,Sun,2014-10-31T01:44:00.000Z,2014-10-31T01:48:00.000Z,G0002,False,,False
1098755296,Sun,2014-10-31T01:48:00.000Z,2014-10-31T01:52:00.000Z,G0002,False,,False
1098755536,Sun,2014-10-31T01:52:00.000Z,2014-10-31T01:56:00.000Z,G0002,False,,False
1098755776,Sun,2014-10-31T01:56:00.000Z,2014-10-31T02:00:00.000Z,G0002,False,,False
1098759616,Sun,2014-10-31T03:00:00.000Z,2014-10-31T03:04:00.000Z,G0002,False,,False
1098759856,Sun,2014-10-31T03:04:00.000Z,2014-10-31T03:08:00.000Z,G0002,False,,False
1098760096,Sun,2014-10-31T03:08:00.000Z,2014-10-31T03:12:00.000Z,G0002,False,,False
1098760336,Sun,2014-10-31T03:12:00.000Z,2014-10-31T03:16:00.000Z,G0002,False,,False
1098760576,Sun,2014-10-31T03:16:00.000Z,2014-10-31T03:20:00.000Z,G0002,False,,False
1098760816,Sun,2014-10-31T03:20:00.000Z,2014-10-31T03:24:00.000Z,G0002,False,,False
1098761056,Sun,2014-10-31T03:24:00.000Z,2014-10-31T03:28:00.000Z,G0002,False,,False
1098761296,Sun,2014-10-31T03:28:00.000Z,2014-10-31T03:32:00.000Z,G0002,False,,False
1098761536,Sun,2014-10-31T03:32:00.000Z,2014-10-31T03:36:00.000Z,G0002,False,,False
1098761776,Sun,2014-10-31T03:36:00.000Z,2014-10-31T03:40:00.000Z,G0002,False,,False
1098762016,Sun,2014-10-31T03:40:00.000Z,2014-10-31T03:44:00.000Z,G0002,False,,False
1098762256,Sun,2014-10-31T03:44:00.000Z,2014-10-31T03:48:00.000Z,G0002,False,,False
1098762496,Sun,2014-10-31T03:48:00.000Z,2014-10-31T03:52:00.000Z,G0002,False,,False
1098762736,Sun,2014-10-31T03:52:00.000Z,2014-10-31T03:56:00.000Z,G0002,False,,False
1098762976,Sun,2014-10-31T03:56:00.000Z,2014-10-31T04:00:00.000Z,G0002,False,,False
1098770416,Sun,2014-10-31T06:00:00.000Z,2014-10-31T06:04:00.000Z,G0002,False,,False
1098770656,Sun,2014-10-31T06:04:00.000Z,2014-10-31T06:08:00.000Z,G0002,False,,False
1098770896,Sun,2014-10-31T06:08:00.000Z,2014-10-31T06:12:00.000Z,G0002,False,,False
1098771136,Sun,2014-10-31T06:12:00.000Z,2014-10-31T06:16:00.000Z,G0002,False,,False
1098771376,Sun,2014-10-31T06:16:00.000Z,2014-10-31T06:20:00.000Z,G0002,False,,False
1098771616,Sun,2014-10-31T06:20:00.000Z,2014-10-31T06:24:00.000Z,G0002,False,,False
1098771856,Sun,2014-10-31T06:24:00.000Z,2014-10-31T06:28:00.000Z,G0002,False,,False
1098772096,Sun,2014-10-31T06:28:00.000Z,2014-10-31T06:32:00.000Z,G0002,False,,False
1098772336,Sun,2014-10-31T06:32:00.000Z,2014-10-31T06:36:00.000Z,G0002,False,,False
1098772576,Sun,2014-10-31T06:36:00.000Z,2014-10-31T06:40:00.000Z,G0002,False,,False
1098772816,Sun,2014-10-31T06:40:00.000Z,2014-10-31T06:44:00.000Z,G0002,False,,False
1098773056,Sun,2014-10-31T06:44:00.000Z,2014-10-31T06:48:00.000Z,G0002,False,,False
1098773296,Sun,2014-10-31T06:48:00.000Z,2014-10-31T06:52:00.000Z,G0002,False,,False
1098773536,Sun,2014-10-31T06:52:00.000Z,2014-10-31T06:56:00.000Z,G0002,False,,False
1098773776,Sun,2014-10-31T06:56:00.000Z,2014-10-31T07:00:00.000Z,G0002,False,,False
1098838816,Sun,2014-11-01T01:00:00.000Z,2014-11-01T01:04:00.000Z,G0002,False,,False
1098839056,Sun,2014-11-01T01:04:00.000Z,2014-11-01T01:08:00.000Z,G0002,False,,False
1098839296,Sun,2014-11-01T01:08:00.000Z,2014-11-01T01:12:00.000Z,G0002,False,,False
1098839536,Sun,2014-11-01T01:12:00.000Z,2014-11-01T01:16:00.000Z,G0002,False,,False
1098839776,Sun,2014-11-01T01:16:00.000Z,2014-11-01T01:20:00.000Z,G0002,False,,False
1098840016,Sun,2014-11-01T01:20:00.000Z,2014-11-01T01:24:00.000Z,G0002,False,,False
1098840256,Sun,2014-11-01T01:24:00.000Z,2014-11-01T01:28:00.000Z,G0002,False,,False
1098840496,Sun,2014-11-01T01:28:00.000Z,2014-11-01T01:32:00.000Z,G0002,False,,False
1098840736,Sun,2014-11-01T01:32:00.000Z,2014-11-01T01:36:00.000Z,G0002,False,,False
1098840976,Sun,2014-11-01T01:36:00.000Z,2014-11-01T01:40:00.000Z,G0002,False,,False
1098841216,Sun,2014-11-01T01:40:00.000Z,2014-11-01T01:44:00.000Z,G0002,False,,False
1098841456,Sun,2014-11-01T01:44:00.000Z,2014-11-01T01:48:00.000Z,G0002,False,,False
1098841696,Sun,2014-11-01T01:48:00.000Z,2014-11-01T01:52:00.000Z,G0002,False,,False
1098841936,Sun,2014-11-01T01:52:00.000Z,2014-11-01T01:56:00.000Z,G0002,False,,False
1098842176,Sun,2014-11-01T01:56:00.000Z,2014-11-01T02:00:00.000Z,G0002,False,,False
1098846016,Sun,2014-11-01T03:00:00.000Z,2014-11-01T03:04:00.000Z,G0002,False,,False
1098846256,Sun,2014-11-01T03:04:00.000Z,2014-11-01T03:08:00.000Z,G0002,False,,False
1098846496,Sun,2014-11-01T03:08:00.000Z,2014-11-01T03:12:00.000Z,G0002,False,,False
1098846736,Sun,2014-11-01T03:12:00.000Z,2014-11-01T03:16:00.000Z,G0002,False,,False
1098846976,Sun,2014-11-01T03:16:00.000Z,2014-11-01T03:20:00.000Z,G0002,False,,False
1098847216,Sun,2014-11-01T03:20:00.000Z,2014-11-01T03:24:00.000Z,G0002,False,,False
1098847456,Sun,2014-11-01T03:24:00.000Z,2014-11-01T03:28:00.000Z,G0002,False,,False
1098847696,Sun,2014-11-01T03:28:00.000Z,2014-11-01T03:32:00.000Z,G0002,False,,False
1098847936,Sun,2014-11-01T03:32:00.000Z,2014-11-01T03:36:00.000Z,G0002,False,,False
1098848176,Sun,2014-11-01T03:36:00.000Z,2014-11-01T03:40:00.000Z,G0002,False,,False
1098848416,Sun,2014-11-01T03:40:00.000Z,2014-11-01T03:44:00.000Z,G0002,False,,False
1098848656,Sun,2014-11-01T03:44:00.000Z,2014-11-01T03:48:00.000Z,G0002,False,,False
1098848896,Sun,2014-11-01T03:48:00.000Z,2014-11-01T03:52:00.000Z,G0002,False,,False
1098849136,Sun,2014-11-01T03:52:00.000Z,2014-11-01T03:56:00.000Z,G0002,False,,False
1098849376,Sun,2014-11-01T03:56:00.000Z,2014-11-01T04:00:00.000Z,G0002,False,,False
1098856816,Sun,2014-11-01T06:00:00.000Z,2014-11-01T06:04:00.000Z,G0002,False,,False
1098857056,Sun,2014-11-01T06:04:00.000Z,2014-11-01T06:08:00.000Z,G0002,False,,False
1098857296,Sun,2014-11-01T06:08:00.000Z,2014-11-01T06:12:00.000Z,G0002,False,,False
1098857536,Sun,2014-11-01T06:12:00.000Z,2014-11-01T06:16:00.000Z,G0002,False,,False
1098857776,Sun,2014-11-01T06:16:00.000Z,2014-11-01T06:20:00.000Z,G0002,False,,False
1098858016,Sun,2014-11-01T06:20:00.000Z,2014-11-01T06:24:00.000Z,G0002,False,,False
1098858256,Sun,2014-11-01T06:24:00.000Z,2014-11-01T06:28:00.000Z,G0002,False,,False
1098858496,Sun,2014-11-01T06:28:00.000Z,2014-11-01T06:32:00.000Z,G0002,False,,False
1098858736,Sun,2014-11-01T06:32:00.000Z,2014-11-01T06:36:00.000Z,G0002,False,,False
1098858976,Sun,2014-11-01T06:36:00.000Z,2014-11-01T06:40:00.000Z,G0002,False,,False
1098859216,Sun,2014-11-01T06:40:00.000Z,2014-11-01T06:44:00.000Z,G0002,False,,False
1098859456,Sun,2014-11-01T06:44:00.000Z,2014-11-01T06:48:00.000Z,G0002,False,,False
1098859696,Sun,2014-11-01T06:48:00.000Z,2014-11-01T06:52:00.000Z,G0002,False,,False
1098859936,Sun,2014-11-01T06:52:00.000Z,2014-11-01T06:56:00.000Z,G0002,False,,False
1098860176,Sun,2014-11-01T06:56:00.000Z,2014-11-01T07:00:00.000Z,G0002,False,,False
1098925216,Sun,2014-11-02T01:00:00.000Z,2014-11-02T01:04:00.000Z,G0002,False,,False
1098925456,Sun,2014-11-02T01:04:00.000Z,2014-11-02T01:08:00.000Z,G0002,False,,False
1098925696,Sun,2014-11-02T01:08:00.000Z,2014-11-02T01:12:00.000Z,G0002,False,,False
1098925936,Sun,2014-11-02T01:12:00.000Z,2014-11-02T01:16:00.000Z,G0002,False,,False
1098926176,Sun,2014-11-02T01:16:00.000Z,2014-11-02T01:20:00.000Z,G0002,False,,False
1098926416,Sun,2014-11-02T01:20:00.000Z,2014-11-02T01:24:00.000Z,G0002,False,,False
1098926656,Sun,2014-11-02T01:24:00.000Z,2014-11-02T01:28:00.000Z,G0002,False,,False
1098926896,Sun,2014-11-02T01:28:00.000Z,2014-11-02T01:32:00.000Z,G0002,False,,False
1098927136,Sun,2014-11-02T01:32:00.000Z,2014-11-02T01:36:00.000Z,G0002,False,,False
1098927376,Sun,2014-11-02T01:36:00.000Z,2014-11-02T01:40:00.000Z,G0002,False,,False
1098927616,Sun,2014-11-02T01:40:00.000Z,2014-11-02T01:44:00.000Z,G0002,False,,False
1098927856,Sun,2014-11-02T01:44:00.000Z,2014-11-02T01:48:00.000Z,G0002,False,,False
1098928096,Sun,2014-11-02T01:48:00.000Z,2014-11-02T01:52:00.000Z,G0002,False,,False
1098928336,Sun,2014-11-02T01:52:00.000Z,2014-11-02T01:56:00.000Z,G0002,False,,False
1098928576,Sun,2014-11-02T01:56:00.000Z,2014-11-02T02:00:00.000Z,G0002,False,,False
1098932416,Sun,2014-11-02T03:00:00.000Z,2014-11-02T03:04:00.000Z,G0002,False,,False
1098932656,Sun,2014-11-02T03:04:00.000Z,2014-11-02T03:08:00.000Z,G0002,False,,False
1098932896,Sun,2014-11-02T03:08:00.000Z,2014-11-02T03:12:00.000Z,G0002,False,,False
1098933136,Sun,2014-11-02T03:12:00.000Z,2014-11-02T03:16:00.000Z,G0002,False,,False
1098933376,Sun,2014-11-02T03:16:00.000Z,2014-11-02T03:20:00.000Z,G0002,False,,False
1098933616,Sun,2014-11-02T03:20:00.000Z,2014-11-02T03:24:00.000Z,G0002,False,,False
1098933856,Sun,2014-11-02T03:24:00.000Z,2014-11-02T03:28:00.000Z,G0002,False,,False
1098934096,Sun,2014-11-02T03:28:00.000Z,2014-11-02T03:32:00.000Z,G0002,False,,False
1098934336,Sun,2014-11-02T03:32:00.000Z,2014-11-02T03:36:00.000Z,G0002,False,,False
1098934576,Sun,2014-11-02T03:36:00.000Z,2014-11-02T03:40:00.000Z,G0002,False,,False
1098934816,Sun,2014-11-02T03:40:00.000Z,2014-11-02T03:44:00.000Z,G0002,False,,False
1098935056,Sun,2014-11-02T03:44:00.000Z,2014-11-02T03:48:00.000Z,G0002,False,,False
1098935296,Sun,2014-11-02T03:48:00.000Z,2014-11-02T03:52:00.000Z,G0002,False,,False
1098935536,Sun,2014-11-02T03:52:00.000Z,2014-11-02T03:56:00.000Z,G0002,False,,False
1098935776,Sun,2014-11-02T03:56:00.000Z,2014-11-02T04:00:00.000Z,G0002,False,,False
1098943216,Sun,2014-11-02T06:00:00.000Z,2014-11-02T06:04:00.000Z,G0002,False,,False
1098943456,Sun,2014-11-02T06:04:00.000Z,2014-11-02T06:08:00.000Z,G0002,False,,False
1098943696,Sun,2014-11-02T06:08:00.000Z,2014-11-02T06:12:00.000Z,G0002,False,,False
1098943936,Sun,2014-11-02T06:12:00.000Z,2014-11-02T06:16:00.000Z,G0002,False,,False
1098944176,Sun,2014-11-02T06:16:00.000Z,2014-11-02T06:20:00.000Z,G0002,False,,False
1098944416,Sun,2014-11-02T06:20:00.000Z,2014-11-02T06:24:00.000Z,G0002,False,,False
1098944656,Sun,2014-11-02T06:24:00.000Z,2014-11-02T06:28:00.000Z,G0002,False,,False
1098944896,Sun,2014-11-02T06:28:00.000Z,2014-11-02T06:32:00.000Z,G0002,False,,False
1098945136,Sun,2014-11-02T06:32:00.000Z,2014-11-02T06:36:00.000Z,G0002,False,,False
1098945376,Sun,2014-11-02T06:36:00.000Z,2014-11-02T06:40:00.000Z,G0002,False,,False
1098945616,Sun,2014-11-02T06:40:00.000Z,2014-11-02T06:44:00.000Z,G0002,False,,False
1098945856,Sun,2014-11-02T06:44:00.000Z,2014-11-02T06:48:00.000Z,G0002,False,,False
1098946096,Sun,2014-11-02T06:48:00.000Z,2014-11-02T06:52:00.000Z,G0002,False,,False
1098946336,Sun,2014-11-02T06:52:00.000Z,2014-11-02T06:56:00.000Z,G0002,False,,False
1098946576,Sun,2014-11-02T06:56:00.000Z,2014-11-02T07:00:00.000Z,G0002,False,,False
1099011616,Sun,2014-11-03T01:00:00.000Z,2014-11-03T01:04:00.000Z,G0002,False,,False
1099011856,Sun,2014-11-03T01:04:00.000Z,2014-11-03T01:08:00.000Z,G0002,False,,False
1099012096,Sun,2014-11-03T01:08:00.000Z,2014-11-03T01:12:00.000Z,G0002,False,,False
1099012336,Sun,2014-11-03T01:12:00.000Z,2014-11-03T01:16:00.000Z,G0002,False,,False
1099012576,Sun,2014-11-03T01:16:00.000Z,2014-11-03T01:20:00.000Z,G0002,False,,False
1099012816,Sun,2014-11-03T01:20:00.000Z,2014-11-03T01:24:00.000Z,G0002,False,,False
1099013056,Sun,2014-11-03T01:24:00.000Z,2014-11-03T01:28:00.000Z,G0002,False,,False
1099013296,Sun,2014-11-03T01:28:00.000Z,2014-11-03T01:32:00.000Z,G0002,False,,False
1099013536,Sun,2014-11-03T01:32:00.000Z,2014-11-03T01:36:00.000Z,G0002,False,,False
1099013776,Sun,2014-11-03T01:36:00.000Z,2014-11-03T01:40:00.000Z,G0002,False,,False
1099014016,Sun,2014-11-03T01:40:00.000Z,2014-11-03T01:44:00.000Z,G0002,False,,False
1099014256,Sun,2014-11-03T01:44:00.000Z,2014-11-03T01:48:00.000Z,G0002,False,,False
1099014496,Sun,2014-11-03T01:48:00.000Z,2014-11-03T01:52:00.000Z,G0002,False,,False
1099014736,Sun,2014-11-03T01:52:00.000Z,2014-11-03T01:56:00.000Z,G0002,False,,False
1099014976,Sun,2014-11-03T01:56:00.000Z,2014-11-03T02:00:00.000Z,G0002,False,,False
1099018816,Sun,2014-11-03T03:00:00.000Z,2014-11-03T03:04:00.000Z,G0002,False,,False
1099019056,Sun,2014-11-03T03:04:00.000Z,2014-11-03T03:08:00.000Z,G0002,False,,False
1099019296,Sun,2014-11-03T03:08:00.000Z,2014-11-03T03:12:00.000Z,G0002,False,,False
1099019536,Sun,2014-11-03T03:12:00.000Z,2014-11-03T03:16:00.000Z,G0002,False,,False
1099019776,Sun,2014-11-03T03:16:00.000Z,2014-11-03T03:20:00.000Z,G0002,False,,False
1099020016,Sun,2014-11-03T03:20:00.000Z,2014-11-03T03:24:00.000Z,G0002,False,,False
1099020256,Sun,2014-11-03T03:24:00.000Z,2014-11-03T03:28:00.000Z,G0002,False,,False
1099020496,Sun,2014-11-03T03:28:00.000Z,2014-11-03T03:32:00.000Z,G0002,False,,False
1099021216,Sun,2014-11-03T03:40:00.000Z,2014-11-03T03:44:00.000Z,G0002,False,,False
1099021456,Sun,2014-11-03T03:44:00.000Z,2014-11-03T03:48:00.000Z,G0002,False,,False
1099021696,Sun,2014-11-03T03:48:00.000Z,2014-11-03T03:52:00.000Z,G0002,False,,False
1099021936,Sun,2014-11-03T03:52:00.000Z,2014-11-03T03:56:00.000Z,G0002,False,,False
1099022176,Sun,2014-11-03T03:56:00.000Z,2014-11-03T04:00:00.000Z,G0002,False,,False
1099029616,Sun,2014-11-03T06:00:00.000Z,2014-11-03T06:04:00.000Z,G0002,False,,False
1099029856,Sun,2014-11-03T06:04:00.000Z,2014-11-03T06:08:00.000Z,G0002,False,,False
1099030096,Sun,2014-11-03T06:08:00.000Z,2014-11-03T06:12:00.000Z,G0002,False,,False
1099030336,Sun,2014-11-03T06:12:00.000Z,2014-11-03T06:16:00.000Z,G0002,False,,False
1099030576,Sun,2014-11-03T06:16:00.000Z,2014-11-03T06:20:00.000Z,G0002,False,,False
1099030816,Sun,2014-11-03T06:20:00.000Z,2014-11-03T06:24:00.000Z,G0002,False,,False
1099031056,Sun,2014-11-03T06:24:00.000Z,2014-11-03T06:28:00.000Z,G0002,False,,False
1099031296,Sun,2014-11-03T06:28:00.000Z,2014-11-03T06:32:00.000Z,G0002,False,,False
1099031536,Sun,2014-11-03T06:32:00.000Z,2014-11-03T06:36:00.000Z,G0002,False,,False
1099031776,Sun,2014-11-03T06:36:00.000Z,2014-11-03T06:40:00.000Z,G0002,False,,False
1099032016,Sun,2014-11-03T06:40:00.000Z,2014-11-03T06:44:00.000Z,G0002,False,,False
1099032256,Sun,2014-11-03T06:44:00.000Z,2014-11-03T06:48:00.000Z,G0002,False,,False
1099032496,Sun,2014-11-03T06:48:00.000Z,2014-11-03T06:52:00.000Z,G0002,False,,False
1099032736,Sun,2014-11-03T06:52:00.000Z,2014-11-03T06:56:00.000Z,G0002,False,,False
1099032976,Sun,2014-11-03T06:56:00.000Z,2014-11-03T07:00:00.000Z,G0002,False,,False
1099098016,Sun,2014-11-04T01:00:00.000Z,2014-11-04T01:04:00.000Z,G0002,False,,False
1099098256,Sun,2014-11-04T01:04:00.000Z,2014-11-04T01:08:00.000Z,G0002,False,,False
1099098496,Sun,2014-11-04T01:08:00.000Z,2014-11-04T01:12:00.000Z,G0002,False,,False
1099098736,Sun,2014-11-04T01:12:00.000Z,2014-11-04T01:16:00.000Z,G0002,False,,False
1099098976,Sun,2014-11-04T01:16:00.000Z,2014-11-04T01:20:00.000Z,G0002,False,,False
1099099216,Sun,2014-11-04T01:20:00.000Z,2014-11-04T01:24:00.000Z,G0002,False,,False
1099099456,Sun,2014-11-04T01:24:00.000Z,2014-11-04T01:28:00.000Z,G0002,False,,False
1099099696,Sun,2014-11-04T01:28:00.000Z,2014-11-04T01:32:00.000Z,G0002,False,,False
1099099936,Sun,2014-11-04T01:32:00.000Z,2014-11-04T01:36:00.000Z,G0002,False,,False
1099100176,Sun,2014-11-04T01:36:00.000Z,2014-11-04T01:40:00.000Z,G0002,False,,False
1099100416,Sun,2014-11-04T01:40:00.000Z,2014-11-04T01:44:00.000Z,G0002,False,,False
1099100656,Sun,2014-11-04T01:44:00.000Z,2014-11-04T01:48:00.000Z,G0002,False,,False
1099100896,Sun,2014-11-04T01:48:00.000Z,2014-11-04T01:52:00.000Z,G0002,False,,False
1099101136,Sun,2014-11-04T01:52:00.000Z,2014-11-04T01:56:00.000Z,G0002,False,,False
1099101376,Sun,2014-11-04T01:56:00.000Z,2014-11-04T02:00:00.000Z,G0002,False,,False
1099105216,Sun,2014-11-04T03:00:00.000Z,2014-11-04T03:04:00.000Z,G0002,False,,False
1099105456,Sun,2014-11-04T03:04:00.000Z,2014-11-04T03:08:00.000Z,G0002,False,,False
1099105696,Sun,2014-11-04T03:08:00.000Z,2014-11-04T03:12:00.000Z,G0002,False,,False
1099105936,Sun,2014-11-04T03:12:00.000Z,2014-11-04T03:16:00.000Z,G0002,False,,False
1099106176,Sun,2014-11-04T03:16:00.000Z,2014-11-04T03:20:00.000Z,G0002,False,,False
1099106416,Sun,2014-11-04T03:20:00.000Z,2014-11-04T03:24:00.000Z,G0002,False,,False
1099106656,Sun,2014-11-04T03:24:00.000Z,2014-11-04T03:28:00.000Z,G0002,False,,False
1099106896,Sun,2014-11-04T03:28:00.000Z,2014-11-04T03:32:00.000Z,G0002,False,,False
1099107136,Sun,2014-11-04T03:32:00.000Z,2014-11-04T03:36:00.000Z,G0002,False,,False
1099107376,Sun,2014-11-04T03:36:00.000Z,2014-11-04T03:40:00.000Z,G0002,False,,False
1099107616,Sun,2014-11-04T03:40:00.000Z,2014-11-04T03:44:00.000Z,G0002,False,,False
1099107856,Sun,2014-11-04T03:44:00.000Z,2014-11-04T03:48:00.000Z,G0002,False,,False
1099108096,Sun,2014-11-04T03:48:00.000Z,2014-11-04T03:52:00.000Z,G0002,False,,False
1099108336,Sun,2014-11-04T03:52:00.000Z,2014-11-04T03:56:00.000Z,G0002,False,,False
1099108576,Sun,2014-11-04T03:56:00.000Z,2014-11-04T04:00:00.000Z,G0002,False,,False
1099116016,Sun,2014-11-04T06:00:00.000Z,2014-11-04T06:04:00.000Z,G0002,False,,False
1099116256,Sun,2014-11-04T06:04:00.000Z,2014-11-04T06:08:00.000Z,G0002,False,,False
1099116496,Sun,2014-11-04T06:08:00.000Z,2014-11-04T06:12:00.000Z,G0002,False,,False
1099116736,Sun,2014-11-04T06:12:00.000Z,2014-11-04T06:16:00.000Z,G0002,False,,False
1099116976,Sun,2014-11-04T06:16:00.000Z,2014-11-04T06:20:00.000Z,G0002,False,,False
1099117216,Sun,2014-11-04T06:20:00.000Z,2014-11-04T06:24:00.000Z,G0002,False,,False
1099117456,Sun,2014-11-04T06:24:00.000Z,2014-11-04T06:28:00.000Z,G0002,False,,False
1099117696,Sun,2014-11-04T06:28:00.000Z,2014-11-04T06:32:00.000Z,G0002,False,,False
1099117936,Sun,2014-11-04T06:32:00.000Z,2014-11-04T06:36:00.000Z,G0002,False,,False
1099118176,Sun,2014-11-04T06:36:00.000Z,2014-11-04T06:40:00.000Z,G0002,False,,False
1099118416,Sun,2014-11-04T06:40:00.000Z,2014-11-04T06:44:00.000Z,G0002,False,,False
1099118656,Sun,2014-11-04T06:44:00.000Z,2014-11-04T06:48:00.000Z,G0002,False,,False
1099118896,Sun,2014-11-04T06:48:00.000Z,2014-11-04T06:52:00.000Z,G0002,False,,False
1099119136,Sun,2014-11-04T06:52:00.000Z,2014-11-04T06:56:00.000Z,G0002,False,,False
1099119376,Sun,2014-11-04T06:56:00.000Z,2014-11-04T07:00:00.000Z,G0002,False,,False
1099184640,Sun,2014-11-05T01:03:44.000Z,2014-11-05T01:08:40.000Z,G0002,False,,False
1099184936,Sun,2014-11-05T01:08:40.000Z,2014-11-05T01:13:36.000Z,G0002,False,,False
1099185240,Sun,2014-11-05T01:13:44.000Z,2014-11-05T01:18:40.000Z,G0002,False,,False
1099185536,Sun,2014-11-05T01:18:40.000Z,2014-11-05T01:23:36.000Z,G0002,False,,False
1099185840,Sun,2014-11-05T01:23:44.000Z,2014-11-05T01:28:40.000Z,G0002,False,,False
1099186136,Sun,2014-11-05T01:28:40.000Z,2014-11-05T01:33:36.000Z,G0002,False,,False
1099186440,Sun,2014-11-05T01:33:44.000Z,2014-11-05T01:38:40.000Z,G0002,False,,False
1099186736,Sun,2014-11-05T01:38:40.000Z,2014-11-05T01:43:36.000Z,G0002,False,,False
1099187040,Sun,2014-11-05T01:43:44.000Z,2014-11-05T01:48:40.000Z,G0002,False,,False
1099187336,Sun,2014-11-05T01:48:40.000Z,2014-11-05T01:53:36.000Z,G0002,False,,False
1099187640,Sun,2014-11-05T01:53:44.000Z,2014-11-05T01:58:40.000Z,G0002,False,,False
1099187936,Sun,2014-11-05T01:58:40.000Z,2014-11-05T02:03:36.000Z,G0002,False,,False
1099191840,Sun,2014-11-05T03:03:44.000Z,2014-11-05T03:08:40.000Z,G0002,False,,False
1099192136,Sun,2014-11-05T03:08:40.000Z,2014-11-05T03:13:36.000Z,G0002,False,,False
1099192440,Sun,2014-11-05T03:13:44.000Z,2014-11-05T03:18:40.000Z,G0002,False,,False
1099192736,Sun,2014-11-05T03:18:40.000Z,2014-11-05T03:23:36.000Z,G0002,False,,False
1099193040,Sun,2014-11-05T03:23:44.000Z,2014-11-05T03:28:40.000Z,G0002,False,,False
1099193336,Sun,2014-11-05T03:28:40.000Z,2014-11-05T03:33:36.000Z,G0002,False,,False
1099193640,Sun,2014-11-05T03:33:44.000Z,2014-11-05T03:38:40.000Z,G0002,False,,False
1099193936,Sun,2014-11-05T03:38:40.000Z,2014-11-05T03:43:36.000Z,G0002,False,,False
1099194240,Sun,2014-11-05T03:43:44.000Z,2014-11-05T03:48:40.000Z,G0002,False,,False
1099194536,Sun,2014-11-05T03:48:40.000Z,2014-11-05T03:53:36.000Z,G0002,False,,False
1099194840,Sun,2014-11-05T03:53:44.000Z,2014-11-05T03:58:40.000Z,G0002,False,,False
1099195136,Sun,2014-11-05T03:58:40.000Z,2014-11-05T04:03:36.000Z,G0002,False,,False
1099202640,Sun,2014-11-05T06:03:44.000Z,2014-11-05T06:08:40.000Z,G0002,False,,False
1099202936,Sun,2014-11-05T06:08:40.000Z,2014-11-05T06:13:36.000Z,G0002,False,,False
1099203240,Sun,2014-11-05T06:13:44.000Z,2014-11-05T06:18:40.000Z,G0002,False,,False
1099203536,Sun,2014-11-05T06:18:40.000Z,2014-11-05T06:23:36.000Z,G0002,False,,False
1099203840,Sun,2014-11-05T06:23:44.000Z,2014-11-05T06:28:40.000Z,G0002,False,,False
1099204136,Sun,2014-11-05T06:28:40.000Z,2014-11-05T06:33:36.000Z,G0002,False,,False
1099204440,Sun,2014-11-05T06:33:44.000Z,2014-11-05T06:38:40.000Z,G0002,False,,False
1099204736,Sun,2014-11-05T06:38:40.000Z,2014-11-05T06:43:36.000Z,G0002,False,,False
1099205040,Sun,2014-11-05T06:43:44.000Z,2014-11-05T06:48:40.000Z,G0002,False,,False
1099205336,Sun,2014-11-05T06:48:40.000Z,2014-11-05T06:53:36.000Z,G0002,False,,False
1099205640,Sun,2014-11-05T06:53:44.000Z,2014-11-05T06:58:40.000Z,G0002,False,,False
1099205936,HerA,2014-11-05T06:58:40.000Z,2014-11-05T07:00:32.000Z,G0002,True,HerA,False
1099271040,Sun,2014-11-06T01:03:44.000Z,2014-11-06T01:08:40.000Z,G0002,False,,False
1099271336,Sun,2014-11-06T01:08:40.000Z,2014-11-06T01:13:36.000Z,G0002,False,,False
1099271640,Sun,2014-11-06T01:13:44.000Z,2014-11-06T01:18:40.000Z,G0002,False,,False
1099271944,Sun,2014-11-06T01:18:48.000Z,2014-11-06T01:23:44.000Z,G0002,False,,False
1099272240,Sun,2014-11-06T01:23:44.000Z,2014-11-06T01:28:40.000Z,G0002,False,,False
1099272544,Sun,2014-11-06T01:28:48.000Z,2014-11-06T01:33:44.000Z,G0002,False,,False
1099272840,Sun,2014-11-06T01:33:44.000Z,2014-11-06T01:38:40.000Z,G0002,False,,False
1099273136,Sun,2014-11-06T01:38:40.000Z,2014-11-06T01:43:36.000Z,G0002,False,,False
1099273440,Sun,2014-11-06T01:43:44.000Z,2014-11-06T01:48:40.000Z,G0002,False,,False
1099273736,Sun,2014-11-06T01:48:40.000Z,2014-11-06T01:53:36.000Z,G0002,False,,False
1099274040,Sun,2014-11-06T01:53:44.000Z,2014-11-06T01:58:40.000Z,G0002,False,,False
1099274344,Sun,2014-11-06T01:58:48.000Z,2014-11-06T02:03:44.000Z,G0002,False,,False
1099278240,Sun,2014-11-06T03:03:44.000Z,2014-11-06T03:08:40.000Z,G0002,False,,False
1099278544,Sun,2014-11-06T03:08:48.000Z,2014-11-06T03:13:44.000Z,G0002,False,,False
1099278840,Sun,2014-11-06T03:13:44.000Z,2014-11-06T03:18:40.000Z,G0002,False,,False
1099279144,Sun,2014-11-06T03:18:48.000Z,2014-11-06T03:23:44.000Z,G0002,False,,False
1099279440,Sun,2014-11-06T03:23:44.000Z,2014-11-06T03:28:40.000Z,G0002,False,,False
1099279744,Sun,2014-11-06T03:28:48.000Z,2014-11-06T03:33:44.000Z,G0002,False,,False
1099280040,Sun,2014-11-06T03:33:44.000Z,2014-11-06T03:38:40.000Z,G0002,False,,False
1099280344,Sun,2014-11-06T03:38:48.000Z,2014-11-06T03:43:44.000Z,G0002,False,,False
1099280640,Sun,2014-11-06T03:43:44.000Z,2014-11-06T03:48:40.000Z,G0002,False,,False
1099280936,Sun,2014-11-06T03:48:40.000Z,2014-11-06T03:53:36.000Z,G0002,False,,False
1099281240,Sun,2014-11-06T03:53:44.000Z,2014-11-06T03:58:40.000Z,G0002,False,,False
1099281544,Sun,2014-11-06T03:58:48.000Z,2014-11-06T04:03:44.000Z,G0002,False,,False
1099289040,Sun,2014-11-06T06:03:44.000Z,2014-11-06T06:08:40.000Z,G0002,False,,False
1099289344,Sun,2014-11-06T06:08:48.000Z,2014-11-06T06:13:44.000Z,G0002,False,,False
1099289640,Sun,2014-11-06T06:13:44.000Z,2014-11-06T06:18:40.000Z,G0002,False,,False
1099289944,Sun,2014-11-06T06:18:48.000Z,2014-11-06T06:23:44.000Z,G0002,False,,False
1099290240,Sun,2014-11-06T06:23:44.000Z,2014-11-06T06:28:40.000Z,G0002,False,,False
1099290544,Sun,2014-11-06T06:28:48.000Z,2014-11-06T06:33:44.000Z,G0002,False,,False
1099290840,Sun,2014-11-06T06:33:44.000Z,2014-11-06T06:38:40.000Z,G0002,False,,False
1099291136,Sun,2014-11-06T06:38:40.000Z,2014-11-06T06:43:36.000Z,G0002,False,,False
1099291440,Sun,2014-11-06T06:43:44.000Z,2014-11-06T06:48:40.000Z,G0002,False,,False
1099291736,Sun,2014-11-06T06:48:40.000Z,2014-11-06T06:53:36.000Z,G0002,False,,False
1099292040,Sun,2014-11-06T06:53:44.000Z,2014-11-06T06:58:40.000Z,G0002,False,,False
1099292344,HerA,2014-11-06T06:58:48.000Z,2014-11-06T07:00:40.000Z,G0002,True,HerA,False
1099357440,Sun,2014-11-07T01:03:44.000Z,2014-11-07T01:08:40.000Z,G0002,False,,False
1099357744,Sun,2014-11-07T01:08:48.000Z,2014-11-07T01:13:44.000Z,G0002,False,,False
1099358040,Sun,2014-11-07T01:13:44.000Z,2014-11-07T01:18:40.000Z,G0002,False,,False
1099358344,Sun,2014-11-07T01:18:48.000Z,2014-11-07T01:23:44.000Z,G0002,False,,False
1099358640,Sun,2014-11-07T01:23:44.000Z,2014-11-07T01:28:40.000Z,G0002,False,,False
1099358944,Sun,2014-11-07T01:28:48.000Z,2014-11-07T01:33:44.000Z,G0002,False,,False
1099359240,Sun,2014-11-07T01:33:44.000Z,2014-11-07T01:38:40.000Z,G0002,False,,False
1099359544,Sun,2014-11-07T01:38:48.000Z,2014-11-07T01:43:44.000Z,G0002,False,,False
1099359840,Sun,2014-11-07T01:43:44.000Z,2014-11-07T01:48:40.000Z,G0002,False,,False
1099360144,Sun,2014-11-07T01:48:48.000Z,2014-11-07T01:53:44.000Z,G0002,False,,False
1099360440,Sun,2014-11-07T01:53:44.000Z,2014-11-07T01:58:40.000Z,G0002,False,,False
1099360744,Sun,2014-11-07T01:58:48.000Z,2014-11-07T02:03:44.000Z,G0002,False,,False
1099364640,Sun,2014-11-07T03:03:44.000Z,2014-11-07T03:08:40.000Z,G0002,False,,False
1099364944,Sun,2014-11-07T03:08:48.000Z,2014-11-07T03:13:44.000Z,G0002,False,,False
1099365240,Sun,2014-11-07T03:13:44.000Z,2014-11-07T03:18:40.000Z,G0002,False,,False
1099365544,Sun,2014-11-07T03:18:48.000Z,2014-11-07T03:23:44.000Z,G0002,False,,False
1099365840,Sun,2014-11-07T03:23:44.000Z,2014-11-07T03:28:40.000Z,G0002,False,,False
1099366144,Sun,2014-11-07T03:28:48.000Z,2014-11-07T03:33:44.000Z,G0002,False,,False
1099366440,Sun,2014-11-07T03:33:44.000Z,2014-11-07T03:38:40.000Z,G0002,False,,False
1099366744,Sun,2014-11-07T03:38:48.000Z,2014-11-07T03:43:44.000Z,G0002,False,,False
1099367040,Sun,2014-11-07T03:43:44.000Z,2014-11-07T03:48:40.000Z,G0002,False,,False
1099367344,Sun,2014-11-07T03:48:48.000Z,2014-11-07T03:53:44.000Z,G0002,False,,False
1099367640,Sun,2014-11-07T03:53:44.000Z,2014-11-07T03:58:40.000Z,G0002,False,,False
1099367944,Sun,2014-11-07T03:58:48.000Z,2014-11-07T04:03:44.000Z,G0002,False,,False
1099375440,Sun,2014-11-07T06:03:44.000Z,2014-11-07T06:08:40.000Z,G0002,False,,False
1099375744,Sun,2014-11-07T06:08:48.000Z,2014-11-07T06:13:44.000Z,G0002,False,,False
1099376040,Sun,2014-11-07T06:13:44.000Z,2014-11-07T06:18:40.000Z,G0002,False,,False
1099376344,Sun,2014-11-07T06:18:48.000Z,2014-11-07T06:23:44.000Z,G0002,False,,False
1099376640,Sun,2014-11-07T06:23:44.000Z,2014-11-07T06:28:40.000Z,G0002,False,,False
1099376944,Sun,2014-11-07T06:28:48.000Z,2014-11-07T06:33:44.000Z,G0002,False,,False
1099377240,Sun,2014-11-07T06:33:44.000Z,2014-11-07T06:38:40.000Z,G0002,False,,False
1099377544,Sun,2014-11-07T06:38:48.000Z,2014-11-07T06:43:44.000Z,G0002,False,,False
1099377840,Sun,2014-11-07T06:43:44.000Z,2014-11-07T06:48:40.000Z,G0002,False,,False
1099378144,Sun,2014-11-07T06:48:48.000Z,2014-11-07T06:53:44.000Z,G0002,False,,False
1099378440,Sun,2014-11-07T06:53:44.000Z,2014-11-07T06:58:40.000Z,G0002,False,,False
1099378744,HerA,2014-11-07T06:58:48.000Z,2014-11-07T07:00:40.000Z,G0002,True,HerA,False
1099443848,Sun,2014-11-08T01:03:52.000Z,2014-11-08T01:08:48.000Z,G0002,False,,False
1099444144,Sun,2014-11-08T01:08:48.000Z,2014-11-08T01:13:44.000Z,G0002,False,,False
1099444448,Sun,2014-11-08T01:13:52.000Z,2014-11-08T01:18:48.000Z,G0002,False,,False
1099444744,Sun,2014-11-08T01:18:48.000Z,2014-11-08T01:23:44.000Z,G0002,False,,False
1099445048,Sun,2014-11-08T01:23:52.000Z,2014-11-08T01:28:48.000Z,G0002,False,,False
1099445344,Sun,2014-11-08T01:28:48.000Z,2014-11-08T01:33:44.000Z,G0002,False,,False
1099445648,Sun,2014-11-08T01:33:52.000Z,2014-11-08T01:38:48.000Z,G0002,False,,False
1099445944,Sun,2014-11-08T01:38:48.000Z,2014-11-08T01:43:44.000Z,G0002,False,,False
1099446248,Sun,2014-11-08T01:43:52.000Z,2014-11-08T01:48:48.000Z,G0002,False,,False
1099446544,Sun,2014-11-08T01:48:48.000Z,2014-11-08T01:53:44.000Z,G0002,False,,False
1099446848,Sun,2014-11-08T01:53:52.000Z,2014-11-08T01:58:48.000Z,G0002,False,,False
1099447144,Sun,2014-11-08T01:58:48.000Z,2014-11-08T02:03:44.000Z,G0002,False,,False
1099451048,Sun,2014-11-08T03:03:52.000Z,2014-11-08T03:08:48.000Z,G0002,False,,False
1099451344,Sun,2014-11-08T03:08:48.000Z,2014-11-08T03:13:44.000Z,G0002,False,,False
1099451648,Sun,2014-11-08T03:13:52.000Z,2014-11-08T03:18:48.000Z,G0002,False,,False
1099451944,Sun,2014-11-08T03:18:48.000Z,2014-11-08T03:23:44.000Z,G0002,False,,False
1099452248,Sun,2014-11-08T03:23:52.000Z,2014-11-08T03:28:48.000Z,G0002,False,,False
1099452544,Sun,2014-11-08T03:28:48.000Z,2014-11-08T03:33:44.000Z,G0002,False,,False
1099452848,Sun,2014-11-08T03:33:52.000Z,2014-11-08T03:38:48.000Z,G0002,False,,False
1099453144,Sun,2014-11-08T03:38:48.000Z,2014-11-08T03:43:44.000Z,G0002,False,,False
1099453448,Sun,2014-11-08T03:43:52.000Z,2014-11-08T03:48:48.000Z,G0002,False,,False
1099453744,Sun,2014-11-08T03:48:48.000Z,2014-11-08T03:53:44.000Z,G0002,False,,False
1099454048,Sun,2014-11-08T03:53:52.000Z,2014-11-08T03:58:48.000Z,G0002,False,,False
1099454344,Sun,2014-11-08T03:58:48.000Z,2014-11-08T04:03:44.000Z,G0002,False,,False
1099461848,Sun,2014-11-08T06:03:52.000Z,2014-11-08T06:08:48.000Z,G0002,False,,False
1099462144,Sun,2014-11-08T06:08:48.000Z,2014-11-08T06:13:44.000Z,G0002,False,,False
1099462448,Sun,2014-11-08T06:13:52.000Z,2014-11-08T06:18:48.000Z,G0002,False,,False
1099462744,Sun,2014-11-08T06:18:48.000Z,2014-11-08T06:23:44.000Z,G0002,False,,False
1099463048,Sun,2014-11-08T06:23:52.000Z,2014-11-08T06:28:48.000Z,G0002,False,,False
1099463344,Sun,2014-11-08T06:28:48.000Z,2014-11-08T06:33:44.000Z,G0002,False,,False
1099463648,Sun,2014-11-08T06:33:52.000Z,2014-11-08T06:38:48.000Z,G0002,False,,False
1099463944,Sun,2014-11-08T06:38:48.000Z,2014-11-08T06:43:44.000Z,G0002,False,,False
1099464248,Sun,2014-11-08T06:43:52.000Z,2014-11-08T06:48:48.000Z,G0002,False,,False
1099464544,Sun,2014-11-08T06:48:48.000Z,2014-11-08T06:53:44.000Z,G0002,False,,False
1099464848,Sun,2014-11-08T06:53:52.000Z,2014-11-08T06:58:48.000Z,G0002,False,,False
1099465144,HerA,2014-11-08T06:58:48.000Z,2014-11-08T07:00:40.000Z,G0002,True,HerA,False
1099537216,Sun_track,2014-11-09T03:00:00.000Z,2014-11-09T03:29:52.000Z,G0002,False,,False
1099539016,Sun_track,2014-11-09T03:30:00.000Z,2014-11-09T03:59:52.000Z,G0002,False,,False
1099548016,Sun_track,2014-11-09T06:00:00.000Z,2014-11-09T06:29:52.000Z,G0002,False,,False
1099549816,Sun_track,2014-11-09T06:30:00.000Z,2014-11-09T06:59:52.000Z,G0002,False,,False
1099616656,Sun,2014-11-10T01:04:00.000Z,2014-11-10T01:08:56.000Z,G0002,False,,False
1099616952,Sun,2014-11-10T01:08:56.000Z,2014-11-10T01:13:52.000Z,G0002,False,,False
1099617256,Sun,2014-11-10T01:14:00.000Z,2014-11-10T01:18:56.000Z,G0002,False,,False
1099617552,Sun,2014-11-10T01:18:56.000Z,2014-11-10T01:23:52.000Z,G0002,False,,False
1099617856,Sun,2014-11-10T01:24:00.000Z,2014-11-10T01:28:56.000Z,G0002,False,,False
1099618152,Sun,2014-11-10T01:28:56.000Z,2014-11-10T01:33:52.000Z,G0002,False,,False
1099618456,Sun,2014-11-10T01:34:00.000Z,2014-11-10T01:38:56.000Z,G0002,False,,False
1099618752,Sun,2014-11-10T01:38:56.000Z,2014-11-10T01:43:52.000Z,G0002,False,,False
1099619056,Sun,2014-11-10T01:44:00.000Z,2014-11-10T01:48:56.000Z,G0002,False,,False
1099619352,Sun,2014-11-10T01:48:56.000Z,2014-11-10T01:53:52.000Z,G0002,False,,False
1099619656,Sun,2014-11-10T01:54:00.000Z,2014-11-10T01:58:56.000Z,G0002,False,,False
1099619952,Sun,2014-11-10T01:58:56.000Z,2014-11-10T02:03:52.000Z,G0002,False,,False
1099623856,Sun,2014-11-10T03:04:00.000Z,2014-11-10T03:08:56.000Z,G0002,False,,False
1099624152,Sun,2014-11-10T03:08:56.000Z,2014-11-10T03:13:52.000Z,G0002,False,,False
1099624456,Sun,2014-11-10T03:14:00.000Z,2014-11-10T03:18:56.000Z,G0002,False,,False
1099624752,Sun,2014-11-10T03:18:56.000Z,2014-11-10T03:23:52.000Z,G0002,False,,False
1099625056,Sun,2014-11-10T03:24:00.000Z,2014-11-10T03:28:56.000Z,G0002,False,,False
1099625352,Sun,2014-11-10T03:28:56.000Z,2014-11-10T03:33:52.000Z,G0002,False,,False
1099625656,Sun,2014-11-10T03:34:00.000Z,2014-11-10T03:38:56.000Z,G0002,False,,False
1099625952,Sun,2014-11-10T03:38:56.000Z,2014-11-10T03:43:52.000Z,G0002,False,,False
1099626256,Sun,2014-11-10T03:44:00.000Z,2014-11-10T03:48:56.000Z,G0002,False,,False
1099626552,Sun,2014-11-10T03:48:56.000Z,2014-11-10T03:53:52.000Z,G0002,False,,False
1099626856,Sun,2014-11-10T03:54:00.000Z,2014-11-10T03:58:56.000Z,G0002,False,,False
1099627152,Sun,2014-11-10T03:58:56.000Z,2014-11-10T04:03:52.000Z,G0002,False,,False
1099634656,Sun,2014-11-10T06:04:00.000Z,2014-11-10T06:08:56.000Z,G0002,False,,False
1099634952,Sun,2014-11-10T06:08:56.000Z,2014-11-10T06:13:52.000Z,G0002,False,,False
1099635256,Sun,2014-11-10T06:14:00.000Z,2014-11-10T06:18:56.000Z,G0002,False,,False
1099635552,Sun,2014-11-10T06:18:56.000Z,2014-11-10T06:23:52.000Z,G0002,False,,False
1099635856,Sun,2014-11-10T06:24:00.000Z,2014-11-10T06:28:56.000Z,G0002,False,,False
1099636152,Sun,2014-11-10T06:28:56.000Z,2014-11-10T06:33:52.000Z,G0002,False,,False
1099636456,Sun,2014-11-10T06:34:00.000Z,2014-11-10T06:38:56.000Z,G0002,False,,False
1099636752,Sun,2014-11-10T06:38:56.000Z,2014-11-10T06:43:52.000Z,G0002,False,,False
1099637056,Sun,2014-11-10T06:44:00.000Z,2014-11-10T06:48:56.000Z,G0002,False,,False
1099637352,Sun,2014-11-10T06:48:56.000Z,2014-11-10T06:53:52.000Z,G0002,False,,False
1099637656,Sun,2014-11-10T06:54:00.000Z,2014-11-10T06:58:56.000Z,G0002,False,,False
1099637952,HerA,2014-11-10T06:58:56.000Z,2014-11-10T07:00:48.000Z,G0002,True,HerA,False
1099703064,Sun,2014-11-11T01:04:08.000Z,2014-11-11T01:09:04.000Z,G0002,False,,False
1099703360,Sun,2014-11-11T01:09:04.000Z,2014-11-11T01:14:00.000Z,G0002,False,,False
1099703664,Sun,2014-11-11T01:14:08.000Z,2014-11-11T01:19:04.000Z,G0002,False,,False
1099703960,Sun,2014-11-11T01:19:04.000Z,2014-11-11T01:24:00.000Z,G0002,False,,False
1099704264,Sun,2014-11-11T01:24:08.000Z,2014-11-11T01:29:04.000Z,G0002,False,,False
1099704560,Sun,2014-11-11T01:29:04.000Z,2014-11-11T01:34:00.000Z,G0002,False,,False
1099704864,Sun,2014-11-11T01:34:08.000Z,2014-11-11T01:39:04.000Z,G0002,False,,False
1099705160,Sun,2014-11-11T01:39:04.000Z,2014-11-11T01:44:00.000Z,G0002,False,,False
1099705464,Sun,2014-11-11T01:44:08.000Z,2014-11-11T01:49:04.000Z,G0002,False,,False
1099705760,Sun,2014-11-11T01:49:04.000Z,2014-11-11T01:54:00.000Z,G0002,False,,False
1099706064,Sun,2014-11-11T01:54:08.000Z,2014-11-11T01:59:04.000Z,G0002,False,,False
1099706360,Sun,2014-11-11T01:59:04.000Z,2014-11-11T02:04:00.000Z,G0002,False,,False
1099710264,Sun,2014-11-11T03:04:08.000Z,2014-11-11T03:09:04.000Z,G0002,False,,False
1099710560,Sun,2014-11-11T03:09:04.000Z,2014-11-11T03:14:00.000Z,G0002,False,,False
1099710864,Sun,2014-11-11T03:14:08.000Z,2014-11-11T03:19:04.000Z,G0002,False,,False
1099711160,Sun,2014-11-11T03:19:04.000Z,2014-11-11T03:24:00.000Z,G0002,False,,False
1099711464,Sun,2014-11-11T03:24:08.000Z,2014-11-11T03:29:04.000Z,G0002,False,,False
1099711760,Sun,2014-11-11T03:29:04.000Z,2014-11-11T03:34:00.000Z,G0002,False,,False
1099712064,Sun,2014-11-11T03:34:08.000Z,2014-11-11T03:39:04.000Z,G0002,False,,False
1099712360,Sun,2014-11-11T03:39:04.000Z,2014-11-11T03:44:00.000Z,G0002,False,,False
1099712664,Sun,2014-11-11T03:44:08.000Z,2014-11-11T03:49:04.000Z,G0002,False,,False
1099712960,Sun,2014-11-11T03:49:04.000Z,2014-11-11T03:54:00.000Z,G0002,False,,False
1099713264,Sun,2014-11-11T03:54:08.000Z,2014-11-11T03:59:04.000Z,G0002,False,,False
1099713560,Sun,2014-11-11T03:59:04.000Z,2014-11-11T04:04:00.000Z,G0002,False,,False
1099721064,Sun,2014-11-11T06:04:08.000Z,2014-11-11T06:09:04.000Z,G0002,False,,False
1099721360,Sun,2014-11-11T06:09:04.000Z,2014-11-11T06:14:00.000Z,G0002,False,,False
1099721664,Sun,2014-11-11T06:14:08.000Z,2014-11-11T06:19:04.000Z,G0002,False,,False
1099721960,Sun,2014-11-11T06:19:04.000Z,2014-11-11T06:24:00.000Z,G0002,False,,False
1099722264,Sun,2014-11-11T06:24:08.000Z,2014-11-11T06:29:04.000Z,G0002,False,,False
1099722560,Sun,2014-11-11T06:29:04.000Z,2014-11-11T06:34:00.000Z,G0002,False,,False
1099722864,Sun,2014-11-11T06:34:08.000Z,2014-11-11T06:39:04.000Z,G0002,False,,False
1099723160,Sun,2014-11-11T06:39:04.000Z,2014-11-11T06:44:00.000Z,G0002,False,,False
1099723464,Sun,2014-11-11T06:44:08.000Z,2014-11-11T06:49:04.000Z,G0002,False,,False
1099723760,Sun,2014-11-11T06:49:04.000Z,2014-11-11T06:54:00.000Z,G0002,False,,False
1099724064,Sun,2014-11-11T06:54:08.000Z,2014-11-11T06:59:04.000Z,G0002,False,,False
1099724360,HerA,2014-11-11T06:59:04.000Z,2014-11-11T07:00:56.000Z,G0002,True,HerA,False
1099789464,Sun,2014-11-12T01:04:08.000Z,2014-11-12T01:09:04.000Z,G0002,False,,False
1099789768,Sun,2014-11-12T01:09:12.000Z,2014-11-12T01:14:08.000Z,G0002,False,,False
1099790072,Sun,2014-11-12T01:14:16.000Z,2014-11-12T01:19:12.000Z,G0002,False,,False
1099790368,Sun,2014-11-12T01:19:12.000Z,2014-11-12T01:24:08.000Z,G0002,False,,False
1099790664,Sun,2014-11-12T01:24:08.000Z,2014-11-12T01:29:04.000Z,G0002,False,,False
1099790968,Sun,2014-11-12T01:29:12.000Z,2014-11-12T01:34:08.000Z,G0002,False,,False
1099791264,Sun,2014-11-12T01:34:08.000Z,2014-11-12T01:39:04.000Z,G0002,False,,False
1099791568,Sun,2014-11-12T01:39:12.000Z,2014-11-12T01:44:08.000Z,G0002,False,,False
1099791872,Sun,2014-11-12T01:44:16.000Z,2014-11-12T01:49:12.000Z,G0002,False,,False
1099792168,Sun,2014-11-12T01:49:12.000Z,2014-11-12T01:54:08.000Z,G0002,False,,False
1099792464,Sun,2014-11-12T01:54:08.000Z,2014-11-12T01:59:04.000Z,G0002,False,,False
1099792768,Sun,2014-11-12T01:59:12.000Z,2014-11-12T02:04:08.000Z,G0002,False,,False
1099796672,Sun,2014-11-12T03:04:16.000Z,2014-11-12T03:09:12.000Z,G0002,False,,False
1099796968,Sun,2014-11-12T03:09:12.000Z,2014-11-12T03:14:08.000Z,G0002,False,,False
1099797272,Sun,2014-11-12T03:14:16.000Z,2014-11-12T03:19:12.000Z,G0002,False,,False
1099797568,Sun,2014-11-12T03:19:12.000Z,2014-11-12T03:24:08.000Z,G0002,False,,False
1099797872,Sun,2014-11-12T03:24:16.000Z,2014-11-12T03:29:12.000Z,G0002,False,,False
1099798168,Sun,2014-11-12T03:29:12.000Z,2014-11-12T03:34:08.000Z,G0002,False,,False
1099798464,Sun,2014-11-12T03:34:08.000Z,2014-11-12T03:39:04.000Z,G0002,False,,False
1099798768,Sun,2014-11-12T03:39:12.000Z,2014-11-12T03:44:08.000Z,G0002,False,,False
1099799072,Sun,2014-11-12T03:44:16.000Z,2014-11-12T03:49:12.000Z,G0002,False,,False
1099799368,Sun,2014-11-12T03:49:12.000Z,2014-11-12T03:54:08.000Z,G0002,False,,False
1099799672,Sun,2014-11-12T03:54:16.000Z,2014-11-12T03:59:12.000Z,G0002,False,,False
1099799968,Sun,2014-11-12T03:59:12.000Z,2014-11-12T04:04:08.000Z,G0002,False,,False
1099807464,Sun,2014-11-12T06:04:08.000Z,2014-11-12T06:09:04.000Z,G0002,False,,False
1099807768,Sun,2014-11-12T06:09:12.000Z,2014-11-12T06:14:08.000Z,G0002,False,,False
1099808064,Sun,2014-11-12T06:14:08.000Z,2014-11-12T06:19:04.000Z,G0002,False,,False
1099808368,Sun,2014-11-12T06:19:12.000Z,2014-11-12T06:24:08.000Z,G0002,False,,False
1099808672,Sun,2014-11-12T06:24:16.000Z,2014-11-12T06:29:12.000Z,G0002,False,,False
1099808968,Sun,2014-11-12T06:29:12.000Z,2014-11-12T06:34:08.000Z,G0002,False,,False
1099809264,Sun,2014-11-12T06:34:08.000Z,2014-11-12T06:39:04.000Z,G0002,False,,False
1099809568,Sun,2014-11-12T06:39:12.000Z,2014-11-12T06:44:08.000Z,G0002,False,,False
1099809864,Sun,2014-11-12T06:44:08.000Z,2014-11-12T06:49:04.000Z,G0002,False,,False
1099810168,Sun,2014-11-12T06:49:12.000Z,2014-11-12T06:54:08.000Z,G0002,False,,False
1099810472,Sun,2014-11-12T06:54:16.000Z,2014-11-12T06:59:12.000Z,G0002,False,,False
1099810768,HerA,2014-11-12T06:59:12.000Z,2014-11-12T07:01:04.000Z,G0002,True,HerA,False
1099875872,Sun,2014-11-13T01:04:16.000Z,2014-11-13T01:09:12.000Z,G0002,False,,False
1099876176,Sun,2014-11-13T01:09:20.000Z,2014-11-13T01:14:16.000Z,G0002,False,,False
1099876472,Sun,2014-11-13T01:14:16.000Z,2014-11-13T01:19:12.000Z,G0002,False,,False
1099876776,Sun,2014-11-13T01:19:20.000Z,2014-11-13T01:24:16.000Z,G0002,False,,False
1099877072,Sun,2014-11-13T01:24:16.000Z,2014-11-13T01:29:12.000Z,G0002,False,,False
1099877376,Sun,2014-11-13T01:29:20.000Z,2014-11-13T01:34:16.000Z,G0002,False,,False
1099877672,Sun,2014-11-13T01:34:16.000Z,2014-11-13T01:39:12.000Z,G0002,False,,False
1099877976,Sun,2014-11-13T01:39:20.000Z,2014-11-13T01:44:16.000Z,G0002,False,,False
1099878272,Sun,2014-11-13T01:44:16.000Z,2014-11-13T01:49:12.000Z,G0002,False,,False
1099878576,Sun,2014-11-13T01:49:20.000Z,2014-11-13T01:54:16.000Z,G0002,False,,False
1099878872,Sun,2014-11-13T01:54:16.000Z,2014-11-13T01:59:12.000Z,G0002,False,,False
1099879176,Sun,2014-11-13T01:59:20.000Z,2014-11-13T02:04:16.000Z,G0002,False,,False
1099883072,Sun,2014-11-13T03:04:16.000Z,2014-11-13T03:09:12.000Z,G0002,False,,False
1099883376,Sun,2014-11-13T03:09:20.000Z,2014-11-13T03:14:16.000Z,G0002,False,,False
1099883672,Sun,2014-11-13T03:14:16.000Z,2014-11-13T03:19:12.000Z,G0002,False,,False
1099883976,Sun,2014-11-13T03:19:20.000Z,2014-11-13T03:24:16.000Z,G0002,False,,False
1099884272,Sun,2014-11-13T03:24:16.000Z,2014-11-13T03:29:12.000Z,G0002,False,,False
1099884576,Sun,2014-11-13T03:29:20.000Z,2014-11-13T03:34:16.000Z,G0002,False,,False
1099884872,Sun,2014-11-13T03:34:16.000Z,2014-11-13T03:39:12.000Z,G0002,False,,False
1099885176,Sun,2014-11-13T03:39:20.000Z,2014-11-13T03:44:16.000Z,G0002,False,,False
1099885472,Sun,2014-11-13T03:44:16.000Z,2014-11-13T03:49:12.000Z,G0002,False,,False
1099885776,Sun,2014-11-13T03:49:20.000Z,2014-11-13T03:54:16.000Z,G0002,False,,False
1099886072,Sun,2014-11-13T03:54:16.000Z,2014-11-13T03:59:12.000Z,G0002,False,,False
1099886376,Sun,2014-11-13T03:59:20.000Z,2014-11-13T04:04:16.000Z,G0002,False,,False
1099893872,Sun,2014-11-13T06:04:16.000Z,2014-11-13T06:09:12.000Z,G0002,False,,False
1099894176,Sun,2014-11-13T06:09:20.000Z,2014-11-13T06:14:16.000Z,G0002,False,,False
1099894472,Sun,2014-11-13T06:14:16.000Z,2014-11-13T06:19:12.000Z,G0002,False,,False
1099894776,Sun,2014-11-13T06:19:20.000Z,2014-11-13T06:24:16.000Z,G0002,False,,False
1099895072,Sun,2014-11-13T06:24:16.000Z,2014-11-13T06:29:12.000Z,G0002,False,,False
1099895376,Sun,2014-11-13T06:29:20.000Z,2014-11-13T06:34:16.000Z,G0002,False,,False
1099895672,Sun,2014-11-13T06:34:16.000Z,2014-11-13T06:39:12.000Z,G0002,False,,False
1099895976,Sun,2014-11-13T06:39:20.000Z,2014-11-13T06:44:16.000Z,G0002,False,,False
1099896272,Sun,2014-11-13T06:44:16.000Z,2014-11-13T06:49:12.000Z,G0002,False,,False
1099896576,Sun,2014-11-13T06:49:20.000Z,2014-11-13T06:54:16.000Z,G0002,False,,False
1099896872,Sun,2014-11-13T06:54:16.000Z,2014-11-13T06:59:12.000Z,G0002,False,,False
1099897176,HerA,2014-11-13T06:59:20.000Z,2014-11-13T07:01:12.000Z,G0002,True,HerA,False
1099962280,Sun,2014-11-14T01:04:24.000Z,2014-11-14T01:09:20.000Z,G0002,False,,False
1099962584,Sun,2014-11-14T01:09:28.000Z,2014-11-14T01:14:24.000Z,G0002,False,,False
1099962888,Sun,2014-11-14T01:14:32.000Z,2014-11-14T01:19:28.000Z,G0002,False,,False
1099963184,Sun,2014-11-14T01:19:28.000Z,2014-11-14T01:24:24.000Z,G0002,False,,False
1099963480,Sun,2014-11-14T01:24:24.000Z,2014-11-14T01:29:20.000Z,G0002,False,,False
1099963784,Sun,2014-11-14T01:29:28.000Z,2014-11-14T01:34:24.000Z,G0002,False,,False
1099964088,Sun,2014-11-14T01:34:32.000Z,2014-11-14T01:39:28.000Z,G0002,False,,False
1099964384,Sun,2014-11-14T01:39:28.000Z,2014-11-14T01:44:24.000Z,G0002,False,,False
1099964688,Sun,2014-11-14T01:44:32.000Z,2014-11-14T01:49:28.000Z,G0002,False,,False
1099964984,Sun,2014-11-14T01:49:28.000Z,2014-11-14T01:54:24.000Z,G0002,False,,False
1099965280,Sun,2014-11-14T01:54:24.000Z,2014-11-14T01:59:20.000Z,G0002,False,,False
1099965584,Sun,2014-11-14T01:59:28.000Z,2014-11-14T02:04:24.000Z,G0002,False,,False
1099969488,Sun,2014-11-14T03:04:32.000Z,2014-11-14T03:09:28.000Z,G0002,False,,False
1099969784,Sun,2014-11-14T03:09:28.000Z,2014-11-14T03:14:24.000Z,G0002,False,,False
1099970088,Sun,2014-11-14T03:14:32.000Z,2014-11-14T03:19:28.000Z,G0002,False,,False
1099970384,Sun,2014-11-14T03:19:28.000Z,2014-11-14T03:24:24.000Z,G0002,False,,False
1099970680,Sun,2014-11-14T03:24:24.000Z,2014-11-14T03:29:20.000Z,G0002,False,,False
1099970984,Sun,2014-11-14T03:29:28.000Z,2014-11-14T03:34:24.000Z,G0002,False,,False
1099971280,Sun,2014-11-14T03:34:24.000Z,2014-11-14T03:39:20.000Z,G0002,False,,False
1099971584,Sun,2014-11-14T03:39:28.000Z,2014-11-14T03:44:24.000Z,G0002,False,,False
1099971888,Sun,2014-11-14T03:44:32.000Z,2014-11-14T03:49:28.000Z,G0002,False,,False
1099972184,Sun,2014-11-14T03:49:28.000Z,2014-11-14T03:54:24.000Z,G0002,False,,False
1099972480,Sun,2014-11-14T03:54:24.000Z,2014-11-14T03:59:20.000Z,G0002,False,,False
1099972784,Sun,2014-11-14T03:59:28.000Z,2014-11-14T04:04:24.000Z,G0002,False,,False
1099980288,Sun,2014-11-14T06:04:32.000Z,2014-11-14T06:09:28.000Z,G0002,False,,False
1099980584,Sun,2014-11-14T06:09:28.000Z,2014-11-14T06:14:24.000Z,G0002,False,,False
1099980888,Sun,2014-11-14T06:14:32.000Z,2014-11-14T06:19:28.000Z,G0002,False,,False
1099981184,Sun,2014-11-14T06:19:28.000Z,2014-11-14T06:24:24.000Z,G0002,False,,False
1099981488,Sun,2014-11-14T06:24:32.000Z,2014-11-14T06:29:28.000Z,G0002,False,,False
1099981784,Sun,2014-11-14T06:29:28.000Z,2014-11-14T06:34:24.000Z,G0002,False,,False
1099982088,Sun,2014-11-14T06:34:32.000Z,2014-11-14T06:39:28.000Z,G0002,False,,False
1099982384,Sun,2014-11-14T06:39:28.000Z,2014-11-14T06:44:24.000Z,G0002,False,,False
1099982688,Sun,2014-11-14T06:44:32.000Z,2014-11-14T06:49:28.000Z,G0002,False,,False
1099982984,Sun,2014-11-14T06:49:28.000Z,2014-11-14T06:54:24.000Z,G0002,False,,False
1099983288,Sun,2014-11-14T06:54:32.000Z,2014-11-14T06:59:28.000Z,G0002,False,,False
1099983584,HerA,2014-11-14T06:59:28.000Z,2014-11-14T07:01:20.000Z,G0002,True,HerA,False
1100048696,Sun,2014-11-15T01:04:40.000Z,2014-11-15T01:09:36.000Z,G0002,False,,False
1100048992,Sun,2014-11-15T01:09:36.000Z,2014-11-15T01:14:32.000Z,G0002,False,,False
1100049296,Sun,2014-11-15T01:14:40.000Z,2014-11-15T01:19:36.000Z,G0002,False,,False
1100049592,Sun,2014-11-15T01:19:36.000Z,2014-11-15T01:24:32.000Z,G0002,False,,False
1100049896,Sun,2014-11-15T01:24:40.000Z,2014-11-15T01:29:36.000Z,G0002,False,,False
1100050192,Sun,2014-11-15T01:29:36.000Z,2014-11-15T01:34:32.000Z,G0002,False,,False
1100050496,Sun,2014-11-15T01:34:40.000Z,2014-11-15T01:39:36.000Z,G0002,False,,False
1100050792,Sun,2014-11-15T01:39:36.000Z,2014-11-15T01:44:32.000Z,G0002,False,,False
1100051096,Sun,2014-11-15T01:44:40.000Z,2014-11-15T01:49:36.000Z,G0002,False,,False
1100051392,Sun,2014-11-15T01:49:36.000Z,2014-11-15T01:54:32.000Z,G0002,False,,False
1100051696,Sun,2014-11-15T01:54:40.000Z,2014-11-15T01:59:36.000Z,G0002,False,,False
1100051992,Sun,2014-11-15T01:59:36.000Z,2014-11-15T02:04:32.000Z,G0002,False,,False
1100055896,Sun,2014-11-15T03:04:40.000Z,2014-11-15T03:09:36.000Z,G0002,False,,False
1100056192,Sun,2014-11-15T03:09:36.000Z,2014-11-15T03:14:32.000Z,G0002,False,,False
1100056496,Sun,2014-11-15T03:14:40.000Z,2014-11-15T03:19:36.000Z,G0002,False,,False
1100056792,Sun,2014-11-15T03:19:36.000Z,2014-11-15T03:24:32.000Z,G0002,False,,False
1100057096,Sun,2014-11-15T03:24:40.000Z,2014-11-15T03:29:36.000Z,G0002,False,,False
1100057392,Sun,2014-11-15T03:29:36.000Z,2014-11-15T03:34:32.000Z,G0002,False,,False
1100057696,Sun,2014-11-15T03:34:40.000Z,2014-11-15T03:39:36.000Z,G0002,False,,False
1100057992,Sun,2014-11-15T03:39:36.000Z,2014-11-15T03:44:32.000Z,G0002,False,,False
1100058296,Sun,2014-11-15T03:44:40.000Z,2014-11-15T03:49:36.000Z,G0002,False,,False
1100058592,Sun,2014-11-15T03:49:36.000Z,2014-11-15T03:54:32.000Z,G0002,False,,False
1100058896,Sun,2014-11-15T03:54:40.000Z,2014-11-15T03:59:36.000Z,G0002,False,,False
1100059192,Sun,2014-11-15T03:59:36.000Z,2014-11-15T04:04:32.000Z,G0002,False,,False
1100066696,Sun,2014-11-15T06:04:40.000Z,2014-11-15T06:09:36.000Z,G0002,False,,False
1100066992,Sun,2014-11-15T06:09:36.000Z,2014-11-15T06:14:32.000Z,G0002,False,,False
1100067296,Sun,2014-11-15T06:14:40.000Z,2014-11-15T06:19:36.000Z,G0002,False,,False
1100067592,Sun,2014-11-15T06:19:36.000Z,2014-11-15T06:24:32.000Z,G0002,False,,False
1100067896,Sun,2014-11-15T06:24:40.000Z,2014-11-15T06:29:36.000Z,G0002,False,,False
1100068192,Sun,2014-11-15T06:29:36.000Z,2014-11-15T06:34:32.000Z,G0002,False,,False
1100068496,Sun,2014-11-15T06:34:40.000Z,2014-11-15T06:39:36.000Z,G0002,False,,False
1100068792,Sun,2014-11-15T06:39:36.000Z,2014-11-15T06:44:32.000Z,G0002,False,,False
1100069096,Sun,2014-11-15T06:44:40.000Z,2014-11-15T06:49:36.000Z,G0002,False,,False
1100069392,Sun,2014-11-15T06:49:36.000Z,2014-11-15T06:54:32.000Z,G0002,False,,False
1100069696,Sun,2014-11-15T06:54:40.000Z,2014-11-15T06:59:36.000Z,G0002,False,,False
1100069992,HerA,2014-11-15T06:59:36.000Z,2014-11-15T07:01:28.000Z,G0002,True,HerA,False
1100134816,Sun_track,2014-11-16T01:00:00.000Z,2014-11-16T01:29:52.000Z,G0002,False,,False
1100136616,Sun_track,2014-11-16T01:30:00.000Z,2014-11-16T01:59:52.000Z,G0002,False,,False
1100142016,Sun_track,2014-11-16T03:00:00.000Z,2014-11-16T03:29:52.000Z,G0002,False,,False
1100143816,Sun_track,2014-11-16T03:30:00.000Z,2014-11-16T03:59:52.000Z,G0002,False,,False
1100152816,Sun_track,2014-11-16T06:00:00.000Z,2014-11-16T06:29:52.000Z,G0002,False,,False
1100154616,Sun_track,2014-11-16T06:30:00.000Z,2014-11-16T06:59:52.000Z,G0002,False,,False
1100228416,Sun_track,2014-11-17T03:00:00.000Z,2014-11-17T03:29:52.000Z,G0002,False,,False
1100230216,Sun_track,2014-11-17T03:30:00.000Z,2014-11-17T03:59:52.000Z,G0002,False,,False
1100239216,Sun_track,2014-11-17T06:00:00.000Z,2014-11-17T06:29:52.000Z,G0002,False,,False
1100241016,Sun_track,2014-11-17T06:30:00.000Z,2014-11-17T06:59:52.000Z,G0002,False,,False
1100307624,Sun,2014-11-18T01:00:08.000Z,2014-11-18T01:05:04.000Z,G0002,False,,False
1100307928,Sun,2014-11-18T01:05:12.000Z,2014-11-18T01:10:08.000Z,G0002,False,,False
1100308224,Sun,2014-11-18T01:10:08.000Z,2014-11-18T01:15:04.000Z,G0002,False,,False
1100308528,Sun,2014-11-18T01:15:12.000Z,2014-11-18T01:20:08.000Z,G0002,False,,False
1100308824,Sun,2014-11-18T01:20:08.000Z,2014-11-18T01:25:04.000Z,G0002,False,,False
1100309128,Sun,2014-11-18T01:25:12.000Z,2014-11-18T01:30:08.000Z,G0002,False,,False
1100309424,Sun,2014-11-18T01:30:08.000Z,2014-11-18T01:35:04.000Z,G0002,False,,False
1100309728,Sun,2014-11-18T01:35:12.000Z,2014-11-18T01:40:08.000Z,G0002,False,,False
1100310024,Sun,2014-11-18T01:40:08.000Z,2014-11-18T01:45:04.000Z,G0002,False,,False
1100310328,Sun,2014-11-18T01:45:12.000Z,2014-11-18T01:50:08.000Z,G0002,False,,False
1100310624,Sun,2014-11-18T01:50:08.000Z,2014-11-18T01:55:04.000Z,G0002,False,,False
1100310928,Sun,2014-11-18T01:55:12.000Z,2014-11-18T02:00:08.000Z,G0002,False,,False
1100314824,Sun,2014-11-18T03:00:08.000Z,2014-11-18T03:05:04.000Z,G0002,False,,False
1100315128,Sun,2014-11-18T03:05:12.000Z,2014-11-18T03:10:08.000Z,G0002,False,,False
1100315424,Sun,2014-11-18T03:10:08.000Z,2014-11-18T03:15:04.000Z,G0002,False,,False
1100315728,Sun,2014-11-18T03:15:12.000Z,2014-11-18T03:20:08.000Z,G0002,False,,False
1100316024,Sun,2014-11-18T03:20:08.000Z,2014-11-18T03:25:04.000Z,G0002,False,,False
1100316328,Sun,2014-11-18T03:25:12.000Z,2014-11-18T03:30:08.000Z,G0002,False,,False
1100316624,Sun,2014-11-18T03:30:08.000Z,2014-11-18T03:35:04.000Z,G0002,False,,False
1100316928,Sun,2014-11-18T03:35:12.000Z,2014-11-18T03:40:08.000Z,G0002,False,,False
1100317224,Sun,2014-11-18T03:40:08.000Z,2014-11-18T03:45:04.000Z,G0002,False,,False
1100317528,Sun,2014-11-18T03:45:12.000Z,2014-11-18T03:50:08.000Z,G0002,False,,False
1100317824,Sun,2014-11-18T03:50:08.000Z,2014-11-18T03:55:04.000Z,G0002,False,,False
1100318128,Sun,2014-11-18T03:55:12.000Z,2014-11-18T04:00:08.000Z,G0002,False,,False
1100325624,Sun,2014-11-18T06:00:08.000Z,2014-11-18T06:05:04.000Z,G0002,False,,False
1100325928,Sun,2014-11-18T06:05:12.000Z,2014-11-18T06:10:08.000Z,G0002,False,,False
1100326224,Sun,2014-11-18T06:10:08.000Z,2014-11-18T06:15:04.000Z,G0002,False,,False
1100326528,Sun,2014-11-18T06:15:12.000Z,2014-11-18T06:20:08.000Z,G0002,False,,False
1100326824,Sun,2014-11-18T06:20:08.000Z,2014-11-18T06:25:04.000Z,G0002,False,,False
1100327128,Sun,2014-11-18T06:25:12.000Z,2014-11-18T06:30:08.000Z,G0002,False,,False
1100327424,Sun,2014-11-18T06:30:08.000Z,2014-11-18T06:35:04.000Z,G0002,False,,False
1100327728,Sun,2014-11-18T06:35:12.000Z,2014-11-18T06:40:08.000Z,G0002,False,,False
1100328024,Sun,2014-11-18T06:40:08.000Z,2014-11-18T06:45:04.000Z,G0002,False,,False
1100328328,Sun,2014-11-18T06:45:12.000Z,2014-11-18T06:50:08.000Z,G0002,False,,False
1100328624,Sun,2014-11-18T06:50:08.000Z,2014-11-18T06:55:04.000Z,G0002,False,,False
1100328928,Sun,2014-11-18T06:55:12.000Z,2014-11-18T07:00:08.000Z,G0002,False,,False
1100394040,Sun,2014-11-19T01:00:24.000Z,2014-11-19T01:05:20.000Z,G0002,False,,False
1100394336,Sun,2014-11-19T01:05:20.000Z,2014-11-19T01:10:16.000Z,G0002,False,,False
1100394640,Sun,2014-11-19T01:10:24.000Z,2014-11-19T01:15:20.000Z,G0002,False,,False
1100394936,Sun,2014-11-19T01:15:20.000Z,2014-11-19T01:20:16.000Z,G0002,False,,False
1100395240,Sun,2014-11-19T01:20:24.000Z,2014-11-19T01:25:20.000Z,G0002,False,,False
1100395536,Sun,2014-11-19T01:25:20.000Z,2014-11-19T01:30:16.000Z,G0002,False,,False
1100395840,Sun,2014-11-19T01:30:24.000Z,2014-11-19T01:35:20.000Z,G0002,False,,False
1100396136,Sun,2014-11-19T01:35:20.000Z,2014-11-19T01:40:16.000Z,G0002,False,,False
1100396440,Sun,2014-11-19T01:40:24.000Z,2014-11-19T01:45:20.000Z,G0002,False,,False
1100396736,Sun,2014-11-19T01:45:20.000Z,2014-11-19T01:50:16.000Z,G0002,False,,False
1100397040,Sun,2014-11-19T01:50:24.000Z,2014-11-19T01:55:20.000Z,G0002,False,,False
1100397336,Sun,2014-11-19T01:55:20.000Z,2014-11-19T02:00:16.000Z,G0002,False,,False
1100402136,Sun,2014-11-19T03:15:20.000Z,2014-11-19T03:20:16.000Z,G0002,False,,False
1100402440,Sun,2014-11-19T03:20:24.000Z,2014-11-19T03:25:20.000Z,G0002,False,,False
1100402736,Sun,2014-11-19T03:25:20.000Z,2014-11-19T03:30:16.000Z,G0002,False,,False
1100403040,Sun,2014-11-19T03:30:24.000Z,2014-11-19T03:35:20.000Z,G0002,False,,False
1100403336,Sun,2014-11-19T03:35:20.000Z,2014-11-19T03:40:16.000Z,G0002,False,,False
1100403640,Sun,2014-11-19T03:40:24.000Z,2014-11-19T03:45:20.000Z,G0002,False,,False
1100412040,Sun,2014-11-19T06:00:24.000Z,2014-11-19T06:05:20.000Z,G0002,False,,False
1100412336,Sun,2014-11-19T06:05:20.000Z,2014-11-19T06:10:16.000Z,G0002,False,,False
1100412640,Sun,2014-11-19T06:10:24.000Z,2014-11-19T06:15:20.000Z,G0002,False,,False
1100412936,Sun,2014-11-19T06:15:20.000Z,2014-11-19T06:20:16.000Z,G0002,False,,False
1100413240,Sun,2014-11-19T06:20:24.000Z,2014-11-19T06:25:20.000Z,G0002,False,,False
1100413536,Sun,2014-11-19T06:25:20.000Z,2014-11-19T06:30:16.000Z,G0002,False,,False
1100413840,Sun,2014-11-19T06:30:24.000Z,2014-11-19T06:35:20.000Z,G0002,False,,False
1100414136,Sun,2014-11-19T06:35:20.000Z,2014-11-19T06:40:16.000Z,G0002,False,,False
1100414440,Sun,2014-11-19T06:40:24.000Z,2014-11-19T06:45:20.000Z,G0002,False,,False
1100414736,Sun,2014-11-19T06:45:20.000Z,2014-11-19T06:50:16.000Z,G0002,False,,False
1100415040,Sun,2014-11-19T06:50:24.000Z,2014-11-19T06:55:20.000Z,G0002,False,,False
1100415336,Sun,2014-11-19T06:55:20.000Z,2014-11-19T07:00:16.000Z,G0002,False,,False
1100480456,Sun,2014-11-20T01:00:40.000Z,2014-11-20T01:05:36.000Z,G0002,False,,False
1100480752,Sun,2014-11-20T01:05:36.000Z,2014-11-20T01:10:32.000Z,G0002,False,,False
1100481056,Sun,2014-11-20T01:10:40.000Z,2014-11-20T01:15:36.000Z,G0002,False,,False
1100481352,Sun,2014-11-20T01:15:36.000Z,2014-11-20T01:20:32.000Z,G0002,False,,False
1100481648,Sun,2014-11-20T01:20:32.000Z,2014-11-20T01:25:28.000Z,G0002,False,,False
1100481952,Sun,2014-11-20T01:25:36.000Z,2014-11-20T01:30:32.000Z,G0002,False,,False
1100482256,Sun,2014-11-20T01:30:40.000Z,2014-11-20T01:35:36.000Z,G0002,False,,False
1100482552,Sun,2014-11-20T01:35:36.000Z,2014-11-20T01:40:32.000Z,G0002,False,,False
1100482848,Sun,2014-11-20T01:40:32.000Z,2014-11-20T01:45:28.000Z,G0002,False,,False
1100483152,Sun,2014-11-20T01:45:36.000Z,2014-11-20T01:50:32.000Z,G0002,False,,False
1100483456,Sun,2014-11-20T01:50:40.000Z,2014-11-20T01:55:36.000Z,G0002,False,,False
1100483752,Sun,2014-11-20T01:55:36.000Z,2014-11-20T02:00:32.000Z,G0002,False,,False
1100487648,Sun,2014-11-20T03:00:32.000Z,2014-11-20T03:05:28.000Z,G0002,False,,False
1100487952,Sun,2014-11-20T03:05:36.000Z,2014-11-20T03:10:32.000Z,G0002,False,,False
1100488248,Sun,2014-11-20T03:10:32.000Z,2014-11-20T03:15:28.000Z,G0002,False,,False
1100488552,Sun,2014-11-20T03:15:36.000Z,2014-11-20T03:20:32.000Z,G0002,False,,False
1100488848,Sun,2014-11-20T03:20:32.000Z,2014-11-20T03:25:28.000Z,G0002,False,,False
1100489152,Sun,2014-11-20T03:25:36.000Z,2014-11-20T03:30:32.000Z,G0002,False,,False
1100489448,Sun,2014-11-20T03:30:32.000Z,2014-11-20T03:35:28.000Z,G0002,False,,False
1100489752,Sun,2014-11-20T03:35:36.000Z,2014-11-20T03:40:32.000Z,G0002,False,,False
1100490048,Sun,2014-11-20T03:40:32.000Z,2014-11-20T03:45:28.000Z,G0002,False,,False
1100490352,Sun,2014-11-20T03:45:36.000Z,2014-11-20T03:50:32.000Z,G0002,False,,False
1100490648,Sun,2014-11-20T03:50:32.000Z,2014-11-20T03:55:28.000Z,G0002,False,,False
1100490952,Sun,2014-11-20T03:55:36.000Z,2014-11-20T04:00:32.000Z,G0002,False,,False
1100498448,Sun,2014-11-20T06:00:32.000Z,2014-11-20T06:05:28.000Z,G0002,False,,False
1100498752,Sun,2014-11-20T06:05:36.000Z,2014-11-20T06:10:32.000Z,G0002,False,,False
1100499056,Sun,2014-11-20T06:10:40.000Z,2014-11-20T06:15:36.000Z,G0002,False,,False
1100499352,Sun,2014-11-20T06:15:36.000Z,2014-11-20T06:20:32.000Z,G0002,False,,False
1100499648,Sun,2014-11-20T06:20:32.000Z,2014-11-20T06:25:28.000Z,G0002,False,,False
1100499952,Sun,2014-11-20T06:25:36.000Z,2014-11-20T06:30:32.000Z,G0002,False,,False
1100500248,Sun,2014-11-20T06:30:32.000Z,2014-11-20T06:35:28.000Z,G0002,False,,False
1100500552,Sun,2014-11-20T06:35:36.000Z,2014-11-20T06:40:32.000Z,G0002,False,,False
1100500856,Sun,2014-11-20T06:40:40.000Z,2014-11-20T06:45:36.000Z,G0002,False,,False
1100501152,Sun,2014-11-20T06:45:36.000Z,2014-11-20T06:50:32.000Z,G0002,False,,False
1100501448,Sun,2014-11-20T06:50:32.000Z,2014-11-20T06:55:28.000Z,G0002,False,,False
1100501752,Sun,2014-11-20T06:55:36.000Z,2014-11-20T07:00:32.000Z,G0002,False,,False
1100566864,Sun,2014-11-21T01:00:48.000Z,2014-11-21T01:05:44.000Z,G0002,False,,False
1100567168,Sun,2014-11-21T01:05:52.000Z,2014-11-21T01:10:48.000Z,G0002,False,,False
1100567464,Sun,2014-11-21T01:10:48.000Z,2014-11-21T01:15:44.000Z,G0002,False,,False
1100567768,Sun,2014-11-21T01:15:52.000Z,2014-11-21T01:20:48.000Z,G0002,False,,False
1100568064,Sun,2014-11-21T01:20:48.000Z,2014-11-21T01:25:44.000Z,G0002,False,,False
1100568368,Sun,2014-11-21T01:25:52.000Z,2014-11-21T01:30:48.000Z,G0002,False,,False
1100568664,Sun,2014-11-21T01:30:48.000Z,2014-11-21T01:35:44.000Z,G0002,False,,False
1100568968,Sun,2014-11-21T01:35:52.000Z,2014-11-21T01:40:48.000Z,G0002,False,,False
1100569264,Sun,2014-11-21T01:40:48.000Z,2014-11-21T01:45:44.000Z,G0002,False,,False
1100569568,Sun,2014-11-21T01:45:52.000Z,2014-11-21T01:50:48.000Z,G0002,False,,False
1100569864,Sun,2014-11-21T01:50:48.000Z,2014-11-21T01:55:44.000Z,G0002,False,,False
1100570168,Sun,2014-11-21T01:55:52.000Z,2014-11-21T02:00:48.000Z,G0002,False,,False
1100574064,Sun,2014-11-21T03:00:48.000Z,2014-11-21T03:05:44.000Z,G0002,False,,False
1100574368,Sun,2014-11-21T03:05:52.000Z,2014-11-21T03:10:48.000Z,G0002,False,,False
1100574664,Sun,2014-11-21T03:10:48.000Z,2014-11-21T03:15:44.000Z,G0002,False,,False
1100574968,Sun,2014-11-21T03:15:52.000Z,2014-11-21T03:20:48.000Z,G0002,False,,False
1100575264,Sun,2014-11-21T03:20:48.000Z,2014-11-21T03:25:44.000Z,G0002,False,,False
1100575568,Sun,2014-11-21T03:25:52.000Z,2014-11-21T03:30:48.000Z,G0002,False,,False
1100575864,Sun,2014-11-21T03:30:48.000Z,2014-11-21T03:35:44.000Z,G0002,False,,False
1100576168,Sun,2014-11-21T03:35:52.000Z,2014-11-21T03:40:48.000Z,G0002,False,,False
1100576464,Sun,2014-11-21T03:40:48.000Z,2014-11-21T03:45:44.000Z,G0002,False,,False
1100576768,Sun,2014-11-21T03:45:52.000Z,2014-11-21T03:50:48.000Z,G0002,False,,False
1100577064,Sun,2014-11-21T03:50:48.000Z,2014-11-21T03:55:44.000Z,G0002,False,,False
1100577368,Sun,2014-11-21T03:55:52.000Z,2014-11-21T04:00:48.000Z,G0002,False,,False
1100584864,Sun,2014-11-21T06:00:48.000Z,2014-11-21T06:05:44.000Z,G0002,False,,False
1100585168,Sun,2014-11-21T06:05:52.000Z,2014-11-21T06:10:48.000Z,G0002,False,,False
1100585464,Sun,2014-11-21T06:10:48.000Z,2014-11-21T06:15:44.000Z,G0002,False,,False
1100585768,Sun,2014-11-21T06:15:52.000Z,2014-11-21T06:20:48.000Z,G0002,False,,False
1100586064,Sun,2014-11-21T06:20:48.000Z,2014-11-21T06:25:44.000Z,G0002,False,,False
1100586368,Sun,2014-11-21T06:25:52.000Z,2014-11-21T06:30:48.000Z,G0002,False,,False
1100586664,Sun,2014-11-21T06:30:48.000Z,2014-11-21T06:35:44.000Z,G0002,False,,False
1100586968,Sun,2014-11-21T06:35:52.000Z,2014-11-21T06:40:48.000Z,G0002,False,,False
1100587264,Sun,2014-11-21T06:40:48.000Z,2014-11-21T06:45:44.000Z,G0002,False,,False
1100587568,Sun,2014-11-21T06:45:52.000Z,2014-11-21T06:50:48.000Z,G0002,False,,False
1100587864,Sun,2014-11-21T06:50:48.000Z,2014-11-21T06:55:44.000Z,G0002,False,,False
1100588168,Sun,2014-11-21T06:55:52.000Z,2014-11-21T07:00:48.000Z,G0002,False,,False
1100834528,Sun,2014-11-24T03:21:52.000Z,2014-11-24T03:26:48.000Z,G0002,False,,False
1100834832,Sun,2014-11-24T03:26:56.000Z,2014-11-24T03:31:52.000Z,G0002,False,,False
1100835128,Sun,2014-11-24T03:31:52.000Z,2014-11-24T03:36:48.000Z,G0002,False,,False
1100835432,Sun,2014-11-24T03:36:56.000Z,2014-11-24T03:41:52.000Z,G0002,False,,False
1100835736,Sun,2014-11-24T03:42:00.000Z,2014-11-24T03:46:56.000Z,G0002,False,,False
1100836032,Sun,2014-11-24T03:46:56.000Z,2014-11-24T03:51:52.000Z,G0002,False,,False
1100836328,Sun,2014-11-24T03:51:52.000Z,2014-11-24T03:56:48.000Z,G0002,False,,False
1100836632,Sun,2014-11-24T03:56:56.000Z,2014-11-24T04:01:52.000Z,G0002,False,,False
1100844128,Sun,2014-11-24T06:01:52.000Z,2014-11-24T06:06:48.000Z,G0002,False,,False
1100844432,Sun,2014-11-24T06:06:56.000Z,2014-11-24T06:11:52.000Z,G0002,False,,False
1100844736,Sun,2014-11-24T06:12:00.000Z,2014-11-24T06:16:56.000Z,G0002,False,,False
1100845032,Sun,2014-11-24T06:16:56.000Z,2014-11-24T06:21:52.000Z,G0002,False,,False
1100845328,Sun,2014-11-24T06:21:52.000Z,2014-11-24T06:26:48.000Z,G0002,False,,False
1100845632,Sun,2014-11-24T06:26:56.000Z,2014-11-24T06:31:52.000Z,G0002,False,,False
1100845928,Sun,2014-11-24T06:31:52.000Z,2014-11-24T06:36:48.000Z,G0002,False,,False
1100846232,Sun,2014-11-24T06:36:56.000Z,2014-11-24T06:41:52.000Z,G0002,False,,False
1100846536,Sun,2014-11-24T06:42:00.000Z,2014-11-24T06:46:56.000Z,G0002,False,,False
1100846832,Sun,2014-11-24T06:46:56.000Z,2014-11-24T06:51:52.000Z,G0002,False,,False
1100847128,Sun,2014-11-24T06:51:52.000Z,2014-11-24T06:56:48.000Z,G0002,False,,False
1100847432,Sun,2014-11-24T06:56:56.000Z,2014-11-24T07:01:52.000Z,G0002,False,,False
1100912536,Sun,2014-11-25T01:02:00.000Z,2014-11-25T01:06:56.000Z,G0002,False,,False
1100912832,Sun,2014-11-25T01:06:56.000Z,2014-11-25T01:11:52.000Z,G0002,False,,False
1100913136,Sun,2014-11-25T01:12:00.000Z,2014-11-25T01:16:56.000Z,G0002,False,,False
1100913432,Sun,2014-11-25T01:16:56.000Z,2014-11-25T01:21:52.000Z,G0002,False,,False
1100913736,Sun,2014-11-25T01:22:00.000Z,2014-11-25T01:26:56.000Z,G0002,False,,False
1100914032,Sun,2014-11-25T01:26:56.000Z,2014-11-25T01:31:52.000Z,G0002,False,,False
1100914336,Sun,2014-11-25T01:32:00.000Z,2014-11-25T01:36:56.000Z,G0002,False,,False
1100914632,Sun,2014-11-25T01:36:56.000Z,2014-11-25T01:41:52.000Z,G0002,False,,False
1100914936,Sun,2014-11-25T01:42:00.000Z,2014-11-25T01:46:56.000Z,G0002,False,,False
1100915232,Sun,2014-11-25T01:46:56.000Z,2014-11-25T01:51:52.000Z,G0002,False,,False
1100915536,Sun,2014-11-25T01:52:00.000Z,2014-11-25T01:56:56.000Z,G0002,False,,False
1100915832,Sun,2014-11-25T01:56:56.000Z,2014-11-25T02:01:52.000Z,G0002,False,,False
1100922312,Sun,2014-11-25T03:44:56.000Z,2014-11-25T03:46:56.000Z,G0002,False,,False
1100922432,Sun,2014-11-25T03:46:56.000Z,2014-11-25T03:51:52.000Z,G0002,False,,False
1100922728,Sun,2014-11-25T03:51:52.000Z,2014-11-25T03:56:48.000Z,G0002,False,,False
1100923032,Sun,2014-11-25T03:56:56.000Z,2014-11-25T04:01:52.000Z,G0002,False,,False
1100930528,Sun,2014-11-25T06:01:52.000Z,2014-11-25T06:06:48.000Z,G0002,False,,False
1100930832,Sun,2014-11-25T06:06:56.000Z,2014-11-25T06:11:52.000Z,G0002,False,,False
1100931136,Sun,2014-11-25T06:12:00.000Z,2014-11-25T06:16:56.000Z,G0002,False,,False
1100931432,Sun,2014-11-25T06:16:56.000Z,2014-11-25T06:21:52.000Z,G0002,False,,False
1100931728,Sun,2014-11-25T06:21:52.000Z,2014-11-25T06:26:48.000Z,G0002,False,,False
1100932032,Sun,2014-11-25T06:26:56.000Z,2014-11-25T06:31:52.000Z,G0002,False,,False
1100932328,Sun,2014-11-25T06:31:52.000Z,2014-11-25T06:36:48.000Z,G0002,False,,False
1100932632,Sun,2014-11-25T06:36:56.000Z,2014-11-25T06:41:52.000Z,G0002,False,,False
1100932936,Sun,2014-11-25T06:42:00.000Z,2014-11-25T06:46:56.000Z,G0002,False,,False
1100933232,Sun,2014-11-25T06:46:56.000Z,2014-11-25T06:51:52.000Z,G0002,False,,False
1100933528,Sun,2014-11-25T06:51:52.000Z,2014-11-25T06:56:48.000Z,G0002,False,,False
1100933832,Sun,2014-11-25T06:56:56.000Z,2014-11-25T07:01:52.000Z,G0002,False,,False
1100998832,CenA,2014-11-26T01:00:16.000Z,2014-11-26T01:02:08.000Z,G0002,True,CenA,False
1100998952,Sun,2014-11-26T01:02:16.000Z,2014-11-26T01:07:12.000Z,G0002,False,,False
1100999248,Sun,2014-11-26T01:07:12.000Z,2014-11-26T01:12:08.000Z,G0002,False,,False
1100999552,Sun,2014-11-26T01:12:16.000Z,2014-11-26T01:17:12.000Z,G0002,False,,False
1100999848,Sun,2014-11-26T01:17:12.000Z,2014-11-26T01:22:08.000Z,G0002,False,,False
1101000152,Sun,2014-11-26T01:22:16.000Z,2014-11-26T01:27:12.000Z,G0002,False,,False
1101000448,Sun,2014-11-26T01:27:12.000Z,2014-11-26T01:32:08.000Z,G0002,False,,False
1101000752,Sun,2014-11-26T01:32:16.000Z,2014-11-26T01:37:12.000Z,G0002,False,,False
1101001048,Sun,2014-11-26T01:37:12.000Z,2014-11-26T01:42:08.000Z,G0002,False,,False
1101001352,Sun,2014-11-26T01:42:16.000Z,2014-11-26T01:47:12.000Z,G0002,False,,False
1101001648,Sun,2014-11-26T01:47:12.000Z,2014-11-26T01:52:08.000Z,G0002,False,,False
1101001952,Sun,2014-11-26T01:52:16.000Z,2014-11-26T01:57:12.000Z,G0002,False,,False
1101002248,Sun,2014-11-26T01:57:12.000Z,2014-11-26T02:02:08.000Z,G0002,False,,False
1101006152,Sun,2014-11-26T03:02:16.000Z,2014-11-26T03:07:12.000Z,G0002,False,,False
1101006448,Sun,2014-11-26T03:07:12.000Z,2014-11-26T03:12:08.000Z,G0002,False,,False
1101006752,Sun,2014-11-26T03:12:16.000Z,2014-11-26T03:17:12.000Z,G0002,False,,False
1101007048,Sun,2014-11-26T03:17:12.000Z,2014-11-26T03:22:08.000Z,G0002,False,,False
1101007352,Sun,2014-11-26T03:22:16.000Z,2014-11-26T03:27:12.000Z,G0002,False,,False
1101007648,Sun,2014-11-26T03:27:12.000Z,2014-11-26T03:32:08.000Z,G0002,False,,False
1101007952,Sun,2014-11-26T03:32:16.000Z,2014-11-26T03:37:12.000Z,G0002,False,,False
1101008248,Sun,2014-11-26T03:37:12.000Z,2014-11-26T03:42:08.000Z,G0002,False,,False
1101008552,Sun,2014-11-26T03:42:16.000Z,2014-11-26T03:47:12.000Z,G0002,False,,False
1101008848,Sun,2014-11-26T03:47:12.000Z,2014-11-26T03:52:08.000Z,G0002,False,,False
1101009152,Sun,2014-11-26T03:52:16.000Z,2014-11-26T03:57:12.000Z,G0002,False,,False
1101009448,Sun,2014-11-26T03:57:12.000Z,2014-11-26T04:02:08.000Z,G0002,False,,False
1101016952,Sun,2014-11-26T06:02:16.000Z,2014-11-26T06:07:12.000Z,G0002,False,,False
1101017248,Sun,2014-11-26T06:07:12.000Z,2014-11-26T06:12:08.000Z,G0002,False,,False
1101017552,Sun,2014-11-26T06:12:16.000Z,2014-11-26T06:17:12.000Z,G0002,False,,False
1101017848,Sun,2014-11-26T06:17:12.000Z,2014-11-26T06:22:08.000Z,G0002,False,,False
1101018152,Sun,2014-11-26T06:22:16.000Z,2014-11-26T06:27:12.000Z,G0002,False,,False
1101018448,Sun,2014-11-26T06:27:12.000Z,2014-11-26T06:32:08.000Z,G0002,False,,False
1101018752,Sun,2014-11-26T06:32:16.000Z,2014-11-26T06:37:12.000Z,G0002,False,,False
1101019048,Sun,2014-11-26T06:37:12.000Z,2014-11-26T06:42:08.000Z,G0002,False,,False
1101019352,Sun,2014-11-26T06:42:16.000Z,2014-11-26T06:47:12.000Z,G0002,False,,False
1101019648,Sun,2014-11-26T06:47:12.000Z,2014-11-26T06:52:08.000Z,G0002,False,,False
1101019952,Sun,2014-11-26T06:52:16.000Z,2014-11-26T06:57:12.000Z,G0002,False,,False
1101020248,Sun,2014-11-26T06:57:12.000Z,2014-11-26T07:02:08.000Z,G0002,False,,False
1101103368,Sun,2014-11-27T06:02:32.000Z,2014-11-27T06:07:28.000Z,G0002,False,,False
1101103672,Sun,2014-11-27T06:07:36.000Z,2014-11-27T06:12:32.000Z,G0002,False,,False
1101103968,Sun,2014-11-27T06:12:32.000Z,2014-11-27T06:17:28.000Z,G0002,False,,False
1101104272,Sun,2014-11-27T06:17:36.000Z,2014-11-27T06:22:32.000Z,G0002,False,,False
1101104568,Sun,2014-11-27T06:22:32.000Z,2014-11-27T06:27:28.000Z,G0002,False,,False
1101104872,Sun,2014-11-27T06:27:36.000Z,2014-11-27T06:32:32.000Z,G0002,False,,False
1101105168,Sun,2014-11-27T06:32:32.000Z,2014-11-27T06:37:28.000Z,G0002,False,,False
1101105472,Sun,2014-11-27T06:37:36.000Z,2014-11-27T06:42:32.000Z,G0002,False,,False
1101105768,Sun,2014-11-27T06:42:32.000Z,2014-11-27T06:47:28.000Z,G0002,False,,False
1101106072,Sun,2014-11-27T06:47:36.000Z,2014-11-27T06:52:32.000Z,G0002,False,,False
1101106368,Sun,2014-11-27T06:52:32.000Z,2014-11-27T06:57:28.000Z,G0002,False,,False
1101106672,Sun,2014-11-27T06:57:36.000Z,2014-11-27T07:02:32.000Z,G0002,False,,False
1101171648,CORR_MODE_40_0.5,2014-11-28T01:00:32.000Z,2014-11-28T01:00:48.000Z,G0002,False,,False
1101171672,CenA,2014-11-28T01:00:56.000Z,2014-11-28T01:02:48.000Z,G0002,True,CenA,False
1101171792,Sun,2014-11-28T01:02:56.000Z,2014-11-28T01:07:52.000Z,G0002,False,,False
1101172088,Sun,2014-11-28T01:07:52.000Z,2014-11-28T01:12:48.000Z,G0002,False,,False
1101172392,Sun,2014-11-28T01:12:56.000Z,2014-11-28T01:17:52.000Z,G0002,False,,False
1101172688,Sun,2014-11-28T01:17:52.000Z,2014-11-28T01:22:48.000Z,G0002,False,,False
1101172992,Sun,2014-11-28T01:22:56.000Z,2014-11-28T01:27:52.000Z,G0002,False,,False
1101173288,Sun,2014-11-28T01:27:52.000Z,2014-11-28T01:32:48.000Z,G0002,False,,False
1101173592,Sun,2014-11-28T01:32:56.000Z,2014-11-28T01:37:52.000Z,G0002,False,,False
1101173888,Sun,2014-11-28T01:37:52.000Z,2014-11-28T01:42:48.000Z,G0002,False,,False
1101174192,Sun,2014-11-28T01:42:56.000Z,2014-11-28T01:47:52.000Z,G0002,False,,False
1101174488,Sun,2014-11-28T01:47:52.000Z,2014-11-28T01:52:48.000Z,G0002,False,,False
1101174792,Sun,2014-11-28T01:52:56.000Z,2014-11-28T01:57:52.000Z,G0002,False,,False
1101175088,Sun,2014-11-28T01:57:52.000Z,2014-11-28T01:58:56.000Z,G0002,False,,False
1101178992,Sun,2014-11-28T03:02:56.000Z,2014-11-28T03:07:52.000Z,G0002,False,,False
1101179288,Sun,2014-11-28T03:07:52.000Z,2014-11-28T03:12:48.000Z,G0002,False,,False
1101179592,Sun,2014-11-28T03:12:56.000Z,2014-11-28T03:17:52.000Z,G0002,False,,False
1101179888,Sun,2014-11-28T03:17:52.000Z,2014-11-28T03:22:48.000Z,G0002,False,,False
1101180192,Sun,2014-11-28T03:22:56.000Z,2014-11-28T03:27:52.000Z,G0002,False,,False
1101180488,Sun,2014-11-28T03:27:52.000Z,2014-11-28T03:32:48.000Z,G0002,False,,False
1101180792,Sun,2014-11-28T03:32:56.000Z,2014-11-28T03:37:52.000Z,G0002,False,,False
1101181088,Sun,2014-11-28T03:37:52.000Z,2014-11-28T03:42:48.000Z,G0002,False,,False
1101181392,Sun,2014-11-28T03:42:56.000Z,2014-11-28T03:47:52.000Z,G0002,False,,False
1101181688,Sun,2014-11-28T03:47:52.000Z,2014-11-28T03:52:48.000Z,G0002,False,,False
1101181992,Sun,2014-11-28T03:52:56.000Z,2014-11-28T03:57:52.000Z,G0002,False,,False
1101182288,Sun,2014-11-28T03:57:52.000Z,2014-11-28T04:02:48.000Z,G0002,False,,False
1101189792,Sun,2014-11-28T06:02:56.000Z,2014-11-28T06:07:52.000Z,G0002,False,,False
1101190088,Sun,2014-11-28T06:07:52.000Z,2014-11-28T06:12:48.000Z,G0002,False,,False
1101190392,Sun,2014-11-28T06:12:56.000Z,2014-11-28T06:17:52.000Z,G0002,False,,False
1101190688,Sun,2014-11-28T06:17:52.000Z,2014-11-28T06:22:48.000Z,G0002,False,,False
1101190992,Sun,2014-11-28T06:22:56.000Z,2014-11-28T06:27:52.000Z,G0002,False,,False
1101191288,Sun,2014-11-28T06:27:52.000Z,2014-11-28T06:32:48.000Z,G0002,False,,False
1101191592,Sun,2014-11-28T06:32:56.000Z,2014-11-28T06:37:52.000Z,G0002,False,,False
1101191888,Sun,2014-11-28T06:37:52.000Z,2014-11-28T06:42:48.000Z,G0002,False,,False
1101192192,Sun,2014-11-28T06:42:56.000Z,2014-11-28T06:47:52.000Z,G0002,False,,False
1101192488,Sun,2014-11-28T06:47:52.000Z,2014-11-28T06:52:48.000Z,G0002,False,,False
1101192792,Sun,2014-11-28T06:52:56.000Z,2014-11-28T06:57:52.000Z,G0002,False,,False
1101193088,Sun,2014-11-28T06:57:52.000Z,2014-11-28T07:02:48.000Z,G0002,False,,False
1101258064,CORR_MODE_40_0.5,2014-11-29T01:00:48.000Z,2014-11-29T01:01:04.000Z,G0002,False,,False
1101258088,CenA,2014-11-29T01:01:12.000Z,2014-11-29T01:03:04.000Z,G0002,True,CenA,False
1101258208,Sun,2014-11-29T01:03:12.000Z,2014-11-29T01:08:08.000Z,G0002,False,,False
1101258512,Sun,2014-11-29T01:08:16.000Z,2014-11-29T01:13:12.000Z,G0002,False,,False
1101258808,Sun,2014-11-29T01:13:12.000Z,2014-11-29T01:18:08.000Z,G0002,False,,False
1101259112,Sun,2014-11-29T01:18:16.000Z,2014-11-29T01:23:12.000Z,G0002,False,,False
1101259408,Sun,2014-11-29T01:23:12.000Z,2014-11-29T01:28:08.000Z,G0002,False,,False
1101259712,Sun,2014-11-29T01:28:16.000Z,2014-11-29T01:33:12.000Z,G0002,False,,False
1101260008,Sun,2014-11-29T01:33:12.000Z,2014-11-29T01:38:08.000Z,G0002,False,,False
1101260312,Sun,2014-11-29T01:38:16.000Z,2014-11-29T01:43:12.000Z,G0002,False,,False
1101260608,Sun,2014-11-29T01:43:12.000Z,2014-11-29T01:48:08.000Z,G0002,False,,False
1101260912,Sun,2014-11-29T01:48:16.000Z,2014-11-29T01:53:12.000Z,G0002,False,,False
1101261208,Sun,2014-11-29T01:53:12.000Z,2014-11-29T01:58:08.000Z,G0002,False,,False
1101261512,Sun,2014-11-29T01:58:16.000Z,2014-11-29T02:03:12.000Z,G0002,False,,False
1101265408,Sun,2014-11-29T03:03:12.000Z,2014-11-29T03:08:08.000Z,G0002,False,,False
1101265712,Sun,2014-11-29T03:08:16.000Z,2014-11-29T03:13:12.000Z,G0002,False,,False
1101266008,Sun,2014-11-29T03:13:12.000Z,2014-11-29T03:18:08.000Z,G0002,False,,False
1101266312,Sun,2014-11-29T03:18:16.000Z,2014-11-29T03:23:12.000Z,G0002,False,,False
1101266608,Sun,2014-11-29T03:23:12.000Z,2014-11-29T03:28:08.000Z,G0002,False,,False
1101266912,Sun,2014-11-29T03:28:16.000Z,2014-11-29T03:33:12.000Z,G0002,False,,False
1101267208,Sun,2014-11-29T03:33:12.000Z,2014-11-29T03:38:08.000Z,G0002,False,,False
1101267512,Sun,2014-11-29T03:38:16.000Z,2014-11-29T03:43:12.000Z,G0002,False,,False
1101267808,Sun,2014-11-29T03:43:12.000Z,2014-11-29T03:48:08.000Z,G0002,False,,False
1101268112,Sun,2014-11-29T03:48:16.000Z,2014-11-29T03:53:12.000Z,G0002,False,,False
1101268408,Sun,2014-11-29T03:53:12.000Z,2014-11-29T03:58:08.000Z,G0002,False,,False
1101268712,Sun,2014-11-29T03:58:16.000Z,2014-11-29T04:03:12.000Z,G0002,False,,False
1101276208,Sun,2014-11-29T06:03:12.000Z,2014-11-29T06:08:08.000Z,G0002,False,,False
1101276512,Sun,2014-11-29T06:08:16.000Z,2014-11-29T06:13:12.000Z,G0002,False,,False
1101276808,Sun,2014-11-29T06:13:12.000Z,2014-11-29T06:18:08.000Z,G0002,False,,False
1101277112,Sun,2014-11-29T06:18:16.000Z,2014-11-29T06:23:12.000Z,G0002,False,,False
1101277408,Sun,2014-11-29T06:23:12.000Z,2014-11-29T06:28:08.000Z,G0002,False,,False
1101277712,Sun,2014-11-29T06:28:16.000Z,2014-11-29T06:33:12.000Z,G0002,False,,False
1101278008,Sun,2014-11-29T06:33:12.000Z,2014-11-29T06:38:08.000Z,G0002,False,,False
1101278312,Sun,2014-11-29T06:38:16.000Z,2014-11-29T06:43:12.000Z,G0002,False,,False
1101278608,Sun,2014-11-29T06:43:12.000Z,2014-11-29T06:48:08.000Z,G0002,False,,False
1101278912,Sun,2014-11-29T06:48:16.000Z,2014-11-29T06:53:12.000Z,G0002,False,,False
1101279208,Sun,2014-11-29T06:53:12.000Z,2014-11-29T06:58:08.000Z,G0002,False,,False
1101279512,Sun,2014-11-29T06:58:16.000Z,2014-11-29T07:03:12.000Z,G0002,False,,False
1101430904,CORR_MODE_40_0.5,2014-12-01T01:01:28.000Z,2014-12-01T01:01:44.000Z,G0002,False,,False
1101430936,CenA,2014-12-01T01:02:00.000Z,2014-12-01T01:03:52.000Z,G0002,True,CenA,False
1101431056,Sun,2014-12-01T01:04:00.000Z,2014-12-01T01:08:56.000Z,G0002,False,,False
1101431352,Sun,2014-12-01T01:08:56.000Z,2014-12-01T01:13:52.000Z,G0002,False,,False
1101431656,Sun,2014-12-01T01:14:00.000Z,2014-12-01T01:18:56.000Z,G0002,False,,False
1101431952,Sun,2014-12-01T01:18:56.000Z,2014-12-01T01:23:52.000Z,G0002,False,,False
1101432256,Sun,2014-12-01T01:24:00.000Z,2014-12-01T01:28:56.000Z,G0002,False,,False
1101432552,Sun,2014-12-01T01:28:56.000Z,2014-12-01T01:33:52.000Z,G0002,False,,False
1101432856,Sun,2014-12-01T01:34:00.000Z,2014-12-01T01:38:56.000Z,G0002,False,,False
1101433152,Sun,2014-12-01T01:38:56.000Z,2014-12-01T01:43:52.000Z,G0002,False,,False
1101433456,Sun,2014-12-01T01:44:00.000Z,2014-12-01T01:48:56.000Z,G0002,False,,False
1101433752,Sun,2014-12-01T01:48:56.000Z,2014-12-01T01:53:52.000Z,G0002,False,,False
1101434056,Sun,2014-12-01T01:54:00.000Z,2014-12-01T01:58:56.000Z,G0002,False,,False
1101434352,Sun,2014-12-01T01:58:56.000Z,2014-12-01T02:03:52.000Z,G0002,False,,False
1101438248,Sun,2014-12-01T03:03:52.000Z,2014-12-01T03:08:48.000Z,G0002,False,,False
1101438552,Sun,2014-12-01T03:08:56.000Z,2014-12-01T03:13:52.000Z,G0002,False,,False
1101438848,Sun,2014-12-01T03:13:52.000Z,2014-12-01T03:18:48.000Z,G0002,False,,False
1101439152,Sun,2014-12-01T03:18:56.000Z,2014-12-01T03:23:52.000Z,G0002,False,,False
1101439448,Sun,2014-12-01T03:23:52.000Z,2014-12-01T03:28:48.000Z,G0002,False,,False
1101439752,Sun,2014-12-01T03:28:56.000Z,2014-12-01T03:33:52.000Z,G0002,False,,False
1101440048,Sun,2014-12-01T03:33:52.000Z,2014-12-01T03:38:48.000Z,G0002,False,,False
1101440352,Sun,2014-12-01T03:38:56.000Z,2014-12-01T03:43:52.000Z,G0002,False,,False
1101440656,Sun,2014-12-01T03:44:00.000Z,2014-12-01T03:48:56.000Z,G0002,False,,False
1101440952,Sun,2014-12-01T03:48:56.000Z,2014-12-01T03:53:52.000Z,G0002,False,,False
1101441248,Sun,2014-12-01T03:53:52.000Z,2014-12-01T03:58:48.000Z,G0002,False,,False
1101441552,Sun,2014-12-01T03:58:56.000Z,2014-12-01T04:03:52.000Z,G0002,False,,False
1101449048,Sun,2014-12-01T06:03:52.000Z,2014-12-01T06:08:48.000Z,G0002,False,,False
1101449352,Sun,2014-12-01T06:08:56.000Z,2014-12-01T06:13:52.000Z,G0002,False,,False
1101449648,Sun,2014-12-01T06:13:52.000Z,2014-12-01T06:18:48.000Z,G0002,False,,False
1101449952,Sun,2014-12-01T06:18:56.000Z,2014-12-01T06:23:52.000Z,G0002,False,,False
1101450256,Sun,2014-12-01T06:24:00.000Z,2014-12-01T06:28:56.000Z,G0002,False,,False
1101450552,Sun,2014-12-01T06:28:56.000Z,2014-12-01T06:33:52.000Z,G0002,False,,False
1101450848,Sun,2014-12-01T06:33:52.000Z,2014-12-01T06:38:48.000Z,G0002,False,,False
1101451152,Sun,2014-12-01T06:38:56.000Z,2014-12-01T06:43:52.000Z,G0002,False,,False
1101451456,Sun,2014-12-01T06:44:00.000Z,2014-12-01T06:48:56.000Z,G0002,False,,False
1101451752,Sun,2014-12-01T06:48:56.000Z,2014-12-01T06:53:52.000Z,G0002,False,,False
1101452048,Sun,2014-12-01T06:53:52.000Z,2014-12-01T06:58:48.000Z,G0002,False,,False
1101452352,Sun,2014-12-01T06:58:56.000Z,2014-12-01T07:03:52.000Z,G0002,False,,False
1101517328,CORR_MODE_40_0.5,2014-12-02T01:01:52.000Z,2014-12-02T01:02:08.000Z,G0002,False,,False
1101517352,CenA,2014-12-02T01:02:16.000Z,2014-12-02T01:04:08.000Z,G0002,True,CenA,False
1101603752,CORR_MODE_40_0.5,2014-12-03T01:02:16.000Z,2014-12-03T01:02:32.000Z,G0002,False,,False
1101603776,CenA,2014-12-03T01:02:40.000Z,2014-12-03T01:04:32.000Z,G0002,True,CenA,False
1101603896,Sun,2014-12-03T01:04:40.000Z,2014-12-03T01:09:36.000Z,G0002,False,,False
1101604200,Sun,2014-12-03T01:09:44.000Z,2014-12-03T01:14:40.000Z,G0002,False,,False
1101604496,Sun,2014-12-03T01:14:40.000Z,2014-12-03T01:19:36.000Z,G0002,False,,False
1101604800,Sun,2014-12-03T01:19:44.000Z,2014-12-03T01:24:40.000Z,G0002,False,,False
1101605096,Sun,2014-12-03T01:24:40.000Z,2014-12-03T01:29:36.000Z,G0002,False,,False
1101605400,Sun,2014-12-03T01:29:44.000Z,2014-12-03T01:34:40.000Z,G0002,False,,False
1101605696,Sun,2014-12-03T01:34:40.000Z,2014-12-03T01:39:36.000Z,G0002,False,,False
1101606000,Sun,2014-12-03T01:39:44.000Z,2014-12-03T01:44:40.000Z,G0002,False,,False
1101690176,CORR_MODE_40_0.5,2014-12-04T01:02:40.000Z,2014-12-04T01:02:56.000Z,G0002,False,,False
1101690200,CenA,2014-12-04T01:03:04.000Z,2014-12-04T01:04:56.000Z,G0002,True,CenA,False
1101690320,Sun,2014-12-04T01:05:04.000Z,2014-12-04T01:10:00.000Z,G0002,False,,False
1101690624,Sun,2014-12-04T01:10:08.000Z,2014-12-04T01:15:04.000Z,G0002,False,,False
1101690920,Sun,2014-12-04T01:15:04.000Z,2014-12-04T01:20:00.000Z,G0002,False,,False
1101691216,Sun,2014-12-04T01:20:00.000Z,2014-12-04T01:24:56.000Z,G0002,False,,False
1101691520,Sun,2014-12-04T01:25:04.000Z,2014-12-04T01:30:00.000Z,G0002,False,,False
1101691824,Sun,2014-12-04T01:30:08.000Z,2014-12-04T01:35:04.000Z,G0002,False,,False
1101692120,Sun,2014-12-04T01:35:04.000Z,2014-12-04T01:40:00.000Z,G0002,False,,False
1101692416,Sun,2014-12-04T01:40:00.000Z,2014-12-04T01:44:56.000Z,G0002,False,,False
1101692720,Sun,2014-12-04T01:45:04.000Z,2014-12-04T01:50:00.000Z,G0002,False,,False
1101693024,Sun,2014-12-04T01:50:08.000Z,2014-12-04T01:55:04.000Z,G0002,False,,False
1101693320,Sun,2014-12-04T01:55:04.000Z,2014-12-04T02:00:00.000Z,G0002,False,,False
1101697216,Sun,2014-12-04T03:00:00.000Z,2014-12-04T03:04:56.000Z,G0002,False,,False
1101697520,Sun,2014-12-04T03:05:04.000Z,2014-12-04T03:10:00.000Z,G0002,False,,False
1101697816,Sun,2014-12-04T03:10:00.000Z,2014-12-04T03:14:56.000Z,G0002,False,,False
1101698120,Sun,2014-12-04T03:15:04.000Z,2014-12-04T03:20:00.000Z,G0002,False,,False
1101698416,Sun,2014-12-04T03:20:00.000Z,2014-12-04T03:24:56.000Z,G0002,False,,False
1101698720,Sun,2014-12-04T03:25:04.000Z,2014-12-04T03:30:00.000Z,G0002,False,,False
1101699016,Sun,2014-12-04T03:30:00.000Z,2014-12-04T03:34:56.000Z,G0002,False,,False
1101699320,Sun,2014-12-04T03:35:04.000Z,2014-12-04T03:40:00.000Z,G0002,False,,False
1101699616,Sun,2014-12-04T03:40:00.000Z,2014-12-04T03:44:56.000Z,G0002,False,,False
1101699920,Sun,2014-12-04T03:45:04.000Z,2014-12-04T03:50:00.000Z,G0002,False,,False
1101700216,Sun,2014-12-04T03:50:00.000Z,2014-12-04T03:54:56.000Z,G0002,False,,False
1101700520,Sun,2014-12-04T03:55:04.000Z,2014-12-04T04:00:00.000Z,G0002,False,,False
1101708024,Sun,2014-12-04T06:00:08.000Z,2014-12-04T06:05:04.000Z,G0002,False,,False
1101708320,Sun,2014-12-04T06:05:04.000Z,2014-12-04T06:10:00.000Z,G0002,False,,False
1101708624,Sun,2014-12-04T06:10:08.000Z,2014-12-04T06:15:04.000Z,G0002,False,,False
1101708920,Sun,2014-12-04T06:15:04.000Z,2014-12-04T06:20:00.000Z,G0002,False,,False
1101709216,Sun,2014-12-04T06:20:00.000Z,2014-12-04T06:24:56.000Z,G0002,False,,False
1101709520,Sun,2014-12-04T06:25:04.000Z,2014-12-04T06:30:00.000Z,G0002,False,,False
1101709824,Sun,2014-12-04T06:30:08.000Z,2014-12-04T06:35:04.000Z,G0002,False,,False
1101710120,Sun,2014-12-04T06:35:04.000Z,2014-12-04T06:40:00.000Z,G0002,False,,False
1101710424,Sun,2014-12-04T06:40:08.000Z,2014-12-04T06:45:04.000Z,G0002,False,,False
1101710720,Sun,2014-12-04T06:45:04.000Z,2014-12-04T06:50:00.000Z,G0002,False,,False
1101711016,Sun,2014-12-04T06:50:00.000Z,2014-12-04T06:54:56.000Z,G0002,False,,False
1101711320,Sun,2014-12-04T06:55:04.000Z,2014-12-04T07:00:00.000Z,G0002,False,,False
1101776600,CORR_MODE_40_0.5,2014-12-05T01:03:04.000Z,2014-12-05T01:03:20.000Z,G0002,False,,False
1101776624,CenA,2014-12-05T01:03:28.000Z,2014-12-05T01:05:20.000Z,G0002,True,CenA,False
1101776744,Sun,2014-12-05T01:05:28.000Z,2014-12-05T01:10:24.000Z,G0002,False,,False
1101777048,Sun,2014-12-05T01:10:32.000Z,2014-12-05T01:15:28.000Z,G0002,False,,False
1101777344,Sun,2014-12-05T01:15:28.000Z,2014-12-05T01:20:24.000Z,G0002,False,,False
1101777640,Sun,2014-12-05T01:20:24.000Z,2014-12-05T01:25:20.000Z,G0002,False,,False
1101777944,Sun,2014-12-05T01:25:28.000Z,2014-12-05T01:30:24.000Z,G0002,False,,False
1101778248,Sun,2014-12-05T01:30:32.000Z,2014-12-05T01:35:28.000Z,G0002,False,,False
1101778544,Sun,2014-12-05T01:35:28.000Z,2014-12-05T01:40:24.000Z,G0002,False,,False
1101778840,Sun,2014-12-05T01:40:24.000Z,2014-12-05T01:45:20.000Z,G0002,False,,False
1101779144,Sun,2014-12-05T01:45:28.000Z,2014-12-05T01:50:24.000Z,G0002,False,,False
1101779448,Sun,2014-12-05T01:50:32.000Z,2014-12-05T01:55:28.000Z,G0002,False,,False
1101779744,Sun,2014-12-05T01:55:28.000Z,2014-12-05T02:00:24.000Z,G0002,False,,False
1101783640,Sun,2014-12-05T03:00:24.000Z,2014-12-05T03:05:20.000Z,G0002,False,,False
1101783944,Sun,2014-12-05T03:05:28.000Z,2014-12-05T03:10:24.000Z,G0002,False,,False
1101784240,Sun,2014-12-05T03:10:24.000Z,2014-12-05T03:15:20.000Z,G0002,False,,False
1101784544,Sun,2014-12-05T03:15:28.000Z,2014-12-05T03:20:24.000Z,G0002,False,,False
1101784848,Sun,2014-12-05T03:20:32.000Z,2014-12-05T03:25:28.000Z,G0002,False,,False
1101785144,Sun,2014-12-05T03:25:28.000Z,2014-12-05T03:30:24.000Z,G0002,False,,False
1101785448,Sun,2014-12-05T03:30:32.000Z,2014-12-05T03:35:28.000Z,G0002,False,,False
1101785744,Sun,2014-12-05T03:35:28.000Z,2014-12-05T03:40:24.000Z,G0002,False,,False
1101786040,Sun,2014-12-05T03:40:24.000Z,2014-12-05T03:45:20.000Z,G0002,False,,False
1101786344,Sun,2014-12-05T03:45:28.000Z,2014-12-05T03:50:24.000Z,G0002,False,,False
1101786648,Sun,2014-12-05T03:50:32.000Z,2014-12-05T03:55:28.000Z,G0002,False,,False
1101786944,Sun,2014-12-05T03:55:28.000Z,2014-12-05T04:00:24.000Z,G0002,False,,False
1101794448,Sun,2014-12-05T06:00:32.000Z,2014-12-05T06:05:28.000Z,G0002,False,,False
1101794744,Sun,2014-12-05T06:05:28.000Z,2014-12-05T06:10:24.000Z,G0002,False,,False
1101795048,Sun,2014-12-05T06:10:32.000Z,2014-12-05T06:15:28.000Z,G0002,False,,False
1101795344,Sun,2014-12-05T06:15:28.000Z,2014-12-05T06:20:24.000Z,G0002,False,,False
1101795648,Sun,2014-12-05T06:20:32.000Z,2014-12-05T06:25:28.000Z,G0002,False,,False
1101795944,Sun,2014-12-05T06:25:28.000Z,2014-12-05T06:30:24.000Z,G0002,False,,False
1101796248,Sun,2014-12-05T06:30:32.000Z,2014-12-05T06:35:28.000Z,G0002,False,,False
1101796544,Sun,2014-12-05T06:35:28.000Z,2014-12-05T06:40:24.000Z,G0002,False,,False
1101796848,Sun,2014-12-05T06:40:32.000Z,2014-12-05T06:45:28.000Z,G0002,False,,False
1101797144,Sun,2014-12-05T06:45:28.000Z,2014-12-05T06:50:24.000Z,G0002,False,,False
1101797448,Sun,2014-12-05T06:50:32.000Z,2014-12-05T06:55:28.000Z,G0002,False,,False
1101797744,Sun,2014-12-05T06:55:28.000Z,2014-12-05T07:00:24.000Z,G0002,False,,False
1101863024,CORR_MODE_40_0.5,2014-12-06T01:03:28.000Z,2014-12-06T01:03:44.000Z,G0002,False,,False
1101863048,CenA,2014-12-06T01:03:52.000Z,2014-12-06T01:05:44.000Z,G0002,True,CenA,False
1101863168,Sun,2014-12-06T01:05:52.000Z,2014-12-06T01:10:48.000Z,G0002,False,,False
1101863472,Sun,2014-12-06T01:10:56.000Z,2014-12-06T01:15:52.000Z,G0002,False,,False
1101863768,Sun,2014-12-06T01:15:52.000Z,2014-12-06T01:20:48.000Z,G0002,False,,False
1101864072,Sun,2014-12-06T01:20:56.000Z,2014-12-06T01:25:52.000Z,G0002,False,,False
1101864368,Sun,2014-12-06T01:25:52.000Z,2014-12-06T01:30:48.000Z,G0002,False,,False
1101864672,Sun,2014-12-06T01:30:56.000Z,2014-12-06T01:35:52.000Z,G0002,False,,False
1101864968,Sun,2014-12-06T01:35:52.000Z,2014-12-06T01:40:48.000Z,G0002,False,,False
1101865272,Sun,2014-12-06T01:40:56.000Z,2014-12-06T01:45:52.000Z,G0002,False,,False
1101865568,Sun,2014-12-06T01:45:52.000Z,2014-12-06T01:50:48.000Z,G0002,False,,False
1101865872,Sun,2014-12-06T01:50:56.000Z,2014-12-06T01:55:52.000Z,G0002,False,,False
1101866168,Sun,2014-12-06T01:55:52.000Z,2014-12-06T02:00:48.000Z,G0002,False,,False
1101870072,Sun,2014-12-06T03:00:56.000Z,2014-12-06T03:05:52.000Z,G0002,False,,False
1101870368,Sun,2014-12-06T03:05:52.000Z,2014-12-06T03:10:48.000Z,G0002,False,,False
1101870672,Sun,2014-12-06T03:10:56.000Z,2014-12-06T03:15:52.000Z,G0002,False,,False
1101870968,Sun,2014-12-06T03:15:52.000Z,2014-12-06T03:20:48.000Z,G0002,False,,False
1101871272,Sun,2014-12-06T03:20:56.000Z,2014-12-06T03:25:52.000Z,G0002,False,,False
1101871568,Sun,2014-12-06T03:25:52.000Z,2014-12-06T03:30:48.000Z,G0002,False,,False
1101871872,Sun,2014-12-06T03:30:56.000Z,2014-12-06T03:35:52.000Z,G0002,False,,False
1101872168,Sun,2014-12-06T03:35:52.000Z,2014-12-06T03:40:48.000Z,G0002,False,,False
1101872472,Sun,2014-12-06T03:40:56.000Z,2014-12-06T03:45:52.000Z,G0002,False,,False
1101872768,Sun,2014-12-06T03:45:52.000Z,2014-12-06T03:50:48.000Z,G0002,False,,False
1101873072,Sun,2014-12-06T03:50:56.000Z,2014-12-06T03:55:52.000Z,G0002,False,,False
1101873368,Sun,2014-12-06T03:55:52.000Z,2014-12-06T04:00:48.000Z,G0002,False,,False
1101880872,Sun,2014-12-06T06:00:56.000Z,2014-12-06T06:05:52.000Z,G0002,False,,False
1101881168,Sun,2014-12-06T06:05:52.000Z,2014-12-06T06:10:48.000Z,G0002,False,,False
1101881472,Sun,2014-12-06T06:10:56.000Z,2014-12-06T06:15:52.000Z,G0002,False,,False
1101881768,Sun,2014-12-06T06:15:52.000Z,2014-12-06T06:20:48.000Z,G0002,False,,False
1101882072,Sun,2014-12-06T06:20:56.000Z,2014-12-06T06:25:52.000Z,G0002,False,,False
1101882368,Sun,2014-12-06T06:25:52.000Z,2014-12-06T06:30:48.000Z,G0002,False,,False
1101882672,Sun,2014-12-06T06:30:56.000Z,2014-12-06T06:35:52.000Z,G0002,False,,False
1101882968,Sun,2014-12-06T06:35:52.000Z,2014-12-06T06:40:48.000Z,G0002,False,,False
1101883272,Sun,2014-12-06T06:40:56.000Z,2014-12-06T06:45:52.000Z,G0002,False,,False
1101883568,Sun,2014-12-06T06:45:52.000Z,2014-12-06T06:50:48.000Z,G0002,False,,False
1101883872,Sun,2014-12-06T06:50:56.000Z,2014-12-06T06:55:52.000Z,G0002,False,,False
1101884168,Sun,2014-12-06T06:55:52.000Z,2014-12-06T07:00:48.000Z,G0002,False,,False
1102727296,CORR_MODE_40_0.5,2014-12-16T01:08:00.000Z,2014-12-16T01:08:16.000Z,G0002,False,,False
1102727320,CenA,2014-12-16T01:08:24.000Z,2014-12-16T01:10:16.000Z,G0002,True,CenA,False
1102727440,Sun,2014-12-16T01:10:24.000Z,2014-12-16T01:15:20.000Z,G0002,False,,False
1102727744,Sun,2014-12-16T01:15:28.000Z,2014-12-16T01:20:24.000Z,G0002,False,,False
1102728040,Sun,2014-12-16T01:20:24.000Z,2014-12-16T01:25:20.000Z,G0002,False,,False
1102728344,Sun,2014-12-16T01:25:28.000Z,2014-12-16T01:30:24.000Z,G0002,False,,False
1102728640,Sun,2014-12-16T01:30:24.000Z,2014-12-16T01:35:20.000Z,G0002,False,,False
1102728944,Sun,2014-12-16T01:35:28.000Z,2014-12-16T01:40:24.000Z,G0002,False,,False
1102729240,Sun,2014-12-16T01:40:24.000Z,2014-12-16T01:45:20.000Z,G0002,False,,False
1102729544,Sun,2014-12-16T01:45:28.000Z,2014-12-16T01:50:24.000Z,G0002,False,,False
1102729840,Sun,2014-12-16T01:50:24.000Z,2014-12-16T01:55:20.000Z,G0002,False,,False
1102730144,Sun,2014-12-16T01:55:28.000Z,2014-12-16T02:00:24.000Z,G0002,False,,False
1102734040,Sun,2014-12-16T03:00:24.000Z,2014-12-16T03:05:20.000Z,G0002,False,,False
1102734344,Sun,2014-12-16T03:05:28.000Z,2014-12-16T03:10:24.000Z,G0002,False,,False
1102734640,Sun,2014-12-16T03:10:24.000Z,2014-12-16T03:15:20.000Z,G0002,False,,False
1102734944,Sun,2014-12-16T03:15:28.000Z,2014-12-16T03:20:24.000Z,G0002,False,,False
1102735240,Sun,2014-12-16T03:20:24.000Z,2014-12-16T03:25:20.000Z,G0002,False,,False
1102735544,Sun,2014-12-16T03:25:28.000Z,2014-12-16T03:30:24.000Z,G0002,False,,False
1102735840,Sun,2014-12-16T03:30:24.000Z,2014-12-16T03:35:20.000Z,G0002,False,,False
1102736144,Sun,2014-12-16T03:35:28.000Z,2014-12-16T03:40:24.000Z,G0002,False,,False
1102736440,Sun,2014-12-16T03:40:24.000Z,2014-12-16T03:45:20.000Z,G0002,False,,False
1102736744,Sun,2014-12-16T03:45:28.000Z,2014-12-16T03:50:24.000Z,G0002,False,,False
1102737040,Sun,2014-12-16T03:50:24.000Z,2014-12-16T03:55:20.000Z,G0002,False,,False
1102737344,Sun,2014-12-16T03:55:28.000Z,2014-12-16T04:00:24.000Z,G0002,False,,False
1102744840,Sun,2014-12-16T06:00:24.000Z,2014-12-16T06:05:20.000Z,G0002,False,,False
1102745144,Sun,2014-12-16T06:05:28.000Z,2014-12-16T06:10:24.000Z,G0002,False,,False
1102745440,Sun,2014-12-16T06:10:24.000Z,2014-12-16T06:15:20.000Z,G0002,False,,False
1102745744,Sun,2014-12-16T06:15:28.000Z,2014-12-16T06:20:24.000Z,G0002,False,,False
1102746040,Sun,2014-12-16T06:20:24.000Z,2014-12-16T06:25:20.000Z,G0002,False,,False
1102746344,Sun,2014-12-16T06:25:28.000Z,2014-12-16T06:30:24.000Z,G0002,False,,False
1102746640,Sun,2014-12-16T06:30:24.000Z,2014-12-16T06:35:20.000Z,G0002,False,,False
1102746944,Sun,2014-12-16T06:35:28.000Z,2014-12-16T06:40:24.000Z,G0002,False,,False
1102747240,Sun,2014-12-16T06:40:24.000Z,2014-12-16T06:45:20.000Z,G0002,False,,False
1102747544,Sun,2014-12-16T06:45:28.000Z,2014-12-16T06:50:24.000Z,G0002,False,,False
1102747840,Sun,2014-12-16T06:50:24.000Z,2014-12-16T06:55:20.000Z,G0002,False,,False
1102748144,Sun,2014-12-16T06:55:28.000Z,2014-12-16T07:00:24.000Z,G0002,False,,False
1102813728,CORR_MODE_40_0.5,2014-12-17T01:08:32.000Z,2014-12-17T01:08:48.000Z,G0002,False,,False
1102813752,CenA,2014-12-17T01:08:56.000Z,2014-12-17T01:10:48.000Z,G0002,True,CenA,False
1102813872,Sun,2014-12-17T01:10:56.000Z,2014-12-17T01:15:52.000Z,G0002,False,,False
1102814168,Sun,2014-12-17T01:15:52.000Z,2014-12-17T01:20:48.000Z,G0002,False,,False
1102814472,Sun,2014-12-17T01:20:56.000Z,2014-12-17T01:25:52.000Z,G0002,False,,False
1102814768,Sun,2014-12-17T01:25:52.000Z,2014-12-17T01:30:48.000Z,G0002,False,,False
1102815072,Sun,2014-12-17T01:30:56.000Z,2014-12-17T01:35:52.000Z,G0002,False,,False
1102815368,Sun,2014-12-17T01:35:52.000Z,2014-12-17T01:40:48.000Z,G0002,False,,False
1102815672,Sun,2014-12-17T01:40:56.000Z,2014-12-17T01:45:52.000Z,G0002,False,,False
1102815968,Sun,2014-12-17T01:45:52.000Z,2014-12-17T01:50:48.000Z,G0002,False,,False
1102816272,Sun,2014-12-17T01:50:56.000Z,2014-12-17T01:55:20.000Z,G0002,False,,False
1102820472,Sun,2014-12-17T03:00:56.000Z,2014-12-17T03:05:52.000Z,G0002,False,,False
1102820768,Sun,2014-12-17T03:05:52.000Z,2014-12-17T03:10:48.000Z,G0002,False,,False
1102821072,Sun,2014-12-17T03:10:56.000Z,2014-12-17T03:15:52.000Z,G0002,False,,False
1102821368,Sun,2014-12-17T03:15:52.000Z,2014-12-17T03:20:48.000Z,G0002,False,,False
1102821672,Sun,2014-12-17T03:20:56.000Z,2014-12-17T03:25:52.000Z,G0002,False,,False
1102821968,Sun,2014-12-17T03:25:52.000Z,2014-12-17T03:30:48.000Z,G0002,False,,False
1102822272,Sun,2014-12-17T03:30:56.000Z,2014-12-17T03:35:52.000Z,G0002,False,,False
1102822568,Sun,2014-12-17T03:35:52.000Z,2014-12-17T03:40:48.000Z,G0002,False,,False
1102822872,Sun,2014-12-17T03:40:56.000Z,2014-12-17T03:45:52.000Z,G0002,False,,False
1102823168,Sun,2014-12-17T03:45:52.000Z,2014-12-17T03:50:48.000Z,G0002,False,,False
1102823472,Sun,2014-12-17T03:50:56.000Z,2014-12-17T03:55:52.000Z,G0002,False,,False
1102823768,Sun,2014-12-17T03:55:52.000Z,2014-12-17T04:00:48.000Z,G0002,False,,False
1102831272,Sun,2014-12-17T06:00:56.000Z,2014-12-17T06:05:52.000Z,G0002,False,,False
1102831568,Sun,2014-12-17T06:05:52.000Z,2014-12-17T06:10:48.000Z,G0002,False,,False
1102831872,Sun,2014-12-17T06:10:56.000Z,2014-12-17T06:15:52.000Z,G0002,False,,False
1102832168,Sun,2014-12-17T06:15:52.000Z,2014-12-17T06:20:48.000Z,G0002,False,,False
1102832472,Sun,2014-12-17T06:20:56.000Z,2014-12-17T06:25:52.000Z,G0002,False,,False
1102832768,Sun,2014-12-17T06:25:52.000Z,2014-12-17T06:30:48.000Z,G0002,False,,False
1102833072,Sun,2014-12-17T06:30:56.000Z,2014-12-17T06:35:52.000Z,G0002,False,,False
1102833368,Sun,2014-12-17T06:35:52.000Z,2014-12-17T06:40:48.000Z,G0002,False,,False
1102833672,Sun,2014-12-17T06:40:56.000Z,2014-12-17T06:45:52.000Z,G0002,False,,False
1102833968,Sun,2014-12-17T06:45:52.000Z,2014-12-17T06:50:48.000Z,G0002,False,,False
1102834272,Sun,2014-12-17T06:50:56.000Z,2014-12-17T06:55:52.000Z,G0002,False,,False
1102834568,Sun,2014-12-17T06:55:52.000Z,2014-12-17T07:00:48.000Z,G0002,False,,False
1102900152,CORR_MODE_40_0.5,2014-12-18T01:08:56.000Z,2014-12-18T01:09:12.000Z,G0002,False,,False
1102900176,CenA,2014-12-18T01:09:20.000Z,2014-12-18T01:11:12.000Z,G0002,True,CenA,False
1102900296,Sun,2014-12-18T01:11:20.000Z,2014-12-18T01:16:16.000Z,G0002,False,,False
1102900600,Sun,2014-12-18T01:16:24.000Z,2014-12-18T01:21:20.000Z,G0002,False,,False
1102900896,Sun,2014-12-18T01:21:20.000Z,2014-12-18T01:26:16.000Z,G0002,False,,False
1102901200,Sun,2014-12-18T01:26:24.000Z,2014-12-18T01:31:20.000Z,G0002,False,,False
1102901496,Sun,2014-12-18T01:31:20.000Z,2014-12-18T01:36:16.000Z,G0002,False,,False
1102901800,Sun,2014-12-18T01:36:24.000Z,2014-12-18T01:41:20.000Z,G0002,False,,False
1102902096,Sun,2014-12-18T01:41:20.000Z,2014-12-18T01:46:16.000Z,G0002,False,,False
1102902400,Sun,2014-12-18T01:46:24.000Z,2014-12-18T01:51:20.000Z,G0002,False,,False
1102902696,Sun,2014-12-18T01:51:20.000Z,2014-12-18T01:56:16.000Z,G0002,False,,False
1102903000,Sun,2014-12-18T01:56:24.000Z,2014-12-18T02:01:20.000Z,G0002,False,,False
1102909696,Sun,2014-12-18T03:48:00.000Z,2014-12-18T03:51:20.000Z,G0002,False,,False
1102909896,Sun,2014-12-18T03:51:20.000Z,2014-12-18T03:56:16.000Z,G0002,False,,False
1102910200,Sun,2014-12-18T03:56:24.000Z,2014-12-18T04:01:20.000Z,G0002,False,,False
1102918992,Sun,2014-12-18T06:22:56.000Z,2014-12-18T06:26:16.000Z,G0002,False,,False
1102919200,Sun,2014-12-18T06:26:24.000Z,2014-12-18T06:31:20.000Z,G0002,False,,False
1102919496,Sun,2014-12-18T06:31:20.000Z,2014-12-18T06:36:16.000Z,G0002,False,,False
1102919800,Sun,2014-12-18T06:36:24.000Z,2014-12-18T06:41:20.000Z,G0002,False,,False
1102920096,Sun,2014-12-18T06:41:20.000Z,2014-12-18T06:46:16.000Z,G0002,False,,False
1102920400,Sun,2014-12-18T06:46:24.000Z,2014-12-18T06:51:20.000Z,G0002,False,,False
1102920696,Sun,2014-12-18T06:51:20.000Z,2014-12-18T06:56:16.000Z,G0002,False,,False
1102921000,Sun,2014-12-18T06:56:24.000Z,2014-12-18T07:01:20.000Z,G0002,False,,False
1102986584,CORR_MODE_40_0.5,2014-12-19T01:09:28.000Z,2014-12-19T01:09:44.000Z,G0002,False,,False
1102986608,CenA,2014-12-19T01:09:52.000Z,2014-12-19T01:11:44.000Z,G0002,True,CenA,False
1102986728,Sun,2014-12-19T01:11:52.000Z,2014-12-19T01:16:48.000Z,G0002,False,,False
1102987032,Sun,2014-12-19T01:16:56.000Z,2014-12-19T01:21:52.000Z,G0002,False,,False
1102987328,Sun,2014-12-19T01:21:52.000Z,2014-12-19T01:26:48.000Z,G0002,False,,False
1102987632,Sun,2014-12-19T01:26:56.000Z,2014-12-19T01:31:52.000Z,G0002,False,,False
1102987928,Sun,2014-12-19T01:31:52.000Z,2014-12-19T01:36:48.000Z,G0002,False,,False
1102988232,Sun,2014-12-19T01:36:56.000Z,2014-12-19T01:41:52.000Z,G0002,False,,False
1102988528,Sun,2014-12-19T01:41:52.000Z,2014-12-19T01:46:48.000Z,G0002,False,,False
1102988832,Sun,2014-12-19T01:46:56.000Z,2014-12-19T01:51:52.000Z,G0002,False,,False
1102989128,Sun,2014-12-19T01:51:52.000Z,2014-12-19T01:56:48.000Z,G0002,False,,False
1102989432,Sun,2014-12-19T01:56:56.000Z,2014-12-19T02:01:52.000Z,G0002,False,,False
1102993328,Sun,2014-12-19T03:01:52.000Z,2014-12-19T03:06:48.000Z,G0002,False,,False
1102993632,Sun,2014-12-19T03:06:56.000Z,2014-12-19T03:11:52.000Z,G0002,False,,False
1102993928,Sun,2014-12-19T03:11:52.000Z,2014-12-19T03:16:48.000Z,G0002,False,,False
1102994232,Sun,2014-12-19T03:16:56.000Z,2014-12-19T03:21:52.000Z,G0002,False,,False
1102994528,Sun,2014-12-19T03:21:52.000Z,2014-12-19T03:26:48.000Z,G0002,False,,False
1102994832,Sun,2014-12-19T03:26:56.000Z,2014-12-19T03:31:52.000Z,G0002,False,,False
1102995128,Sun,2014-12-19T03:31:52.000Z,2014-12-19T03:36:48.000Z,G0002,False,,False
1102995432,Sun,2014-12-19T03:36:56.000Z,2014-12-19T03:41:52.000Z,G0002,False,,False
1102995728,Sun,2014-12-19T03:41:52.000Z,2014-12-19T03:46:48.000Z,G0002,False,,False
1102996032,Sun,2014-12-19T03:46:56.000Z,2014-12-19T03:51:52.000Z,G0002,False,,False
1102996328,Sun,2014-12-19T03:51:52.000Z,2014-12-19T03:56:48.000Z,G0002,False,,False
1102996632,Sun,2014-12-19T03:56:56.000Z,2014-12-19T04:01:52.000Z,G0002,False,,False
1103004128,Sun,2014-12-19T06:01:52.000Z,2014-12-19T06:06:48.000Z,G0002,False,,False
1103004432,Sun,2014-12-19T06:06:56.000Z,2014-12-19T06:11:52.000Z,G0002,False,,False
1103004728,Sun,2014-12-19T06:11:52.000Z,2014-12-19T06:16:48.000Z,G0002,False,,False
1103005032,Sun,2014-12-19T06:16:56.000Z,2014-12-19T06:21:52.000Z,G0002,False,,False
1103005328,Sun,2014-12-19T06:21:52.000Z,2014-12-19T06:26:48.000Z,G0002,False,,False
1103005632,Sun,2014-12-19T06:26:56.000Z,2014-12-19T06:31:52.000Z,G0002,False,,False
1103005928,Sun,2014-12-19T06:31:52.000Z,2014-12-19T06:36:48.000Z,G0002,False,,False
1103006232,Sun,2014-12-19T06:36:56.000Z,2014-12-19T06:41:52.000Z,G0002,False,,False
1103006528,Sun,2014-12-19T06:41:52.000Z,2014-12-19T06:46:48.000Z,G0002,False,,False
1103006832,Sun,2014-12-19T06:46:56.000Z,2014-12-19T06:51:52.000Z,G0002,False,,False
1103007128,Sun,2014-12-19T06:51:52.000Z,2014-12-19T06:56:48.000Z,G0002,False,,False
1103007432,Sun,2014-12-19T06:56:56.000Z,2014-12-19T07:01:52.000Z,G0002,False,,False
1103073016,CORR_MODE_40_0.5,2014-12-20T01:10:00.000Z,2014-12-20T01:10:16.000Z,G0002,False,,False
1103073040,CenA,2014-12-20T01:10:24.000Z,2014-12-20T01:12:16.000Z,G0002,True,CenA,False
1103073160,Sun,2014-12-20T01:12:24.000Z,2014-12-20T01:17:20.000Z,G0002,False,,False
1103073456,Sun,2014-12-20T01:17:20.000Z,2014-12-20T01:22:16.000Z,G0002,False,,False
1103073760,Sun,2014-12-20T01:22:24.000Z,2014-12-20T01:27:20.000Z,G0002,False,,False
1103074056,Sun,2014-12-20T01:27:20.000Z,2014-12-20T01:32:16.000Z,G0002,False,,False
1103074360,Sun,2014-12-20T01:32:24.000Z,2014-12-20T01:37:20.000Z,G0002,False,,False
1103074656,Sun,2014-12-20T01:37:20.000Z,2014-12-20T01:42:16.000Z,G0002,False,,False
1103074960,Sun,2014-12-20T01:42:24.000Z,2014-12-20T01:47:20.000Z,G0002,False,,False
1103075256,Sun,2014-12-20T01:47:20.000Z,2014-12-20T01:52:16.000Z,G0002,False,,False
1103075560,Sun,2014-12-20T01:52:24.000Z,2014-12-20T01:57:20.000Z,G0002,False,,False
1103075856,Sun,2014-12-20T01:57:20.000Z,2014-12-20T02:02:16.000Z,G0002,False,,False
1103079760,Sun,2014-12-20T03:02:24.000Z,2014-12-20T03:07:20.000Z,G0002,False,,False
1103080056,Sun,2014-12-20T03:07:20.000Z,2014-12-20T03:12:16.000Z,G0002,False,,False
1103080360,Sun,2014-12-20T03:12:24.000Z,2014-12-20T03:17:20.000Z,G0002,False,,False
1103080656,Sun,2014-12-20T03:17:20.000Z,2014-12-20T03:22:16.000Z,G0002,False,,False
1103080960,Sun,2014-12-20T03:22:24.000Z,2014-12-20T03:27:20.000Z,G0002,False,,False
1103081256,Sun,2014-12-20T03:27:20.000Z,2014-12-20T03:32:16.000Z,G0002,False,,False
1103081560,Sun,2014-12-20T03:32:24.000Z,2014-12-20T03:37:20.000Z,G0002,False,,False
1103081856,Sun,2014-12-20T03:37:20.000Z,2014-12-20T03:42:16.000Z,G0002,False,,False
1103082160,Sun,2014-12-20T03:42:24.000Z,2014-12-20T03:47:20.000Z,G0002,False,,False
1103082456,Sun,2014-12-20T03:47:20.000Z,2014-12-20T03:52:16.000Z,G0002,False,,False
1103082760,Sun,2014-12-20T03:52:24.000Z,2014-12-20T03:57:20.000Z,G0002,False,,False
1103083056,Sun,2014-12-20T03:57:20.000Z,2014-12-20T04:02:16.000Z,G0002,False,,False
1103090560,Sun,2014-12-20T06:02:24.000Z,2014-12-20T06:07:20.000Z,G0002,False,,False
1103090856,Sun,2014-12-20T06:07:20.000Z,2014-12-20T06:12:16.000Z,G0002,False,,False
1103091160,Sun,2014-12-20T06:12:24.000Z,2014-12-20T06:17:20.000Z,G0002,False,,False
1103091456,Sun,2014-12-20T06:17:20.000Z,2014-12-20T06:22:16.000Z,G0002,False,,False
1103091760,Sun,2014-12-20T06:22:24.000Z,2014-12-20T06:27:20.000Z,G0002,False,,False
1103092056,Sun,2014-12-20T06:27:20.000Z,2014-12-20T06:32:16.000Z,G0002,False,,False
1103092360,Sun,2014-12-20T06:32:24.000Z,2014-12-20T06:37:20.000Z,G0002,False,,False
1103092656,Sun,2014-12-20T06:37:20.000Z,2014-12-20T06:42:16.000Z,G0002,False,,False
1103092960,Sun,2014-12-20T06:42:24.000Z,2014-12-20T06:47:20.000Z,G0002,False,,False
1103093256,Sun,2014-12-20T06:47:20.000Z,2014-12-20T06:52:16.000Z,G0002,False,,False
1103093560,Sun,2014-12-20T06:52:24.000Z,2014-12-20T06:57:20.000Z,G0002,False,,False
1103093856,Sun,2014-12-20T06:57:20.000Z,2014-12-20T07:02:16.000Z,G0002,False,,False
